-- phpMyAdmin SQL Dump
-- version 4.8.0.1
-- https://www.phpmyadmin.net/
--
-- Host: 127.0.0.1
-- Generation Time: Jun 18, 2018 at 08:46 PM
-- Server version: 10.1.32-MariaDB
-- PHP Version: 7.2.5

SET SQL_MODE = "NO_AUTO_VALUE_ON_ZERO";
SET AUTOCOMMIT = 0;
START TRANSACTION;
SET time_zone = "+00:00";


/*!40101 SET @OLD_CHARACTER_SET_CLIENT=@@CHARACTER_SET_CLIENT */;
/*!40101 SET @OLD_CHARACTER_SET_RESULTS=@@CHARACTER_SET_RESULTS */;
/*!40101 SET @OLD_COLLATION_CONNECTION=@@COLLATION_CONNECTION */;
/*!40101 SET NAMES utf8mb4 */;

--
-- Database: `xpress_health`
--
CREATE DATABASE IF NOT EXISTS `xpress_health` DEFAULT CHARACTER SET utf8mb4 COLLATE utf8mb4_unicode_ci;
USE `xpress_health`;

-- --------------------------------------------------------

--
-- Table structure for table `account_types`
--

CREATE TABLE `account_types` (
  `acc_type_id` int(11) UNSIGNED NOT NULL,
  `acc_type_description` varchar(255) NOT NULL
) ENGINE=InnoDB DEFAULT CHARSET=utf8mb4;

--
-- Truncate table before insert `account_types`
--

TRUNCATE TABLE `account_types`;
--
-- Dumping data for table `account_types`
--

INSERT INTO `account_types` (`acc_type_id`, `acc_type_description`) VALUES
(1, 'Cheque');

-- --------------------------------------------------------

--
-- Table structure for table `banks`
--

CREATE TABLE `banks` (
  `bank_id` int(11) UNSIGNED NOT NULL,
  `bank_name` varchar(255) NOT NULL
) ENGINE=InnoDB DEFAULT CHARSET=utf8mb4;

--
-- Truncate table before insert `banks`
--

TRUNCATE TABLE `banks`;
--
-- Dumping data for table `banks`
--

INSERT INTO `banks` (`bank_id`, `bank_name`) VALUES
(1, 'Standard Bank'),
(2, 'Capitec'),
(3, 'ABSA');

-- --------------------------------------------------------

--
-- Table structure for table `clients`
--

CREATE TABLE `clients` (
  `client_id` varchar(13) NOT NULL,
  `client_name` varchar(255) NOT NULL,
  `client_surname` varchar(255) NOT NULL,
  `client_address` varchar(255) NOT NULL,
  `client_postalcode` varchar(4) NOT NULL,
  `client_tel_home` varchar(20) NOT NULL,
  `client_tel_work` varchar(20) NOT NULL,
  `client_tel_cell` varchar(20) NOT NULL,
  `client_email` varchar(50) NOT NULL,
  `ref_id` int(11) UNSIGNED DEFAULT NULL
) ENGINE=InnoDB DEFAULT CHARSET=utf8mb4;

--
-- Truncate table before insert `clients`
--

TRUNCATE TABLE `clients`;
--
-- Dumping data for table `clients`
--

INSERT INTO `clients` (`client_id`, `client_name`, `client_surname`, `client_address`, `client_postalcode`, `client_tel_home`, `client_tel_work`, `client_tel_cell`, `client_email`, `ref_id`) VALUES
('1003250239088', 'Brian ', 'Kekana', '116 Selbourne Avenue Parow', '7500', '(047)-(773)-(5345)', '(080)-(450)-(8061)', '(087)-(708)-(7445)', 'Brian @rbiworld.co.za', 2),
('1003280163086', 'Philani ', 'Khan', '802 Dalbergia 159 Justice Mohammed Avenue Sunnyside', '0002', '(015)-(763)-(0318)', '(093)-(327)-(2627)', '(034)-(252)-(7734)', '', NULL),
('1004050642083', 'Linda', 'Makapela', '', '', '(095)-(226)-(0905)', '(010)-(354)-(9589)', '(051)-(680)-(6529)', '', 2),
('1005260157083', 'Nepo ', 'Mukwevho', '3983 Fairbridge Corner Daniel&Davidson Str Fairlands', '2195', '(077)-(606)-(2017)', '(056)-(107)-(5076)', '(082)-(971)-(3584)', 'Nepo @mweb.co.za', 1),
('1007230144085', 'Mduduzi ', 'Mugeri', 'Flat112 Capito Hill 395 Justice Muhammed Avenue Muckleneuk', '0002', '(090)-(634)-(2145)', '(068)-(892)-(4609)', '(026)-(167)-(2681)', 'Mduduzi @icon.co.za', NULL),
('1010190221088', 'Sinqobile', 'Moloisane', '06 BAILEYBRIDGE UNIT 9 STONEBRIDGE PHOENIX', '', '(047)-(847)-(9730)', '(037)-(824)-(2370)', '(085)-(298)-(0219)', 'Sinqobile@telkomsa.net', 2),
('1011060902084', 'Balungile ', 'Klassen', '3222 Taylor Park Zamdela', '1999', '(045)-(596)-(0647)', '(017)-(644)-(9722)', '(035)-(727)-(6040)', 'Balungile @erazyweb.co.za', 1),
('1011160807087', 'Donavan ', 'Mthunywa', '92 Boundary Road Rouxville', '2192', '(083)-(359)-(3854)', '(036)-(803)-(3184)', '(079)-(654)-(2586)', 'Donavan @mjvn.co.za', 2),
('1012070281082', 'Phakamani ', 'Gamede', '22 Iris Avenue Reigerpark', '1959', '(082)-(238)-(3065)', '(062)-(187)-(6668)', '(080)-(192)-(4779)', '', 2),
('1104280343081', 'Mark ', 'Sifunda', '139392 Absolom Crescent Mankurwane', '8395', '(039)-(837)-(7998)', '(091)-(319)-(5376)', '(064)-(129)-(4237)', '', 1),
('1105280586088', 'Petrus ', 'Sithole', '398 Glenton Ave Clayville East', '1666', '(066)-(539)-(4574)', '(040)-(594)-(2354)', '(031)-(597)-(8845)', 'Petrus @sappi.com', 2),
('1107230618084', 'Timothy ', 'Mugagadeli', 'P O Box 169939 Lyttelton', '190', '(039)-(432)-(0974)', '(011)-(688)-(0786)', '(071)-(299)-(4911)', 'Timothy @gmail.com', 1),
('1203280171086', 'Lionel ', 'Myeki', 'P O Box 95999 Waterkloof', '195', '(042)-(863)-(2113)', '(012)-(914)-(8270)', '(029)-(358)-(0686)', '', 2),
('1204030632082', 'Sonica', 'Ebrahim', 'Kingsgate Primary School P O Box 169 Mafeteng 900 Lesotho', '0000', '(026)-(471)-(1491)', '(047)-(465)-(4475)', '(073)-(113)-(6410)', 'Sonica@africanrand.co.za', 2),
('1205040963082', 'Adam', 'Mugadi', '695 Francis Baard Avenue 506 Vicadia Flat Arcadia', '0083', '(031)-(991)-(7619)', '(076)-(395)-(9931)', '(042)-(864)-(4021)', '', NULL),
('1302080439088', 'Mzukisi', 'Letsie', '36 Olivers Court Cnr Hyperion & Pritchard Str North Riding Ext 1', '2169', '(038)-(597)-(2077)', '(057)-(306)-(9319)', '(086)-(858)-(7936)', '', NULL),
('1307090536085', 'Matome ', 'Khomola', 'P O Box 3993 Vongani', '0930', '(033)-(373)-(9047)', '(016)-(694)-(1286)', '(047)-(840)-(6135)', 'Matome @wandragconsulting.co.za', 2),
('1308190287088', 'Josaya ', 'Chabvonga', 'P O Box 60918 Karenpark', '0118', '(079)-(644)-(8637)', '(082)-(574)-(5772)', '(083)-(303)-(0923)', 'Josaya @liberty.co.za', 1),
('1311040718081', 'Gomotsegang ', 'Lee', '393 Binneman Avenue Oakdale Western Cape Oakdale Est', '7530', '(049)-(532)-(6344)', '(080)-(607)-(9009)', '(039)-(178)-(9996)', '', NULL),
('1311240354085', 'Donald', 'Sethole', '3990 Stellenberg Rd N0 99 Peters Place Equestria', '189', '(087)-(798)-(0943)', '(049)-(732)-(7824)', '(093)-(670)-(0881)', 'Donald@vodacom.co.a', 2),
('1401030341085', 'Adriaan', 'Letsie', 'Postnet Suite 398 Private Bag X09 Menlo Park', '782', '(055)-(593)-(5113)', '(090)-(790)-(1455)', '(028)-(508)-(1461)', '', NULL),
('1412130177086', 'Sumitra', 'Rehman', 'P O Box 9168 Verwoerdpark', '1953', '(042)-(260)-(3086)', '(097)-(804)-(8377)', '(039)-(833)-(5940)', 'Sumitra@parktowngirls.co.za', 2),
('1501200671081', 'Leon', 'Maphoto', '3983 Taronga Road Lansdowne', '7780', '(039)-(589)-(8313)', '(075)-(299)-(8952)', '(026)-(120)-(7054)', '', NULL),
('1503200793088', 'Promise ', 'Van Wyk', '', '', '(079)-(806)-(0010)', '(027)-(734)-(9270)', '(040)-(932)-(6418)', '', NULL),
('1504280313088', 'Thato ', 'Robertson', '2090 Tswelopele Ext08 Tembisa', '1632', '(067)-(429)-(8627)', '(050)-(867)-(1729)', '(073)-(988)-(0747)', '', 2),
('151021036088', 'Shaun ', 'Lesch', '21 Martinson Rd, Twee Pieke Unit 83 Mostertsdrift', '7600', '(028)-(699)-(2379)', '(071)-(870)-(0610)', '(033)-(657)-(6105)', '', 1),
('1512140600088', 'Tlou', 'Chibase', 'P O Box 1639 Ngqubusini', '5170', '(046)-(763)-(2689)', '(089)-(690)-(5609)', '(029)-(745)-(5153)', 'Tlou@aforbes.co.za', 2),
('1512170591085', 'Muteba ', 'Khobane', 'P O Box 639 Gans Bay', '7220', '(085)-(232)-(4944)', '(033)-(351)-(5265)', '(061)-(264)-(1633)', 'Muteba @lantic.net', 2),
('1603220911086', 'Ricardo ', 'Makhonza', '39592 Tswelopele Avenue Rietvlei Ext 1', '1739', '(054)-(938)-(6348)', '(083)-(555)-(9756)', '(087)-(326)-(7227)', 'Ricardo @gmail.com', 2),
('1604070370087', 'Abiot ', 'Dlamini', '398 Mopanie Avenue Florapark', '0699', '(045)-(468)-(3722)', '(068)-(449)-(6873)', '(076)-(873)-(0413)', 'Abiot @mweb.co.za', 2),
('1608130591087', 'Mahlatse ', 'Campbell', '33 Aldergate Mount Edgecombe', '9302', '(064)-(270)-(7408)', '(095)-(462)-(3055)', '(032)-(766)-(9796)', '', NULL),
('1704180177085', 'Leeto ', 'Legane', 'P O Box 956 Grahamstown', '6190', '(079)-(991)-(3083)', '(090)-(316)-(1396)', '(095)-(722)-(9998)', 'Leeto @hotmail.co.za', 2),
('1705180376087', 'Kaveshan', 'Mokonyane', 'P O Box 332 Jane Furse Hospital', '7885', '(082)-(717)-(3101)', '(090)-(545)-(8738)', '(016)-(820)-(2338)', 'Kaveshan@mweb.co.za', 2),
('1709240402082', 'Louis ', 'Van Der Westhuizen', 'P O Box 92200 Boordfontein', '0201', '(034)-(406)-(2034)', '(022)-(493)-(6494)', '(028)-(775)-(3157)', 'Louis @hotmail.com', 2),
('1709280678088', 'Stephan ', 'Nyalungu', '91 Juta Avenue Braamfontein', '2001', '(084)-(628)-(5658)', '(062)-(332)-(6416)', '(018)-(592)-(7076)', 'Stephan @gmail.com', 2),
('1803090222085', 'Tshepo ', 'Makhuvele', 'P O Box 9891 Polokwane', '0700', '(042)-(858)-(6305)', '(068)-(611)-(4953)', '(081)-(622)-(7192)', 'Tshepo @gmail.com', 2),
('1804030915086', 'Saegan', 'Hicks', 'P O Box 699 Velddrif', '7365', '(045)-(818)-(7526)', '(087)-(674)-(6107)', '(092)-(670)-(4100)', 'Saegan@pps.co.za', 2),
('1805020907085', 'Leeto ', 'Duiker', '1916 Tanong Ext5 Tembisa', '1632', '(078)-(737)-(1431)', '(096)-(254)-(4003)', '(016)-(174)-(7061)', '', 2),
('1807070505082', 'Livhuwani ', 'Ndlovu', 'PO Bos 7269\r\nKRUGERSDORP NORTH\r\n1741', '', '(040)-(626)-(9728)', '(015)-(171)-(0512)', '(052)-(358)-(3972)', 'Livhuwani @gmail.com', NULL),
('1810160413088', 'Nelisiwe', 'Mpofu', 'P O Box 19293 Laudium', '0037', '(010)-(118)-(9211)', '(059)-(273)-(5474)', '(068)-(442)-(8679)', 'Nelisiwe@standardbank.co.za', 2),
('1902060828085', 'Xolile', 'Gungudoo', 'P O Box 32896 Braamfontein', '2017', '(069)-(374)-(2180)', '(069)-(683)-(4871)', '(031)-(526)-(1444)', 'Xolile@anchor.co.za', 2),
('1906040694086', 'Ngwagu ', 'Khoza', '21 Thatchfield Hights Thatchfield Close Brakfontein Road Centurion', '0157', '(096)-(936)-(6354)', '(070)-(718)-(2066)', '(089)-(146)-(9790)', '', 2),
('1908150375082', 'Cliff', 'Bomela', 'Wonderpark Estate Unit 1369 90 First Avenue Karenpark', '0182', '(074)-(449)-(1722)', '(029)-(565)-(6703)', '(046)-(976)-(2408)', 'Cliff@live.co.za', 2),
('2005130271081', 'Navisha', 'Nyamupangedengu', '2939/59 Umfuyaneni Umfuyaneni Section', '1632', '(047)-(922)-(7532)', '(055)-(233)-(1573)', '(091)-(964)-(6830)', '', 2),
('2007100717086', 'Warren ', 'Piroe', '2128 Nu11 Mdantsane', '5219', '(057)-(406)-(2092)', '(012)-(519)-(8360)', '(081)-(853)-(0164)', '', 2),
('2008190919082', 'Shaun ', 'Maarman', 'Private Bag X1 Simon\'S Town', '7995', '(013)-(667)-(4505)', '(034)-(674)-(9222)', '(029)-(678)-(7921)', '', 2),
('2009210740082', 'Mari', 'Maredi', 'E6 Wilgerpark Stellenberg Road Oak Glen', '7530', '(045)-(103)-(4645)', '(099)-(891)-(3383)', '(097)-(777)-(6343)', 'Mari@vodamail.co.za', 2),
('2011240231088', 'Nhloso ', 'Schoeman', '553992 Nomzamo Avenue Phahameng Bloemfontein', '9301', '(014)-(388)-(2222)', '(097)-(361)-(7012)', '(094)-(473)-(4225)', 'Nhloso @work.co.za', 5),
('2012190284086', 'Kagiso', 'Ntuli', '219 Du Toit Avenue 209 Orpheum Mansions Pretoria', '0002', '(083)-(110)-(7144)', '(091)-(274)-(9119)', '(044)-(354)-(5287)', 'Kagiso@lantic.net', 2),
('2012200849081', 'Onele', 'Veeragaloo', 'F 395 Ntombela Road Kwamashu', '9359', '(013)-(304)-(1410)', '(047)-(157)-(4958)', '(034)-(157)-(0274)', 'Onele@afrihost.co.za', 1),
('2102130913085', 'Heinrich', 'Dlamini', 'P O Box 2993 Montana Park', '0159', '(044)-(698)-(4141)', '(083)-(433)-(8338)', '(060)-(857)-(4045)', 'Heinrich@wol.co.za', 2),
('2104030218083', 'Grace', 'Mudau', 'P O Box 5060 Batlharo', '8976', '(045)-(324)-(0994)', '(034)-(251)-(6709)', '(013)-(463)-(7629)', 'Grace@gmail.com', 2),
('2109050549084', 'Matete', 'Magodielo', '29 Regina Road Northdale', '3201', '(018)-(226)-(0355)', '(088)-(176)-(6830)', '(095)-(111)-(3227)', '', 2),
('2109180750085', 'Chaguwa ', 'Matlala', '98 Grosvenor Burberry Office Park Amadeus Place Bryanston', '2191', '(046)-(555)-(0179)', '(042)-(281)-(4579)', '(086)-(775)-(9455)', '', NULL),
('2111130577081', 'Seturumane ', 'Dharamraj', 'P O Box 626 St Helenabaai', '7390', '(068)-(229)-(8911)', '(077)-(369)-(0677)', '(059)-(887)-(6249)', 'Seturumane @yahoo.com', 2),
('2201120350085', 'Wilhelm', 'Seanego', 'Unit 35 San Monroe 26 Logan Avenue Highveld Ext 8', '0157', '(023)-(968)-(4596)', '(066)-(985)-(5282)', '(039)-(170)-(4278)', 'Wilhelm@yahoo.com', 2),
('2202040449087', 'Sheldon ', 'Matlakeng', '5 Ntsu Avenue Saulsville', '0125', '(095)-(929)-(6409)', '(052)-(951)-(8041)', '(016)-(918)-(8075)', 'Sheldon @absamail.co.za', 2),
('2205140565082', 'Echelle ', 'Koeberg', 'P O Box 239250 Sunnyside', '0132', '(089)-(550)-(1302)', '(034)-(444)-(6256)', '(047)-(717)-(2614)', 'Echelle @gmail.com', 2),
('2207010632083', 'Nyakallo', 'Kupke', '9393/138 Sophiatown Difateng', '1632', '(069)-(890)-(2589)', '(014)-(793)-(1379)', '(076)-(660)-(5008)', 'Nyakallo@telkomsa.net', 2),
('2210130900088', 'Dion', 'Mabanga', '99398 Illovo Township Amanzimtoti', '9126', '(056)-(682)-(7433)', '(094)-(748)-(1506)', '(091)-(561)-(6328)', 'Dion@artizans.co.za', 2),
('2303030988083', 'Fortunate', 'Ndzulu', 'P O Box 21822 Helderkruin', '1733', '(098)-(411)-(7536)', '(044)-(650)-(7520)', '(087)-(185)-(6226)', 'Fortunate@mweb.co.za', 1),
('2309220589087', 'Sylvester ', 'Xhakaza', 'P O Box 90195 Cleveland', '2022', '(074)-(666)-(7434)', '(064)-(290)-(1537)', '(024)-(131)-(2549)', 'Sylvester @yahoo.com', 3),
('2411070180081', 'Wilhelm', 'Mokansi', '25 Owl Avenue 6Th Floor Johannesburg', '2001', '(069)-(998)-(1771)', '(049)-(265)-(0519)', '(079)-(198)-(6828)', '', 2),
('2511130529083', 'Tshilidzi', 'Metcalf', '1359 Mahlangu Stand Winterveldt', '0198', '(091)-(822)-(4741)', '(030)-(891)-(2945)', '(040)-(576)-(1210)', 'Tshilidzi@anglocoal.co.za', 1),
('2605130248088', 'Letsoni ', 'Baepane', '18 Mngadi Str Atteridgeville', '0008', '(078)-(529)-(2729)', '(084)-(569)-(0643)', '(081)-(584)-(8655)', '', NULL),
('2605150205088', 'Busisiwe', 'Du Plessis', '1 Kliprivier Avenue Secunda Secunda', '2302', '(066)-(762)-(2975)', '(086)-(193)-(7436)', '(058)-(901)-(5043)', '', 1),
('2608180553088', 'Vuyokazi ', 'Nanub', '19 Pamaphosa Avenue Payneville', '1565', '(041)-(484)-(8269)', '(045)-(918)-(9059)', '(082)-(367)-(9809)', '', 1),
('2611180135088', 'Moeketsi ', 'Noko', '1891 Kriel', '2271', '(094)-(515)-(4612)', '(080)-(884)-(9304)', '(091)-(535)-(6362)', '', 3),
('2612230397082', 'Mbheki ', 'Ekanayake', '39165 Ext 398 Diepsloot', '2189', '(082)-(456)-(6558)', '(078)-(858)-(5438)', '(094)-(917)-(3773)', 'Mbheki @transnet.co.za', 4),
('2702250305088', 'Shaun ', 'Kafile', 'P O Box 9961 Protea Glen Ext 12', '1819', '(028)-(487)-(6443)', '(099)-(760)-(0121)', '(031)-(971)-(9512)', 'Shaun @yahoo.com', NULL),
('2703080994088', 'Berry ', 'Mutamba', '21 Fourie Cresant Kibler Park', '2091', '(088)-(260)-(8598)', '(017)-(648)-(4808)', '(079)-(817)-(9844)', '', 2),
('2704170868088', 'Shelley-Anne ', 'Madia', '51 Pearce Avenue Clayville Ext 9', '1666', '(074)-(148)-(7156)', '(087)-(414)-(0779)', '(012)-(919)-(2724)', '', 2),
('2706070629087', 'Victor ', 'Mgidi', '28 Paling Drive\r\nMeerensee\r\nRichardsbaai\r\n3901', '', '(054)-(385)-(7798)', '(018)-(224)-(2553)', '(097)-(121)-(5412)', '', NULL),
('2707050803087', 'Marc ', 'Baloyi', 'P O Box 199339 Middelburg', '7850', '(047)-(916)-(0130)', '(076)-(570)-(4161)', '(088)-(221)-(7304)', '', 2),
('2707140905083', 'Nokukhanya', 'Ndou', '3986 Die Hoewes Towers 20 Gropius Road Die Hoewes', '0157', '(084)-(570)-(3890)', '(052)-(485)-(2084)', '(084)-(700)-(9028)', 'Nokukhanya@acenet.co.za', 2),
('2709110853083', 'Ndivhuwo ', 'Oliver', '16239 Block Hh Soshanguve', '0152', '(043)-(452)-(8545)', '(072)-(720)-(8195)', '(078)-(178)-(8394)', 'Ndivhuwo @actionford.co.za', 1),
('2709210905082', 'Kagiso', 'Robinson', 'Santam Head Office 1 Sportica Cresent Tyger Valley', '7530', '(068)-(469)-(9297)', '(066)-(375)-(7645)', '(071)-(749)-(6368)', 'Kagiso@costoutterz.co.za', 2),
('2711130236088', 'Sango', 'Brown', '8 Klopper Avenue Libradene', '1959', '(054)-(537)-(0684)', '(071)-(819)-(0681)', '(020)-(836)-(2141)', 'Sango@gmail.com', 2),
('2712250489081', 'Ruduwhan ', 'Mokwebo', '5 Hortense Laan\r\nFlorida-Glen', '', '(042)-(254)-(6694)', '(063)-(139)-(3871)', '(034)-(319)-(9514)', 'Ruduwhan @telkomsa.net', 2),
('2802230303081', 'Lance ', 'Mulaudzi', 'P O Box 16355 Nelspruit', '1200', '(049)-(466)-(3934)', '(050)-(479)-(7057)', '(090)-(721)-(8754)', 'Lance @sa-tec.co.za / mboshoff141@gmail.com', NULL),
('2802270531083', 'Nonjabulo', 'Mafogo', '11 GALLINULE STREET ROOIHUISKRAAL', '', '(068)-(535)-(6596)', '(088)-(942)-(5179)', '(062)-(571)-(6982)', '', 2),
('2804070757085', 'Edwin', 'Chilinda', '33961 Meadowlands Zone 398', '1852', '(040)-(139)-(2394)', '(082)-(568)-(0086)', '(057)-(658)-(7492)', '', 1),
('2804220399085', 'Tsholofelo ', 'Benjamin', 'P O Box 22539 Letlhabile', '269', '(069)-(642)-(6052)', '(024)-(785)-(8235)', '(098)-(916)-(2699)', 'Tsholofelo @medallist.comau', 2),
('2805070756085', 'Benjamin', 'Mofokeng', 'P O Box 23989 Rustenburg', '0300', '(019)-(631)-(6781)', '(078)-(333)-(5176)', '(040)-(324)-(8409)', 'Benjamin@hotmail.com', 2),
('2807090965085', 'Michiel ', 'Mathabatha', '351 Mavimbela Section Katlehong', '1931', '(054)-(511)-(4156)', '(045)-(998)-(6940)', '(070)-(390)-(5312)', 'Michiel @GMAIL.COM', NULL),
('2808250506083', 'Nishandhran ', 'Shezi', '9 Fern Close 9996 Thornhill Estate Bendor Polokwane Thornhill Plaza', '0699', '(060)-(802)-(5793)', '(033)-(521)-(6539)', '(047)-(228)-(2683)', 'Nishandhran @standardbank.co.za', 2),
('2809260609084', 'Mmasaka ', 'Myeza', '13 Garrick Road University Estate Woodstock', '7925', '(057)-(441)-(7996)', '(079)-(590)-(7728)', '(051)-(628)-(9781)', 'Mmasaka @mweb.co.za', NULL),
('2809270394087', 'Simphiwe ', 'Jacobs', '26 Swartkops Avenue Extension 2 Eldorado Park', '1811', '(056)-(696)-(9341)', '(046)-(824)-(4917)', '(063)-(901)-(4440)', 'Simphiwe @nashuaisp.co.za', 1),
('2811170937087', 'Jan ', 'Robinson', '395 Erica Avenue Boksburg', '1959', '(036)-(230)-(3090)', '(065)-(740)-(1390)', '(089)-(275)-(3191)', '', 2),
('2811240555087', 'Rene', 'Makhonza', '', '', '(018)-(691)-(6329)', '(093)-(745)-(6785)', '(098)-(359)-(9033)', 'Rene@gmail.com', 2),
('2902030264083', 'Trevor ', 'Ganga-Scott', '3 Denise Road, Unit 16 Sandton', '2196', '(026)-(738)-(3010)', '(066)-(653)-(3994)', '(028)-(372)-(8183)', '', 2),
('2905080185087', 'Shivesh', 'Mathebula', 'P O Box 1320 Pietermaritzburg', '3200', '(071)-(945)-(7843)', '(091)-(810)-(1781)', '(019)-(517)-(7409)', 'Shivesh@gmail.com', NULL),
('2906040747081', 'Johanna ', 'Muselli', '18398 Riet Avenue Barkly West', '8375', '(011)-(853)-(5976)', '(030)-(259)-(2683)', '(043)-(619)-(0387)', '', NULL),
('290611026087', 'Goratamang ', 'Owens', '5 Mosiliki Katlehong', '1931', '(034)-(452)-(4032)', '(045)-(984)-(6194)', '(046)-(536)-(3745)', 'Goratamang @telkomsa.net', 2),
('2907080814082', 'Tumelo ', 'Molepo', 'P O Box 16502 Lyttelton', '190', '(042)-(531)-(1149)', '(089)-(758)-(1415)', '(085)-(723)-(6298)', 'Tumelo @mannas.co.za', 2),
('2909270467081', 'Desmond', 'Louvouezo Banzouzi', '8 Jarvis Road Berea', '5291', '(063)-(659)-(5343)', '(072)-(927)-(3033)', '(010)-(405)-(4523)', '', 2),
('3001280724084', 'Nkani ', 'Mohlala', 'P O Box 2326 Ermelo', '2350', '(011)-(142)-(0649)', '(014)-(519)-(7920)', '(079)-(241)-(0467)', 'Nkani @telkomsa.net', 2),
('3004230801084', 'Shaun ', 'Geitner', 'Unit 52 35 Jules Avenue Jeppestown', '2099', '(016)-(274)-(7068)', '(078)-(840)-(6582)', '(050)-(869)-(3499)', 'Shaun @gmail.com', 2),
('3203230938086', 'Fulufhelo ', 'Zombene', 'Jean Avenue Lyttelton', '0157', '(075)-(221)-(8555)', '(017)-(979)-(1283)', '(070)-(956)-(6994)', 'Fulufhelo @mtn.co.za', 2),
('3205070928081', 'Mmadineo ', 'Tandwa', 'Andesstr.1361\r\nBergbron', '', '(058)-(380)-(5593)', '(034)-(754)-(4986)', '(062)-(113)-(2202)', '', 2),
('3205230915086', 'Ntombekaya', 'Mugadi', '3 Edmund Street\r\nConstantia Kloof\r\n1712', '', '(068)-(737)-(3325)', '(054)-(764)-(9500)', '(054)-(518)-(4549)', '', 2),
('3208130215083', 'Koena ', 'Viviers', '9 Besembos Amandasig', '0182', '(019)-(867)-(9883)', '(037)-(958)-(3816)', '(054)-(447)-(0733)', 'Koena @yahoo.com', 2),
('3211200919082', 'Loyald ', 'Nthani', 'No: 39862 Lakeside Proper Evaton', '1989', '(033)-(903)-(7765)', '(033)-(750)-(8047)', '(039)-(342)-(4198)', 'Loyald @tiscali.co.za', 2),
('3211280908087', 'Nonhlanhla ', 'Naidoo', '16 Eaglestraat\r\nHorison\r\n1724', '', '(061)-(578)-(7955)', '(026)-(237)-(9676)', '(093)-(882)-(2847)', '', 4),
('3212110757087', 'Navisha', 'Baloyi', 'Posbus 5024\r\nHorison\r\n1730', '', '(095)-(228)-(6921)', '(064)-(897)-(8331)', '(070)-(491)-(1699)', 'Navisha@exxess.co.za', 2),
('3305280817081', 'Mangope ', 'Engelbrecht', '8 Curlewis Road Bloubergrant', '7991', '(061)-(916)-(8185)', '(024)-(190)-(5802)', '(087)-(819)-(4351)', 'Mangope @telkomsa.net', NULL),
('3306170196085', 'Sinqobile', 'Dzegere', '3399 Block Dd Soshanguve', '0152', '(068)-(847)-(4612)', '(036)-(985)-(1832)', '(020)-(482)-(8106)', '', 2),
('3405190169081', 'Katlego ', 'Swanepoel', '5 The Hub Duchesses Avenue Windsor West', '2199', '(058)-(897)-(2417)', '(068)-(811)-(2093)', '(074)-(898)-(4001)', 'Katlego @hotmail.com', NULL),
('3406130687081', 'Duane ', 'Zaverdinos', '6 Diaz Avenue Eastleigh', '1609', '(061)-(721)-(0007)', '(081)-(239)-(7486)', '(035)-(225)-(2605)', '', 2),
('3406260688085', 'Sven ', 'Maswanganyi', 'P O Box 68032 Highveld', '0169', '(067)-(862)-(2614)', '(074)-(806)-(0792)', '(068)-(519)-(7630)', 'Sven @workmail.co.za', NULL),
('3410210326084', 'Seturumane ', 'Banza', '13 Philips Road Escombe', '9093', '(055)-(737)-(3275)', '(079)-(236)-(8345)', '(051)-(263)-(1955)', 'Seturumane @nfrs.co.za', NULL),
('3411260488085', 'Edwin ', 'Dzegere', 'Private Bag X01 Doornpoort', '0017', '(066)-(697)-(3800)', '(049)-(328)-(9463)', '(058)-(412)-(7931)', 'Edwin @gmail.com', 2),
('341216047088', 'Sandiso', 'Naidoo', '88 Towerbridge Gardens Stone Bridge', '9068', '(038)-(261)-(4393)', '(010)-(689)-(1524)', '(033)-(458)-(6428)', 'Sandiso@abrahamkriel.org', 2),
('34565454555', '', '', '', '', '', '', '', '', NULL),
('3502010805081', 'Nasreen', 'Lee', 'PO Box 331\r\nFlorida\r\n1710', '', '(099)-(597)-(8618)', '(066)-(496)-(1886)', '(054)-(499)-(3418)', '', 2),
('3503100678084', 'Jonathan', 'Phalane', 'F1902 Aintree Building 99 O\'Rielly & Tudhope Avenue Berea', '2198', '(096)-(576)-(3186)', '(068)-(610)-(4108)', '(078)-(858)-(4999)', '', NULL),
('3505100334081', 'Asanda', 'Motsinone', '391 Rail Avenue Florida', '1709', '(083)-(342)-(6518)', '(026)-(786)-(1758)', '(090)-(554)-(9607)', 'Asanda@absamail.co.za', 2),
('3508030550085', 'Sean', 'Cobokana', 'Posbus 6199 Secunda', '2302', '(028)-(582)-(4201)', '(063)-(273)-(8384)', '(062)-(194)-(0939)', 'Sean@nedbank.co.za', 2),
('3508130716085', 'Mark ', 'Mtshali', 'P O Box 3981218 Moreleta Plaza', '0167', '(095)-(485)-(8436)', '(020)-(648)-(1991)', '(062)-(375)-(3297)', 'Mark @wirsam.com  rattanya@hotmail.com', 2),
('3509040348083', 'Jaco', 'Ravhura', '23980 Cuba Location Butterworth', '9960', '(091)-(150)-(5446)', '(011)-(388)-(6501)', '(062)-(336)-(3531)', '', 2),
('3601280328086', 'Mishack ', 'Morudu', '81 Bird Avenue No: 39 Vier Eike Stellenbosch', '7600', '(033)-(466)-(2466)', '(079)-(767)-(3080)', '(084)-(753)-(4387)', 'Mishack @telkomsa.net', 1),
('3602250350086', 'Moyahabo ', 'Mbonani', '11 Gallinule Avenue Rooihuiskraal', '0157', '(084)-(780)-(3175)', '(030)-(900)-(6360)', '(026)-(724)-(4857)', 'Moyahabo @mweb.co.za', 2),
('3605040496081', 'Steven', 'Shariff', '9935 Mulaudzi Avenue Tshiawelo', '1818', '(056)-(941)-(1755)', '(052)-(518)-(5093)', '(014)-(965)-(1656)', 'Steven@reatile.co.za', 1),
('3605090332085', 'Portia ', 'Geitner', '51 Frangipani Chantelle Ext 16', '0182', '(085)-(337)-(5545)', '(073)-(276)-(7178)', '(020)-(353)-(0835)', '', NULL),
('3610150249083', 'Candice', 'Moetapele', 'P O Box 130055 Bryanston', '2021', '(032)-(186)-(2704)', '(075)-(697)-(2539)', '(081)-(125)-(0036)', 'Candice@telkomsa.net', 2),
('3708100193088', 'Piet', 'Mokgothu', 'P O Box 990 Mulbarton', '2059', '(036)-(464)-(6498)', '(071)-(428)-(2374)', '(098)-(527)-(9321)', 'Piet@edcon.co.za', 2),
('3801170828084', 'Jonathan ', 'Du Plessis', 'P O Box 2205 Upington', '8800', '(045)-(790)-(3472)', '(033)-(555)-(9087)', '(032)-(317)-(1111)', 'Jonathan @gmail.com', NULL),
('3809260231088', 'Morwamakgomo ', 'Lechelele', 'A2 Bel Eau Flats Victroia Seychelles', '0000', '(036)-(566)-(4119)', '(072)-(640)-(9737)', '(090)-(747)-(1877)', '', NULL),
('3810250735087', 'Berry ', 'Chilinda', 'Postnet Suite 69 Private Bag X06 Quagga', '0058', '(055)-(447)-(9618)', '(086)-(108)-(6871)', '(047)-(517)-(6398)', 'Berry @gmail.com', 2),
('3811210932081', 'Nontshumayelo ', 'Ntumba', 'Speldekussinglaan 16\r\nROODEKRANS', '', '(051)-(944)-(0681)', '(019)-(362)-(8555)', '(040)-(211)-(6070)', '', 2),
('3902120576083', 'Sameer', 'Murindagomo', 'P O Box 1291 Parklands', '2121', '(058)-(139)-(0040)', '(050)-(413)-(7292)', '(040)-(682)-(5987)', '', 1),
('3906160799085', 'Ntsakisi ', 'Ndou', '1158 MANCHESTER CRESCENT LENASIA SOUTH', '', '(059)-(347)-(6246)', '(060)-(581)-(5211)', '(037)-(963)-(7424)', 'Ntsakisi @gmail.com', 1),
('3906250668088', 'Nkhetheni ', 'Phosa', 'P O Box 921 Letaba', '0870', '(095)-(260)-(1710)', '(075)-(430)-(0922)', '(088)-(655)-(0479)', 'Nkhetheni @mystudysmart.com', 1),
('3909170450081', 'Johanna ', 'Jojo', 'P O Box 3999 Plettenberg Bay', '6600', '(041)-(724)-(3675)', '(082)-(563)-(0961)', '(085)-(773)-(3202)', 'Johanna @mac.com', 4),
('3911070339085', 'Tshepiso ', 'Ngwa', '323 Ethafeni Section Tembisa', '1632', '(051)-(342)-(1997)', '(075)-(284)-(3209)', '(069)-(938)-(1761)', 'Tshepiso @erazyweb.co.za', 3),
('3912200408082', 'Phaiphai ', 'Mputhi', 'P O Box 222 Philip Nel Park', '0029', '(056)-(742)-(2941)', '(073)-(943)-(8679)', '(077)-(202)-(9845)', 'Phaiphai @mweb.co.za', 2),
('4003100886084', 'George ', 'Mhatlhe', '1206 Kuskoraal Avenue Moregloed', '0186', '(090)-(901)-(7137)', '(071)-(557)-(1855)', '(074)-(336)-(2832)', '', 2),
('400422050085', 'Adriaan', 'Fourie', '208 Wattle Avenue Alveda Park Ext 2', '2091', '(090)-(749)-(3083)', '(094)-(931)-(1216)', '(084)-(115)-(6587)', '', 2),
('4004220578084', 'Matthew ', 'Booysen', '15 Magnolia Way Ridgeworth Bellville', '7530', '(039)-(370)-(8432)', '(033)-(143)-(3745)', '(037)-(166)-(5231)', '', 1),
('4005040289082', 'Thomas ', 'De Wet', 'No 2 Ironwood Sagewood X398 Noordwyk', '1687', '(012)-(981)-(2486)', '(063)-(494)-(7221)', '(019)-(182)-(8998)', 'Thomas @its.co.za', 2),
('4011110520082', 'Michael ', 'Samwell', 'P O Box 133398 N1 City', '7963', '(052)-(992)-(5950)', '(057)-(319)-(6896)', '(080)-(937)-(0706)', 'Michael @liblink.co.za', 2),
('4102140915085', 'Mmabogadi ', 'Magutshwa', '699 Abel Manana Avenue Mthambeka Section Tembisa', '1632', '(051)-(978)-(7394)', '(081)-(971)-(2079)', '(032)-(249)-(3833)', '', NULL),
('4103240120082', 'Livhuwani ', 'Pillay', '3239 Lebese Avenue Mmesi Park', '1863', '(035)-(541)-(3390)', '(055)-(290)-(6194)', '(042)-(329)-(6564)', 'Livhuwani @wirsam.com', 2),
('4104200140083', 'Thomas', 'Mtyobile', 'P O Box 2968 Rooihuiskraal', '159', '(083)-(640)-(1066)', '(020)-(750)-(8998)', '(087)-(795)-(9269)', 'Thomas@rebox.co.za', 1),
('4106120248084', 'Gaotingwe', 'Nkabinde', 'PO Box 561\r\nGlenvista\r\n2058', '', '(082)-(870)-(1925)', '(079)-(126)-(3644)', '(010)-(429)-(7466)', 'Gaotingwe@mtnloaded.co.za', 2),
('4110240825083', 'Devandren', 'Moshwela', '9395 Soshanguve Block Xx', '0152', '(074)-(102)-(2922)', '(062)-(200)-(5618)', '(040)-(115)-(8510)', '', 2),
('4111180106083', 'Johannes ', 'Sayed', 'P O Box 11199 Selcourt', '1567', '(092)-(742)-(8352)', '(091)-(167)-(8056)', '(031)-(343)-(2940)', '', NULL),
('4202160138084', 'Nomsa ', 'Van Eetveld', 'P O Box 2995 Bronkhorstspruit', '7820', '(017)-(684)-(0684)', '(048)-(375)-(8703)', '(089)-(984)-(0368)', 'Nomsa @webmail.co.za', 2),
('4204250189082', 'Byron ', 'Booysen', 'No 39 Crystal Gardens 1 Lichi Lane 93 Circle Street Wyebank', '3678', '(072)-(367)-(8364)', '(074)-(663)-(4773)', '(084)-(179)-(0812)', 'Byron @iafrica.com', 2),
('4207260415085', 'Matthew ', 'Mahlangu', 'P O Box 6659 Roggebaai', '8012', '(017)-(200)-(1709)', '(024)-(101)-(8093)', '(083)-(973)-(9729)', 'Matthew @mweb.co.za', NULL),
('4211180586086', 'Stacy ', 'Smith', 'P O Box 3063939 Braamfontein', '2017', '(049)-(406)-(9996)', '(079)-(869)-(4968)', '(085)-(739)-(9439)', 'Stacy @gmail.com', 1),
('4302130387083', 'Eunice ', 'Le Masson', '50239 Mocke Avenue Daveyton', '1520', '(033)-(677)-(7961)', '(022)-(428)-(5476)', '(070)-(156)-(8703)', 'Eunice @gmail.com', 2),
('4307190367081', 'Penelope', 'Dube', 'P O Box 259 Radium', '983', '(039)-(391)-(8991)', '(059)-(376)-(0655)', '(095)-(817)-(2290)', 'Penelope@gmail.com', 2),
('4308010928085', 'Brian ', 'Ratshefola', 'P O Box 591 Southern Paarl', '7629', '(018)-(387)-(1207)', '(093)-(856)-(9526)', '(093)-(347)-(1087)', 'Brian @smartcall.co.za', 2),
('4401230403085', 'Cecil ', 'Swanepoel', 'Unit 139 Devon Valley 3 Weltevredenpark', '1709', '(097)-(476)-(9632)', '(071)-(198)-(5937)', '(058)-(992)-(2711)', 'Cecil @yahoo.com', 2),
('4403190822084', 'Phindile ', 'Tong', 'P O Box 13992 Laudium', '0037', '(081)-(721)-(4307)', '(036)-(538)-(2454)', '(056)-(938)-(7569)', 'Phindile @unisa.ac.za', 4),
('4403240664081', 'George ', 'Zawistowski', 'P O Box 6099 Weltevredenpark', '1715', '(098)-(446)-(4395)', '(039)-(673)-(0391)', '(093)-(602)-(0892)', 'George @inkcom.co.za', 2),
('4410200801082', 'Nilukshi ', 'Shange', 'Africanarylaan 5\r\nBreaunanda', '', '(076)-(103)-(4531)', '(022)-(516)-(8914)', '(087)-(338)-(1603)', '', NULL),
('4504280921086', 'Rodger ', 'Bomela', '521 Inanda Glebe Inanda Glebe', '9309', '(051)-(596)-(1096)', '(037)-(128)-(7714)', '(068)-(632)-(8048)', '', NULL),
('4508260675083', 'Chris', 'Mohaleamalla', '983939 Nicholas Avenue Orlando East', '1809', '(077)-(463)-(7608)', '(045)-(328)-(2386)', '(056)-(578)-(7671)', '', 2),
('4509140295084', 'Leshata ', 'Nhalungo', '639 Springfield Str Bellville', '7530', '(070)-(325)-(5060)', '(027)-(438)-(2476)', '(013)-(869)-(8523)', 'Leshata @nedbank.co.za', 2),
('4509220879086', 'Vuyisile ', 'Ndou', '852 Hospital View Tembisa', '1632', '(092)-(570)-(8963)', '(048)-(889)-(0863)', '(085)-(248)-(5438)', 'Vuyisile @mbweb.co.za', 2),
('4510260369082', 'Nomvula ', 'Baulraj', 'P O Box 39 Kwambonambi', '3915', '(057)-(225)-(3056)', '(020)-(496)-(7366)', '(022)-(944)-(3343)', 'Nomvula @telkomsa.net', 2),
('4511070585086', 'Mcebisi ', 'Baloyi', '6008 Malmook Avenue Crystal Park', '1501', '(095)-(979)-(3460)', '(061)-(687)-(5206)', '(039)-(276)-(1991)', 'Mcebisi @absamail.co.za', 2),
('451201089085', 'Wisani ', 'Naidoo', 'P O Box 3939 Witrivier', '1290', '(025)-(686)-(9875)', '(017)-(701)-(5211)', '(036)-(720)-(4105)', 'Wisani @andrewmiller.co.za', 2),
('4512030696084', 'Marianna ', 'Ndzutha', 'P O Box 123939 The Tramshed', '0126', '(050)-(729)-(5090)', '(043)-(446)-(1989)', '(036)-(146)-(6188)', 'Marianna @global.co.za', NULL),
('4512220543086', 'Frans ', 'Mynhardt', '26539 Setso Avenue Nellmapius Ext 9', '0122', '(081)-(523)-(3053)', '(067)-(698)-(6859)', '(031)-(888)-(9240)', '', 1),
('4601060264085', 'Thato ', 'Mokoena', 'Postnet Suite 51 Private Bag X16392 Grahamstown', '6190', '(079)-(423)-(7645)', '(093)-(689)-(8711)', '(090)-(234)-(0285)', 'Thato @gmail.com', 1),
('4601060401083', 'Francois', 'Mathobela', 'PO Box 1109\r\nMondeor\r\n2110', '', '(098)-(850)-(1057)', '(036)-(784)-(1914)', '(056)-(758)-(6695)', 'Francois@dhfoods.co.za', 1),
('4603230789086', 'Nkgopoleng ', 'Maritz', '235 Veldman Avenue Eersterus', '0022', '(064)-(748)-(3955)', '(037)-(482)-(9390)', '(034)-(594)-(2225)', '', 2),
('4605100562088', 'Ndivhuwo ', 'Easton', 'P O Box 39399 Newton Park', '6055', '(012)-(746)-(9790)', '(095)-(424)-(3548)', '(010)-(202)-(4187)', 'Ndivhuwo @eskom.co.za', 1),
('4701240299087', 'Balungile ', 'Motsinone', '94 Florence Street\r\nNoordgesig\r\n1804', '', '(061)-(512)-(8780)', '(078)-(368)-(0656)', '(080)-(114)-(3244)', 'Balungile @computershare.co.za', NULL),
('4702060556086', 'Tshilidzi', 'Iliev', 'P O Box 633 Riebeek-Wes', '7306', '(062)-(427)-(3660)', '(059)-(980)-(5988)', '(052)-(325)-(1206)', 'Tshilidzi@yahoo.co.uk', 1),
('47072706087', 'Chippa ', 'Shange', '398 Kwane Avenue Motherwell Nu 6', '6211', '(075)-(182)-(9766)', '(051)-(634)-(9247)', '(081)-(241)-(0799)', 'Chippa @volsec.co.za', 2),
('4708110702087', 'Gert ', 'Lea', 'MalanAvenue 9 Brackenfell', '7560', '(022)-(440)-(6104)', '(033)-(699)-(7599)', '(031)-(628)-(8419)', 'Gert @telkomsa.net', 2),
('4710160845084', 'Daisy ', 'Makwana', '139 Cameron Crescent Mountain Rise', '3201', '(026)-(791)-(1523)', '(068)-(127)-(4419)', '(043)-(201)-(7828)', '', 2),
('47120603088', 'Itumeleng ', 'Makapela', '569 Block P Soshanguve', '0152', '(048)-(608)-(3750)', '(022)-(873)-(7626)', '(099)-(417)-(7121)', 'Itumeleng @mweb.co.za', 2),
('4802050681086', 'Mubarak', 'Van Wyk', '69639 Kulati Avenue Port Elizabeth', '6001', '(096)-(313)-(6489)', '(074)-(157)-(8867)', '(074)-(203)-(4931)', 'Mubarak@gmail.com', NULL),
('4804180882084', 'Emmanuel', 'Mhlarhi', '2698 Kerriebos Ext6 Ebony Park Midrand', '1682', '(033)-(953)-(6591)', '(035)-(121)-(2717)', '(064)-(507)-(6047)', 'Emmanuel@absamail.co.za', 2),
('4812160561083', 'Nkgopoleng ', 'Spengane', 'Ugie High School Ugie', '5970', '(056)-(592)-(1537)', '(019)-(945)-(5824)', '(042)-(294)-(6599)', 'Nkgopoleng @groupfive.co.za', 1),
('4901240565082', 'Pedron ', 'Masuku', '9399 Block Y Soshanguve', '0152', '(065)-(224)-(3950)', '(068)-(741)-(1747)', '(042)-(364)-(0294)', 'Pedron @mweb.co.za', NULL),
('4905080506087', 'Wilna', 'Lukasu', '920 Witchhazel Avenue Eco-Glades 2 Centurion', '0157', '(056)-(945)-(7708)', '(088)-(583)-(9678)', '(075)-(931)-(0307)', 'Wilna@gmail.com', 2),
('4905210696087', 'Sheldon ', 'Sethole', '12 TWEEVINGERGRAS DANVILLE', '', '(064)-(523)-(5918)', '(039)-(951)-(3641)', '(021)-(493)-(7839)', '', 2),
('4906270884086', 'Nompumelelo', 'Tsotetsi', 'P O Box 3989 Polokwane', '0700', '(023)-(692)-(8878)', '(047)-(939)-(0080)', '(010)-(941)-(8997)', 'Nompumelelo@gmail.com', 1),
('490705046088', 'Ayanda', 'Mlawuli', '39 Wellington Avenue Goodwood', '7960', '(083)-(260)-(2972)', '(022)-(883)-(8524)', '(091)-(257)-(9320)', '', NULL),
('4909110460081', 'Johannes ', 'Baale', 'P O Box 1663 Lillydale', '1281', '(039)-(774)-(3214)', '(043)-(177)-(4244)', '(024)-(500)-(6800)', '', NULL),
('491010022086', 'Kivan', 'Dambuza', '6 Weber Crescent Penlyn Estate Lansdowne', '7780', '(066)-(940)-(2054)', '(015)-(865)-(4063)', '(020)-(605)-(0603)', 'Kivan@icon.co.za', 2),
('4910190324088', 'Mduduzi ', 'Masungwini', 'P O Box 528 Cradock', '5880', '(088)-(900)-(2930)', '(093)-(850)-(9212)', '(069)-(330)-(0239)', '', 1),
('4911280960085', 'Mamahooe ', 'Shoko', '31St Avenue 656 Villieria', '0186', '(017)-(470)-(7662)', '(047)-(169)-(4332)', '(073)-(637)-(1665)', 'Mamahooe @iburst.co.za', 2),
('5001070584088', 'Linda', 'Brook', '28 1St Avenue Alexandra', '2090', '(025)-(119)-(3729)', '(035)-(668)-(7713)', '(019)-(913)-(8638)', '', 2),
('5001110128088', 'Rene', 'Gumbi', '39 Barracuda Avenue Mossel Bay Ext 13', '6506', '(053)-(271)-(5660)', '(051)-(228)-(7636)', '(036)-(516)-(6153)', 'Rene@5gattorneys.co.za', 2),
('5002080660085', 'Tlou ', 'Mabotja', '1158 Manchester Crescent Lenasia South', '1829', '(047)-(389)-(5659)', '(082)-(606)-(7726)', '(013)-(473)-(6015)', 'Tlou @rbiworld.co.za', 2),
('5002180199088', 'Tshepiso ', 'Ekanayake', 'Posbus 6914\r\nANSFRERE\r\n1711', '', '(041)-(876)-(6597)', '(036)-(156)-(9914)', '(017)-(557)-(5732)', 'Tshepiso @arc.co.za', 2),
('5007040974083', 'Calvin', 'Rosser', '16 Eaglestraat\r\nHorison\r\n1724', '', '(073)-(165)-(7166)', '(081)-(904)-(8770)', '(053)-(805)-(4989)', '', 4),
('5008230824086', 'Daisy ', 'Machabaphala', 'P O Box 396181 Lynnwood Ridge', '90', '(096)-(450)-(9617)', '(044)-(955)-(0975)', '(098)-(641)-(6338)', 'Daisy @phbs.co.za', 4),
('5009140926088', 'Olga', 'Lehola', '8 Marsdiep Mansions Kenilworth', '7708', '(092)-(748)-(6426)', '(048)-(258)-(9701)', '(086)-(992)-(2147)', 'Olga@gmail.com', 2),
('5102060208085', 'Michiel ', 'Soare', 'Schultzstr. 17\r\nHorison\r\n1724\r\nPosbus 7145\r\nWestgate\r\n1734', '', '(022)-(311)-(3788)', '(069)-(264)-(1791)', '(063)-(793)-(3455)', '', NULL),
('510523033088', 'Fezile', 'Nkabinde', '61 Tuscan Waters Gie Road Parklands', '7991', '(028)-(662)-(6165)', '(017)-(982)-(2477)', '(011)-(289)-(8994)', '', NULL),
('5109040274081', 'Nthabiseng ', 'Banga', '53961 Rondebult Roodebult', '1901', '(045)-(111)-(1629)', '(015)-(228)-(5436)', '(022)-(168)-(1266)', 'Nthabiseng @unisa.ac.za', NULL),
('5109080251088', 'Jaco ', 'Matji', '19 Sabierivier Avenue Norkem Park Ext 2', '1618', '(040)-(363)-(7084)', '(081)-(729)-(9235)', '(055)-(897)-(2553)', '', 4),
('510915039082', 'Chrisna', 'Malemone', '7 Nurney Street\r\nCrosby', '', '(062)-(600)-(1913)', '(093)-(902)-(8011)', '(028)-(196)-(7457)', 'Chrisna@standardbank.co.za', NULL),
('511127046082', 'Edwin', 'Dlamini', 'Hortense laan\r\nFlorida Glen', '', '(081)-(575)-(2418)', '(041)-(381)-(4846)', '(092)-(285)-(4922)', 'Edwin@telkomsa.net', 2),
('5202230409086', 'Thobani ', 'Sehume', 'P O Box 12990 Centurion', '96', '(047)-(335)-(2479)', '(070)-(424)-(3994)', '(083)-(104)-(7613)', 'Thobani @vodamail.co.za', NULL),
('5206110625085', 'Mduduzi', 'Mangena', '11 Mayibuye House No 19326 Joburg Ivory Park Ext 12', '1685', '(060)-(112)-(2791)', '(040)-(808)-(8039)', '(011)-(887)-(0096)', 'Mduduzi@rbiworld.co.za', 2),
('5209150693082', 'Hendrick ', 'Tyhalithi', '55 Mercury Cresent Newholmes Pietermaritzburg', '3201', '(023)-(905)-(3672)', '(027)-(398)-(3285)', '(064)-(229)-(6225)', '', 2),
('521023092081', 'Edwin ', 'Nkune', '21 Gildcroft Close Phoenix Longcroft', '9068', '(074)-(978)-(8437)', '(025)-(336)-(4813)', '(033)-(646)-(1699)', '', 1),
('5210250933083', 'Mmadineo ', 'Cobokana', '36 Ilchester Avenue Somerset Park', '9319', '(088)-(459)-(8346)', '(082)-(143)-(0243)', '(010)-(926)-(7003)', 'Mmadineo @lantic.net', 2),
('5212190473083', 'Celeste ', 'Fourie', 'P O Box 39819 Vredendal', '8160', '(054)-(612)-(9416)', '(080)-(520)-(4205)', '(065)-(409)-(8949)', '', NULL),
('5304280232082', 'Nthateng ', 'Songo', '11399 Mphophoma Str Klipfontein View', '1685', '(083)-(279)-(1103)', '(037)-(364)-(4960)', '(053)-(664)-(0353)', 'Nthateng @hotmail.com', 1),
('530628013085', 'Modisaotsile ', 'Van Rensburg', 'P O Box 356 Umkomaas', '9170', '(058)-(153)-(5944)', '(029)-(585)-(1426)', '(019)-(686)-(2915)', '', 2),
('5307060340088', 'Nobubele ', 'Ndlovu', '3919 Makou Avenue Monumentpark Ext 39', '0181', '(049)-(976)-(9390)', '(052)-(442)-(9922)', '(047)-(265)-(2520)', 'Nobubele @vodamail.co.za', 2),
('5308230754082', 'Segrin ', 'Mudzinganyama', 'P O Box 1696 Mafikeng South', '2791', '(083)-(889)-(4509)', '(063)-(738)-(9833)', '(094)-(198)-(8791)', 'Segrin @linhorn.co.za', 1),
('531127094084', 'Shaun ', 'Naidoo', '200 Heron Avenue Kharwastan', '9092', '(016)-(554)-(7714)', '(017)-(158)-(6412)', '(081)-(662)-(9948)', 'Shaun @intekom.co.za', 1),
('5404130544086', 'Oteng ', 'Moloisane', '3980 Ruth First Avenue Lotus Gardens', '0008', '(074)-(867)-(6318)', '(033)-(599)-(5134)', '(090)-(558)-(6014)', 'Oteng @pyromet.co.za', NULL),
('5405270193088', 'Moses', 'Ketelo', '1 Kliprivier street Secunda SECUNDA', '', '(022)-(468)-(3821)', '(055)-(877)-(0279)', '(059)-(848)-(6973)', '', NULL),
('5502200833083', 'Mabokale ', 'Nhalungo', 'Africanarylaan 5', '', '(066)-(232)-(4505)', '(018)-(655)-(7338)', '(022)-(132)-(9140)', 'Mabokale @global.co.za', NULL),
('5505090581082', 'Moyahabo ', 'Maboko', 'P O Box 539 Lenasia', '1820', '(027)-(341)-(6603)', '(063)-(370)-(1534)', '(031)-(333)-(7862)', '', 2),
('5505120413085', 'Bernard', 'Dinna', 'Dpt Of Rural Development 2390 Jabu Ndlovu Avenue Pietermaritzburg', '3201', '(023)-(722)-(4756)', '(035)-(468)-(5604)', '(019)-(687)-(6773)', 'Bernard@absa.co.za', NULL),
('5505230875081', 'Rene', 'Van Huissteden', '35 Bebelele Avenue Duncan Village', '5209', '(072)-(391)-(4271)', '(048)-(309)-(6205)', '(056)-(306)-(1631)', '', 2),
('5507130805081', 'Mosima ', 'Webb', '505 Madiba Avenue 5039 Scopus Heights Flat Arcadia', '0083', '(033)-(418)-(6181)', '(087)-(457)-(4550)', '(063)-(429)-(8017)', 'Mosima @polka.co.za', 1),
('5507140417085', 'Derrick ', 'Busuku', '392 Brushwood Estate Sundowner', '2188', '(073)-(465)-(1581)', '(077)-(162)-(6894)', '(015)-(843)-(2058)', 'Derrick @worldonline.co.z', NULL),
('5510220761085', 'Chrisna', 'Smits', '29583 Katse Avenue Mamelodi East Ext 9', '0122', '(052)-(529)-(1600)', '(086)-(854)-(9438)', '(038)-(353)-(8963)', '', 2),
('5512080417086', 'Shelden', 'Ledwaba', 'P O Box 168 Pyramid', '0120', '(043)-(898)-(4456)', '(064)-(390)-(9351)', '(051)-(724)-(8675)', 'Shelden@absamail.co.za', 2),
('5512160318087', 'Glen ', 'Mavimbela', '839 Fairmount View Punters Way Kenilworth Park', '7708', '(016)-(646)-(7619)', '(091)-(537)-(1151)', '(019)-(884)-(2716)', 'Glen @peg.co.za', 2),
('5602060518087', 'Tshepo ', 'Julies', '2 Alwyn Road Unit 1 Sharon Villas Brooklyn', '7905', '(030)-(999)-(6368)', '(072)-(577)-(8957)', '(084)-(569)-(2643)', '', 2),
('5608010370088', 'Emil', 'Snyman', '138 Tarragon Two Road 3 Weltevredenpark', '1709', '(015)-(632)-(5114)', '(048)-(474)-(2514)', '(090)-(110)-(4531)', 'Emil@mystudysmart.com', 1),
('5608060712087', 'Johnson', 'Pillay', '9560 Birch Acres Isimuku Ext 26 Kempton Park', '1619', '(026)-(617)-(5105)', '(050)-(299)-(1990)', '(096)-(718)-(9333)', 'Johnson@mweb.co.za', 1),
('5608240727082', 'Tshilidzi', 'Terry', 'P O Box 1393 Kanyamazane', '1219', '(081)-(943)-(2153)', '(086)-(854)-(4925)', '(075)-(364)-(8324)', 'Tshilidzi@unisa.ac.za', 4),
('5612220214081', 'Tshepang ', 'Rudolph', 'Saglerstrasse 5 Hoehenkirchen-Siegertsbrunn 85635 Bavaria Germany', '0000', '(090)-(597)-(7657)', '(074)-(808)-(8208)', '(090)-(174)-(6045)', 'Tshepang @crown.org.za', 2),
('5703210321082', 'Patrick', 'Faleni', 'P O Box 2001 Wingate Park', '0153', '(028)-(137)-(1874)', '(054)-(350)-(2005)', '(090)-(705)-(8636)', '', 2),
('5704100297086', 'Amukelani ', 'Seloana', 'P O Box 239821 Yeoville', '2193', '(016)-(998)-(1168)', '(071)-(488)-(0554)', '(019)-(106)-(6210)', 'Amukelani @eoson.co.za', 1),
('5705080129087', 'Pauline ', 'Ndala', '2699 Section J Ngoma Avenue Mamelodi West', '0122', '(089)-(780)-(7126)', '(082)-(673)-(9621)', '(029)-(161)-(1743)', '', NULL),
('5706150123087', 'Pauline ', 'Semenya', 'no 35 Balalaika st\r\nStaalveld\r\n1043', '', '(095)-(147)-(7601)', '(085)-(393)-(3113)', '(092)-(412)-(9899)', 'Pauline @yahoo.com', 2),
('5706200140082', 'Masekhanyane', 'Mothupi', 'P O Box 13216 Norkem Park', '1631', '(074)-(680)-(1048)', '(060)-(224)-(0633)', '(063)-(398)-(8248)', 'Masekhanyane@gmail.com', 5),
('5710230923081', 'Precious ', 'Matlakeng', 'Stand No:39832 Peter Nchabele 03989 Mmotong', '789', '(036)-(676)-(5604)', '(068)-(325)-(0303)', '(044)-(804)-(4964)', '', NULL),
('5711110485087', 'Vusi ', 'Bethlehem', '591 Ecaleni Section Mathole Avenue Tembisa', '1632', '(047)-(601)-(8014)', '(027)-(911)-(9283)', '(094)-(887)-(0945)', 'Vusi @telkomsa.net', 2),
('5801140101084', 'Tomek ', 'Mshaisa', '6 Grafiet Crescent Welgelegen 3 Parow', '7500', '(022)-(652)-(6557)', '(062)-(677)-(1817)', '(047)-(734)-(5542)', '', 1),
('580512061088', 'Bernhardt ', 'Magutshwa', 'Posbus 1122\r\nJEFFREYSBAY\r\n6330', '', '(078)-(471)-(8574)', '(049)-(195)-(2355)', '(056)-(458)-(1618)', 'Bernhardt @yahoo.com', 2),
('5805130165085', 'Phuti ', 'Van Der Merwe', '9999 Qween Avenue Devland', '1811', '(068)-(384)-(9562)', '(099)-(292)-(4943)', '(053)-(918)-(6980)', 'Phuti @yahoo.co.uk', 2),
('5809170914084', 'Cobus ', 'Sebate', '53399 Tumisang Avenue Nellmapius', '0122', '(077)-(651)-(9645)', '(056)-(600)-(8794)', '(077)-(103)-(5524)', '', 2),
('5809250392081', 'Kaylen', 'Selabe', 'P O Box 239 Bonisani', '0927', '(076)-(155)-(8833)', '(079)-(482)-(7304)', '(067)-(636)-(8241)', 'Kaylen@gmail.com', 2),
('5901150381088', 'Lebogang ', 'Seanego', '5039 Summerfields Estate 6821 Calamus Close Kosmosdal', '0157', '(074)-(867)-(0866)', '(045)-(914)-(6862)', '(039)-(448)-(7804)', 'Lebogang @polka.co.za', 1),
('5902220915081', 'Goratamang ', 'Zwakala', '1179 MPHOPHOMA STR KLIPFONTEIN VIEW', '', '(048)-(246)-(0972)', '(042)-(915)-(8772)', '(037)-(125)-(0185)', '', NULL),
('5907270761084', 'Mxoleleni ', 'Nkosi', '18059 Ivory Park Chrishani Ivory Park Ext 6', '1632', '(061)-(599)-(8762)', '(029)-(729)-(7946)', '(060)-(369)-(7411)', '', 2),
('5910030388087', 'Reinhard', 'Msomi', 'P O Box 3950 Mooinooi', '0325', '(095)-(380)-(6431)', '(049)-(136)-(8400)', '(079)-(978)-(1752)', 'Reinhard@yahoo.com', 2),
('6.70927E+12', 'Job', 'Engelbrecht', '1206 KUSKORAAL STREET MOREGLOED', '', '(010)-(207)-(8010)', '(060)-(950)-(3369)', '(042)-(627)-(9879)', '', NULL),
('6005080590081', 'Moses', 'Semenya', '550A/89 Mokalane Avenue Naledi', '1861', '(055)-(634)-(2084)', '(089)-(575)-(4753)', '(034)-(542)-(5080)', 'Moses@langley.co.za', 1),
('6102220345081', 'Busisiwe', 'Saunderson', 'P O Box 529 Groothoek Hospital', '0628', '(098)-(465)-(3325)', '(032)-(667)-(0042)', '(034)-(888)-(6748)', 'Busisiwe@mweb.co.za', 2),
('6107030710088', 'Muhammad', 'Mokopi', '', '', '(074)-(926)-(4805)', '(077)-(445)-(1993)', '(063)-(327)-(5389)', '', 2),
('6111040850088', 'Phaphama', 'Duminy', 'Mont Blanc Unit 16 160 Constantia Street Weltevredenpark', '1709', '(094)-(643)-(8114)', '(060)-(183)-(7274)', '(059)-(753)-(9862)', 'Phaphama@edcon.co.za', 2),
('6111260929085', 'Nomalizo ', 'Malemone', '60 Emoyeni Section Tembisa', '1632', '(082)-(283)-(4778)', '(040)-(228)-(7280)', '(040)-(924)-(6759)', '', 2),
('6112060275088', 'Magda', 'Peter', 'P O Box 692 Polokwane', '0700', '(087)-(397)-(4070)', '(029)-(475)-(1303)', '(088)-(990)-(3159)', '', 2),
('6201140807084', 'Nicholas', 'Mdaka', '939 Louis Botha Bonaero Park', '1619', '(085)-(468)-(8449)', '(071)-(388)-(2254)', '(058)-(834)-(5145)', 'Nicholas@vodacom.co.za', 2),
('6204260308088', 'Nomvula ', 'Mahlangu', 'P O Box 3939 Dobsonville', '1865', '(021)-(917)-(1095)', '(044)-(198)-(0320)', '(062)-(115)-(8096)', '', 1),
('6207220448088', 'Ramadimetja ', 'Metene', '90 Lafayette Avenue Klein Parys', '7696', '(077)-(265)-(3122)', '(085)-(525)-(9252)', '(084)-(765)-(4873)', '', 4),
('6209040562083', 'Neil', 'Makgatho', 'No 86939 Zone 8 Winnie Mandela', '1632', '(025)-(747)-(4580)', '(026)-(665)-(0004)', '(089)-(390)-(2427)', '', 2),
('630710012087', 'Francois', 'Mosehane', '3 Ibsen Road Hillary', '9099', '(036)-(100)-(8445)', '(014)-(544)-(2727)', '(044)-(670)-(8746)', '', 2),
('6308240548084', 'Mduduzi ', 'Buys', '06 Baileybridge Unit 9 Stonebridge Phoenix', '9068', '(067)-(592)-(4440)', '(098)-(839)-(0382)', '(097)-(837)-(1515)', 'Mduduzi @mweb.co.za', 1),
('6310200940086', 'Dalisu ', 'Koeries', 'P O Box 90358 Amanzimtoti', '9125', '(032)-(330)-(2129)', '(069)-(425)-(6788)', '(096)-(395)-(2893)', 'Dalisu @live.co.za', 2),
('6311250169086', 'Cilia ', 'Patel', '92 Marshall Grove Glenmore', '9001', '(012)-(225)-(3802)', '(048)-(787)-(8265)', '(024)-(890)-(9083)', 'Cilia @chanellegroup.ie', NULL),
('6401240516085', 'Trevor ', 'Monyela', 'PO Box 467\r\nRant-en-Dal\r\n1751', '', '(021)-(668)-(6033)', '(061)-(353)-(2907)', '(088)-(951)-(7245)', '', 1),
('6404030447088', 'Fezeka ', 'Oluwaleye', 'P O Box 2561 Koloti', '0709', '(027)-(983)-(0079)', '(099)-(714)-(8415)', '(047)-(633)-(4136)', '', 2),
('6404210377085', 'Nkhetheni ', 'Cele', '19 Free State Road Beaconsfield', '8301', '(070)-(126)-(5023)', '(018)-(287)-(2369)', '(013)-(266)-(4876)', 'Nkhetheni @nashuaisp.co.za', 1),
('6404230631085', 'Zukisa', 'Oloyede', '2635 Zone398 Zwelitsha', '5608', '(011)-(997)-(6564)', '(045)-(622)-(5791)', '(015)-(145)-(3663)', 'Zukisa@telkomsa.net', 1),
('640428082086', 'Shane ', 'Matshazini', '939 Mlalazi Avenue Mamelodi West', '0122', '(011)-(405)-(4850)', '(029)-(114)-(2426)', '(087)-(364)-(9226)', 'Shane @westsidebrokers.co.za', 2),
('6408200513081', 'Jade ', 'Ramoipone', 'Posbus 25685 Monumentpark', '785', '(076)-(546)-(2450)', '(062)-(318)-(5630)', '(072)-(631)-(2719)', '', NULL),
('6412050862088', 'Mmasale ', 'Makhubu', '82 Apex Road East Apex Ext 3', '1501', '(034)-(322)-(1264)', '(067)-(529)-(4115)', '(084)-(881)-(2689)', '', NULL),
('6412170702085', 'Shaun ', 'Van Rooyen', 'Cnr Jensen And Bosvlier Strt 96 Soldonne Complex Clarina', '0182', '(088)-(797)-(7508)', '(068)-(361)-(4963)', '(030)-(608)-(3145)', 'Shaun @safeguardchem.co.za', 2),
('650402056081', 'Ruduwhan ', 'Khuluse', '3035/5 Extension 19 Naturena', '2095', '(091)-(620)-(1011)', '(013)-(327)-(1182)', '(071)-(816)-(8080)', '', 1),
('6507050556081', 'Kgabo ', 'Mahlagaume', '25 Canavon Avenue Bertrams', '2099', '(026)-(311)-(3299)', '(013)-(497)-(3392)', '(015)-(560)-(3235)', 'Kgabo @absa.co.za', 4),
('6507070463082', 'Celeste ', 'Masilo', '1399 Phake Section Katlehong', '1931', '(056)-(173)-(2521)', '(081)-(892)-(4571)', '(033)-(753)-(7002)', '', 2),
('6507120107086', 'Tshepang ', 'Lourens', '21365 First Avenue Lucky Gardens Ethwathwa', '1519', '(089)-(675)-(2717)', '(060)-(182)-(6479)', '(046)-(614)-(8110)', '', 4),
('6509050392085', 'Selson', 'Mthiyane', '139339 Phase8 Sekhabi Cresent Spruitview', '1931', '(090)-(651)-(1547)', '(065)-(191)-(9374)', '(094)-(168)-(8326)', 'Selson@n-counter.com', NULL),
('6509220788082', 'Jurgen', 'Mokgerepi', '85 Ethel Avenue Fontainebleau', '2199', '(044)-(912)-(3347)', '(064)-(723)-(9881)', '(034)-(907)-(1918)', '', NULL),
('6511130973087', 'Kalaivani', 'Rosser', '693 Namakwa Avenue Vredendal', '8160', '(028)-(670)-(0295)', '(057)-(746)-(5893)', '(040)-(718)-(8308)', '', 1),
('6602070398082', 'Thandokazi', 'Lauder', '99 General Lucas Meyer Cres Welgelegen', '7500', '(012)-(117)-(7148)', '(069)-(353)-(6003)', '(023)-(227)-(6111)', '', NULL),
('6603100144082', 'Otsile', 'Kubheka', '292 Crimson Avenue Laudium', '0037', '(058)-(930)-(8608)', '(054)-(212)-(1633)', '(046)-(245)-(6766)', '', 2),
('6605260331087', 'Culnescia', 'Makhubela', '250 Bernini Avenue 98 La Comores Complex Lyttelton', '0157', '(061)-(581)-(5440)', '(085)-(104)-(8112)', '(027)-(200)-(3441)', '', 2),
('660620054086', 'Cliff', 'Kunene', '2652 Ext 398 Nelmapius Pretoria', '0002', '(038)-(399)-(9879)', '(039)-(970)-(7777)', '(036)-(753)-(3557)', '', 2),
('6607010903082', 'Olaleye ', 'Madula', 'P O Box 2663 Empumalanga', '958', '(058)-(939)-(1408)', '(049)-(191)-(2837)', '(036)-(222)-(6594)', 'Olaleye @inoxpa.com', NULL),
('6609200993085', 'Victor ', 'Le Clus', '31 ParkAvenue Promosa', '2531', '(020)-(648)-(1963)', '(063)-(880)-(9800)', '(015)-(271)-(1015)', 'Victor @mweb.co.za', 2),
('670305077081', 'Shephard ', 'Kitinya', 'P13963 Section 39 Madadeni', '2951', '(019)-(143)-(0520)', '(056)-(896)-(8974)', '(099)-(400)-(1295)', 'Shephard @esmartgroup.co.za', 2),
('6705050635085', 'Dalisu ', 'Lehloka', '19 Dianthus Crescent Malabar', '6020', '(098)-(911)-(1468)', '(072)-(349)-(6273)', '(097)-(555)-(1952)', '', 2),
('6705220156081', 'Mahlatse ', 'Busuku', '13 Ackermann street\r\nBreunanda Ext 2\r\nWilropark\r\n1724', '', '(018)-(860)-(1358)', '(035)-(359)-(9266)', '(099)-(125)-(2515)', '', 2),
('6706090775083', 'Jaco', 'Koopman', 'PO Box 15151\r\nSecunda\r\n2302', '', '(040)-(564)-(4216)', '(024)-(938)-(5046)', '(079)-(378)-(1537)', 'Jaco@sasp;/cp,', 2),
('6706260635082', 'Kehinde ', 'Phoshoko', 'P O Box 298539 Gezina', '0031', '(054)-(693)-(5568)', '(094)-(539)-(1422)', '(086)-(406)-(4173)', 'Kehinde @fpimail.co.za', 1),
('6711170133088', 'Sven ', 'Teane', '1599 Sofasonke Avenue Orlando East', '1809', '(065)-(419)-(1811)', '(023)-(926)-(6059)', '(015)-(703)-(4229)', '', 2),
('6802050633083', 'Precious ', 'Hucklesby', 'House No 9B Mohlakaneng Avenue Madibapark Seshego', '791', '(037)-(411)-(4583)', '(077)-(878)-(7586)', '(045)-(384)-(3085)', 'Precious @kama.co.za', 2),
('6803010610087', 'Ricardo ', 'Malapela', 'P O Box 133988 The Tramshed', '0126', '(024)-(982)-(3230)', '(062)-(798)-(1674)', '(055)-(831)-(7727)', '', NULL),
('6803160923084', 'Lionel ', 'Reinke', '199 Bramfischer Street Ferndale', '2199', '(092)-(354)-(4312)', '(016)-(745)-(2552)', '(030)-(217)-(1102)', '', 2),
('6808120518082', 'Nthateng ', 'Ponnusamy', 'P O Box 60193 Katutura Windhoek Rep. Of Namibia Namibia', '0000', '(093)-(540)-(9295)', '(099)-(819)-(0642)', '(092)-(656)-(4161)', 'Nthateng @telkomsa.net', 2),
('681014062082', 'Louis ', 'Kearley', '19 Lismore Avenue Crosby', '2092', '(067)-(873)-(1274)', '(037)-(752)-(2601)', '(030)-(239)-(6437)', 'Louis @icon.co.za', 3),
('6810160795088', 'Precious ', 'Bodenstein', '2309 Nu 11 Mdantsane', '5219', '(067)-(526)-(9343)', '(051)-(139)-(3804)', '(067)-(650)-(6172)', 'Precious @Telkomsa.net', 3),
('6907130694085', 'Hendrik ', 'Enyanga', 'P O Box 39813393 Moreleta Plaza', '0167', '(084)-(491)-(8832)', '(058)-(339)-(9257)', '(029)-(481)-(6737)', 'Hendrik @yahoo.com', 2),
('6909200583086', 'Itumeleng ', 'Harri', '391 Rabat Avenue Esiphethweni Section 1 Tembisa', '1632', '(090)-(318)-(7347)', '(077)-(269)-(1138)', '(050)-(764)-(0637)', 'Itumeleng @telkomsa.net', 2);
INSERT INTO `clients` (`client_id`, `client_name`, `client_surname`, `client_address`, `client_postalcode`, `client_tel_home`, `client_tel_work`, `client_tel_cell`, `client_email`, `ref_id`) VALUES
('6910130773087', 'Regine', 'Prinsloo', 'P O Box 288 Thulamahashe', '1365', '(044)-(978)-(5365)', '(053)-(575)-(8334)', '(055)-(120)-(0742)', 'Regine@gmail.com', NULL),
('7001190645085', 'Nilukshi ', 'Mokoena', '36 Umgeni River Avenue Norkem Park', '1618', '(071)-(681)-(0489)', '(065)-(173)-(1453)', '(034)-(728)-(2849)', 'Nilukshi @telkom.sa.nee', 3),
('7002130927081', 'Christopher ', 'Matlhaba', 'P O Box 13339 Polokwane', '0700', '(095)-(506)-(5453)', '(087)-(806)-(6143)', '(030)-(797)-(7683)', 'Christopher @jsb.co.za', 3),
('7003050348086', 'Nontshumayelo ', 'Muniappen', '29 La Provence Way Mitchell\'S Plain Westridge', '7798', '(044)-(580)-(2936)', '(084)-(285)-(2806)', '(023)-(156)-(5918)', 'Nontshumayelo @robertec.co.za', 2),
('7004060440082', 'Gaotingwe', 'Jeffries', '299 Rosalind Avenue Lynnwood Ridge', '0081', '(060)-(996)-(2263)', '(039)-(228)-(5123)', '(080)-(322)-(8180)', '', NULL),
('7009130331088', 'Selson', 'Moeketsi', 'P O Box 393993939 Mamelodi', '781', '(060)-(899)-(6510)', '(092)-(509)-(0566)', '(060)-(202)-(2965)', 'Selson@gmail.com', 2),
('7101110702082', 'Matete', 'Zaverdinos', 'Posbus 21223\r\nHelderkruin\r\n1733', '', '(071)-(940)-(1110)', '(061)-(556)-(4855)', '(069)-(639)-(5064)', 'Matete@hotmail.com', 2),
('7106160389084', 'Cedric ', 'Mason', 'House No 8393/58 Mqantsa Tembisa', '1632', '(054)-(957)-(3838)', '(019)-(309)-(1474)', '(068)-(578)-(3882)', 'Cedric @haasbroeksteyn.co.za', 2),
('7107150227081', 'Mzukisi', 'Sithole', 'PO Box 477\r\nFlorida\r\n1710', '', '(068)-(690)-(4942)', '(049)-(928)-(5910)', '(022)-(579)-(5022)', 'Mzukisi@nighttocare.org', 1),
('7108280360087', 'Maria ', 'Vorster', 'P O Box 652 Deer Park', '0852', '(089)-(451)-(1674)', '(041)-(199)-(8401)', '(098)-(174)-(3341)', 'Maria @hyundai.co.za', NULL),
('7202270202087', 'Katlego', 'Gondo', 'P O Box 513 Nongoma', '3950', '(041)-(167)-(5489)', '(058)-(277)-(7598)', '(045)-(487)-(2696)', 'Katlego@hotmail.com', 2),
('7203030169082', 'Yaseen', 'Mabena', 'P O Box 23991 Cresta', '2118', '(064)-(905)-(6712)', '(038)-(490)-(0865)', '(048)-(378)-(6073)', 'Yaseen@ananzi.co.za', 2),
('7205020213082', 'Leesha', 'Phindiso', 'P O Box 6393998 Highveld', '0169', '(059)-(183)-(2997)', '(089)-(604)-(9637)', '(098)-(864)-(0585)', 'Leesha@lantic.net', 2),
('7205120917082', 'Richard ', 'Banga', '', '', '(071)-(497)-(1338)', '(078)-(167)-(3492)', '(033)-(900)-(5511)', 'Richard @gmail.com', 2),
('7212170290085', 'Daniel ', 'Buissinne', '869 Van Essche Place Moreletapark', '0181', '(092)-(217)-(0918)', '(063)-(565)-(0385)', '(042)-(860)-(9046)', 'Daniel @work.co.za', 5),
('7303120569085', 'Letsoni ', 'Tshabalala', 'P O Box 39825 Chuenespoort', '795', '(095)-(467)-(4481)', '(046)-(282)-(2908)', '(067)-(239)-(4674)', 'Letsoni @gmail.com', 2),
('7306050161086', 'Kishan', 'Masala', '129 Himalaya Street Shallcross', '9093', '(038)-(200)-(0327)', '(013)-(149)-(3803)', '(098)-(716)-(3189)', '', 2),
('730823030086', 'Ngwagu ', 'Horwell', 'Private Bag X1398 Zeerust', '2865', '(013)-(149)-(9853)', '(085)-(637)-(0929)', '(080)-(598)-(9701)', 'Ngwagu @gmail.com', 4),
('7309060944088', 'Paul ', 'Mongake', 'P O Box 53921 Durban', '9000', '(043)-(375)-(4248)', '(062)-(974)-(8272)', '(035)-(824)-(6441)', 'Paul @netcare.co.za', 1),
('7312050486084', 'Matthew ', 'Makaleng', '90398/9 Bernina Place Extension 9 Lenasia South', '1829', '(079)-(285)-(3410)', '(095)-(557)-(1594)', '(085)-(939)-(2450)', 'Matthew @sci-bono.co.za', NULL),
('7312170466084', 'Jesse', 'Retief', '35 Alamein Road Milnerton', '7991', '(085)-(627)-(0015)', '(029)-(644)-(4346)', '(084)-(576)-(1253)', '', 2),
('7403250912088', 'Edmund', 'Ngobeni', 'P O Box 195539 Bracken Gardens', '1952', '(020)-(501)-(6292)', '(042)-(263)-(2986)', '(021)-(836)-(9118)', 'Edmund@gmail.com', 1),
('740501094086', 'Mondli ', 'Mokwebo', '693 Block Dd Duduzane Avenue Soshanguve Block Dd', '0152', '(042)-(541)-(8345)', '(098)-(198)-(0264)', '(059)-(313)-(9812)', 'Mondli @dtep.co.3A', 2),
('7410130630081', 'Marc ', 'Maseng', '92 Speciosa Road Paradyskloof', '7600', '(074)-(268)-(8805)', '(036)-(772)-(8261)', '(042)-(857)-(2238)', '', 2),
('7411170290083', 'Jaco ', 'Syrzysko', 'P O Box 939 Makonde', '989', '(029)-(598)-(4965)', '(055)-(404)-(1142)', '(059)-(137)-(3859)', 'Jaco @gmail.com', 1),
('7412210788083', 'Botshelo', 'Bhagwan', 'P O Box 13909 Riverside', '1226', '(083)-(158)-(1537)', '(064)-(419)-(9203)', '(071)-(836)-(5216)', 'Botshelo@rmcs.co.za', NULL),
('7503060788083', 'Nasreen', 'Mbatha', '33 Ferreira Avenue Discovery', '1709', '(023)-(168)-(9987)', '(037)-(844)-(0506)', '(018)-(776)-(7405)', '', 2),
('7505030416082', 'Nkululeko ', 'Ntumba', '6 Beacon Road Sunnyridge', '5201', '(095)-(590)-(4003)', '(098)-(649)-(7440)', '(074)-(370)-(5626)', '', NULL),
('7511030931085', 'Maria ', 'Shihlomulo', '15 Circle Road Capetown Table View', '7991', '(077)-(268)-(3062)', '(098)-(775)-(2736)', '(095)-(241)-(1257)', '', 2),
('7512130745085', 'Jesse', 'Ntshabele', 'Posbus 21617\r\nHelderkruin\r\n1733', '', '(086)-(294)-(7002)', '(077)-(451)-(8545)', '(024)-(307)-(8564)', 'Jesse@aforbes.co.za', NULL),
('7602020209088', 'Baipidi', 'Van Der Walt', '906 Elmdor Marine Street Humewood', '6001', '(092)-(327)-(6127)', '(075)-(390)-(0726)', '(011)-(531)-(0381)', '', NULL),
('7609090369085', 'Warren ', 'Harri', 'Room 3 Main Avenue Cambridge', '5297', '(088)-(143)-(8865)', '(030)-(926)-(9697)', '(055)-(520)-(4285)', 'Warren @hotmail.co.uk', 2),
('7609110201086', 'Magda', 'Dlamini', '16 Johan Heunis Cresent Rooi Rivier Rif George', '6529', '(015)-(698)-(1506)', '(038)-(807)-(8639)', '(050)-(502)-(2257)', '', 2),
('7609240686081', 'Morifi ', 'Malungani', 'P O Box 18168 Hillbrow', '2038', '(063)-(403)-(2181)', '(089)-(254)-(7064)', '(025)-(141)-(2772)', 'Morifi @metroweb.co.za', 2),
('7610250179087', 'Thipe ', 'Mogotlane', '1991 Tau Avenue Zone9 Seshego', '791', '(025)-(824)-(8997)', '(052)-(797)-(0138)', '(038)-(579)-(4751)', '', 2),
('7701030854083', 'Hisham', 'Khumalo', 'Ministry Of Education P O Box 98 Mont Fleuri Mahe Seychelles', '0000', '(034)-(903)-(8843)', '(053)-(429)-(7016)', '(053)-(607)-(2503)', '', NULL),
('770124076088', 'Simphiwe ', 'Madia', 'Unit F9 Parksig Flats Durban Road Oakdale Lgd', '7530', '(063)-(218)-(0988)', '(044)-(609)-(6761)', '(031)-(738)-(9346)', 'Simphiwe @insuredoc.co.za', NULL),
('7701260528087', 'Thabiso ', 'Nhlapo', 'P O Box 1258 Kwadukuza', '9950', '(039)-(695)-(5181)', '(071)-(906)-(2145)', '(016)-(235)-(0244)', 'Thabiso @mtnloaded.co.za', 2),
('7704070438085', 'Muhammad', 'Vaphi', '3 Waterbok Flat 15 Echo Road Pietermaritzburg', '3201', '(083)-(356)-(8330)', '(064)-(654)-(1713)', '(050)-(668)-(6969)', '', 2),
('7705180627087', 'Alex ', 'Genge', 'P O Box 650 Phalaborwa', '1390', '(099)-(979)-(8403)', '(024)-(853)-(6016)', '(079)-(295)-(7384)', 'Alex @iafrica.com', 2),
('7707250934088', 'Kholofelo', 'Oppermann', 'B590 Mpungushe Road Ntuzuma T/Ship Kwamashu', '9359', '(058)-(359)-(2454)', '(072)-(366)-(8536)', '(046)-(798)-(9651)', 'Kholofelo@polka.co.za', 2),
('771109035087', 'Otsile', 'Mshaisa', 'PO Box 412\r\nBergbron\r\n1712', '', '(059)-(556)-(7736)', '(066)-(825)-(4805)', '(079)-(505)-(1278)', 'Otsile@gmail.com', 2),
('7801120638083', 'Kishan', 'Loliwe', 'P O Box 6152 Tyger Valley', '7536', '(021)-(888)-(3611)', '(072)-(785)-(0060)', '(091)-(512)-(2395)', 'Kishan@iburst.co.za', 2),
('7804050808083', 'Shaun ', 'Pinto', '26 Logan Avenue Highveld', '0157', '(016)-(163)-(4755)', '(061)-(563)-(5077)', '(042)-(992)-(0567)', '', 2),
('7805110427084', 'Shephard ', 'Nukeri', '201 Balaton Court 19 Pietersen Avenue Hillbrow', '2001', '(018)-(524)-(2893)', '(072)-(865)-(9816)', '(098)-(299)-(2130)', 'Shephard @sttreses.co.za', 2),
('780622020088', 'Nkosikhona ', 'Nkgapele', 'P O Box 1905 Ga-Kgapane', '0838', '(014)-(280)-(7521)', '(068)-(726)-(4642)', '(018)-(769)-(6044)', 'Nkosikhona @UNIGRAIN.CO.ZA', 2),
('7808140304084', 'Mothupi ', 'Hlongwane', '162 Apollost Ext 1 Ennerdale', '1830', '(096)-(469)-(2849)', '(034)-(351)-(2068)', '(016)-(626)-(6881)', '', 1),
('7808220226082', 'Norman ', 'Mokopi', '65 Terrace Road Bertrams', '2099', '(068)-(542)-(0106)', '(094)-(679)-(9848)', '(032)-(954)-(9116)', 'Norman @tekton.co.za', 1),
('7809130240082', 'Akho', 'Mathobela', '6392 Extension 2 Kwaxuma', '1868', '(065)-(484)-(2893)', '(092)-(202)-(1828)', '(053)-(887)-(5123)', 'Akho@cometkitchens.co.za', NULL),
('7902150410084', 'Frans ', 'Sebate', '29 Naboomstraat\r\nWilropark\r\nRoodepoort\r\n1724', '', '(012)-(377)-(3292)', '(041)-(193)-(6531)', '(084)-(516)-(5478)', 'Frans @gmail.com', 2),
('7906010195081', 'Richard ', 'Senabe', '28 Springbok Avenue Lime Acres', '8978', '(030)-(698)-(6143)', '(014)-(340)-(3335)', '(038)-(127)-(8356)', '', 2),
('7907160124082', 'Phumzile ', 'Phiri', 'P O Box 191 Maraisburg', '1700', '(016)-(434)-(3543)', '(099)-(100)-(4080)', '(053)-(663)-(8466)', 'Phumzile @standardbank.co.za', 2),
('7912110951087', 'Abdul ', 'Makuyi', 'P O Box 1959 Mondeor', '2178', '(093)-(136)-(6705)', '(074)-(250)-(1501)', '(015)-(592)-(9152)', 'Abdul @tracker.co.za', 1),
('8004280354084', 'Matome ', 'Maharaj', '185639 Ext 12 Ikageng', '2539', '(028)-(471)-(3000)', '(031)-(344)-(0928)', '(029)-(396)-(1013)', '', 2),
('8005030611082', 'Mduduzi', 'Linde', 'P O Box 55558 Northlands', '2116', '(071)-(253)-(3699)', '(046)-(362)-(4922)', '(017)-(540)-(5211)', 'Mduduzi@polosa.com', NULL),
('8006220732085', 'Wouter', 'Mlawuli', 'Qalakabusha Correctional Cen P/Bag X 20088 Empangeni', '3880', '(091)-(108)-(3776)', '(055)-(673)-(8727)', '(036)-(239)-(2030)', '', NULL),
('8008280468086', 'Sylvester ', 'Bhana', '19 Countess Avenue Windsor West', '2199', '(023)-(581)-(6674)', '(057)-(923)-(3664)', '(026)-(755)-(5182)', '', 2),
('8009100659085', 'Hulisani ', 'Phakwago', '29 9Th Avenue Greymont', '2195', '(047)-(194)-(3209)', '(087)-(471)-(7649)', '(051)-(421)-(1092)', 'Hulisani @safeguardchem.co.za', 2),
('8012160653084', 'Lucas', 'De Witt', 'P O Box 399 Mothotlung', '0268', '(098)-(560)-(9590)', '(062)-(911)-(0638)', '(043)-(869)-(2838)', 'Lucas@gmail.com', 2),
('8101060996085', 'Nkosinathi ', 'Laka', '999 Smith Avenue Room 219 Vister View Durban', '9001', '(052)-(272)-(5690)', '(092)-(514)-(9829)', '(096)-(505)-(4294)', '', NULL),
('8103140774084', 'Wendy ', 'Govender', 'P O Box 1526 Mahikeng', '2795', '(099)-(842)-(7664)', '(021)-(427)-(1477)', '(059)-(648)-(7824)', 'Wendy @gmail.com', 2),
('8104260177081', 'Ntsakisi ', 'Rudolph', '392 Mashilwane Avenue Tladi', '1868', '(092)-(510)-(9664)', '(015)-(960)-(5135)', '(026)-(259)-(7316)', '', 1),
('8105100593086', 'Sean', 'Lutrin', '205 Monaco 213 Troye Mucklenuek Pretoria', '0002', '(036)-(820)-(5625)', '(077)-(498)-(0110)', '(078)-(602)-(0683)', 'Sean@unisa.ac.za', 2),
('820305040087', 'William', 'Sifile', '52 Rusticana Generaal Beyers Avenue Pentagonpark', '9301', '(016)-(351)-(4853)', '(049)-(384)-(4261)', '(047)-(198)-(7411)', 'William@sabc.co.za', NULL),
('82032206087', 'Wouter', 'Burger', '2119 Tlhapi Avenue Cloverdene', '1513', '(085)-(927)-(1284)', '(087)-(284)-(9774)', '(062)-(400)-(2276)', '', 2),
('8209140103086', 'Jan ', 'Lesolisa', '116 SELBOURNE STREET PAROW', '', '(046)-(368)-(6698)', '(065)-(497)-(3627)', '(034)-(681)-(8982)', '', 2),
('8209260885087', 'Senyelo ', 'Koopman', '566 Buccaneer Avenue Elarduspark', '0181', '(080)-(949)-(5827)', '(078)-(208)-(7323)', '(057)-(235)-(6325)', 'Senyelo @mweb.co.za', 2),
('8210240595083', 'Adrienne', 'Dambuza', '16 Forsyth street\r\nNoordheuwel\r\nKrugersdorp', '', '(066)-(408)-(9003)', '(067)-(200)-(3820)', '(089)-(724)-(4226)', 'Adrienne@deomar.com', 2),
('8301170304085', 'Adrienne', 'Grobler', '295 Marine Street 33 Savanay Bluff', '9052', '(088)-(787)-(8494)', '(030)-(319)-(5350)', '(081)-(967)-(3959)', '', 2),
('8306110412083', 'Saegan', 'Louw', '16 Villion Avenue De Zoete Inval Paarl', '7696', '(014)-(268)-(6402)', '(076)-(359)-(4675)', '(012)-(489)-(5787)', '', 2),
('8309040682084', 'Lufuno', 'Soare', '398 Encore,Cresent Glades Cresent Glades Patchouli Cresent Noordwyk', '1687', '(098)-(178)-(2313)', '(060)-(367)-(2850)', '(029)-(549)-(7105)', 'Lufuno@telkomsa.net', 2),
('8406270311082', 'Lunghile ', 'Malatji', '9 Sarie Marias Avenue Pellissier', '9301', '(022)-(953)-(2921)', '(086)-(953)-(7201)', '(068)-(507)-(8208)', 'Lunghile @mtnloaded.co.za', 2),
('8407030360083', 'Sumitra', 'Ngcobo', '19 Eileen Court Kimberley', '8301', '(018)-(921)-(4507)', '(020)-(820)-(6391)', '(066)-(229)-(7179)', '', NULL),
('8409280542088', 'Leesha', 'Madisha', '1529 Khakhu Avenue Daveyton', '1520', '(099)-(817)-(9127)', '(051)-(980)-(3553)', '(058)-(120)-(3164)', 'Leesha@envisionliving.co.za', 2),
('8501030560088', 'Calvin', 'Mpatane', '305 Taaiboshof 200 Kraai Avenue Kwaggasrand', '0183', '(050)-(372)-(2630)', '(070)-(292)-(7146)', '(075)-(940)-(0292)', 'Calvin@FANEWS.CO.ZA', 1),
('8501270465083', 'Nompilo ', 'Ndaba', 'P O Box 200 Gompies', '0631', '(047)-(479)-(6562)', '(091)-(619)-(0629)', '(051)-(914)-(1739)', 'Nompilo @ens.co.za', NULL),
('8502060290083', 'Amukelani ', 'Naick', 'P O Box 33 Muizenberg', '7950', '(027)-(644)-(5375)', '(027)-(496)-(8846)', '(051)-(695)-(2281)', 'Amukelani @rbiworld.co.za', 2),
('8504060165087', 'Brian ', 'Nkatu', 'P O Box 2396 Makonde', '989', '(067)-(357)-(0493)', '(068)-(204)-(6022)', '(068)-(263)-(5896)', '', 2),
('8506270616083', 'Piet', 'Mynhardt', '20 Tweevingers Avenue Danville Ext 3', '0183', '(090)-(151)-(5877)', '(075)-(183)-(2735)', '(082)-(715)-(5796)', '', 1),
('8508060640084', 'Neliswa', 'Kunene', 'Mondeor, Columbine Ave, Mondeor Gardens, Unit 2039 Mondeor', '2091', '(092)-(381)-(4333)', '(020)-(940)-(0947)', '(016)-(197)-(5363)', 'Neliswa@anchor.co.za', NULL),
('8508170901082', 'Ntotole ', 'Mbung', 'Lower Germiston Road Room 163 Rosherville', '2099', '(037)-(309)-(8439)', '(059)-(431)-(0292)', '(038)-(650)-(8375)', 'Ntotole @yahoo.com', 2),
('851123068082', 'Mongezi', 'Makhale', '839 Gauntlet Close Ormonde View', '2091', '(073)-(645)-(3807)', '(089)-(557)-(0499)', '(014)-(920)-(3508)', 'Mongezi@devoslicharus.co.za', 2),
('8511250864088', 'Mxoleleni ', 'Burrows', 'P O Box 39892 Driekop', '1129', '(074)-(541)-(5335)', '(097)-(244)-(9876)', '(077)-(684)-(3321)', '', 2),
('8512050670085', 'Tlou ', 'Ramushi', 'P O Box 58390 Durban', '9000', '(097)-(245)-(3972)', '(094)-(667)-(5578)', '(042)-(476)-(5212)', 'Tlou @gmail.com', 2),
('8610120779086', 'Promise ', 'Mdluli', '308 Brook Avenue Menlo Park', '0081', '(041)-(990)-(0895)', '(056)-(978)-(3356)', '(014)-(332)-(9294)', 'Promise @polka.co.za', 1),
('8612040918085', 'Tony ', 'Mgidi', '69639 Ext 3 Winterveldt', '0198', '(035)-(650)-(2366)', '(011)-(286)-(0669)', '(084)-(492)-(1875)', '', NULL),
('8703170594084', 'Zukisa', 'Sifile', 'VygieAvenue 9 Denne-Oord', '6529', '(041)-(600)-(2790)', '(016)-(764)-(1354)', '(017)-(238)-(7499)', 'Zukisa@yahoo.com', NULL),
('8703280117084', 'Petrus ', 'Naidoo', '5699 Moilao Street Kagiso 2', '1759', '(043)-(229)-(9780)', '(057)-(762)-(5347)', '(035)-(325)-(5373)', '', NULL),
('8709250986088', 'Lungiswa ', 'Van Niekerk', 'George Post Office 95 York Avenue George', '6529', '(054)-(469)-(9968)', '(048)-(829)-(3794)', '(020)-(524)-(6990)', 'Lungiswa @unisa.ac.za', NULL),
('8802220958083', 'Tshepo ', 'Pillay', 'Gonubie Palms Unit 230 Gonubie Palms East London Gonubie', '5257', '(014)-(327)-(1263)', '(045)-(284)-(0421)', '(048)-(203)-(7752)', '', NULL),
('8807130418086', 'Muteba ', 'Phiri', '15 Sekwinya Saulsville', '0125', '(096)-(689)-(1484)', '(088)-(402)-(4873)', '(086)-(718)-(9175)', '', 1),
('8807180866088', 'Mabokale ', 'Lephalala', '30 Nederburg Avenue Royldene', '8301', '(032)-(122)-(6306)', '(039)-(763)-(5593)', '(094)-(341)-(3768)', 'Mabokale @ananzi.co.za', 2),
('8810240788083', 'Lee-Anne ', 'Zwakala', '3986A 3Rd Ave Fairland', '2170', '(048)-(933)-(5332)', '(038)-(769)-(0898)', '(078)-(990)-(7224)', 'Lee-Anne @wastegiant.co.za', 2),
('8902010959088', 'Job', 'Spengane', '5 Rustenburg Dr Bellville', '7530', '(015)-(912)-(5678)', '(064)-(925)-(4571)', '(013)-(957)-(1818)', '', 2),
('8906120948084', 'Ivo ', 'Naidoo', 'China Construction Bank 5Th Floor, 95 Grayston Street Sandhurst', '2196', '(084)-(418)-(7519)', '(050)-(141)-(2503)', '(052)-(805)-(9023)', 'Ivo @sciohealth4life.co.za', 4),
('8906230122083', 'Tiishetjo', 'Makuwa', 'P O Box 2398 Nagina', '3609', '(020)-(428)-(1672)', '(090)-(253)-(4879)', '(053)-(535)-(9161)', 'Tiishetjo@lantic.net', 1),
('8907090202087', 'Andre ', 'Letsoele', '23939 Polaris Avenue Waterkloof Ridge', '0181', '(028)-(531)-(2410)', '(025)-(261)-(1356)', '(042)-(352)-(6588)', '', NULL),
('8907280730087', 'Moeketsi ', 'Chauke', 'P O Box 868 Port Edward', '9295', '(039)-(823)-(4035)', '(043)-(924)-(9730)', '(027)-(345)-(4048)', 'Moeketsi @mweb.co.za', 2),
('8908220122088', 'Andre ', 'Schoeman', 'PO Bos 535\r\nHONEYDEW\r\n2040', '', '(066)-(489)-(8662)', '(023)-(794)-(9855)', '(057)-(850)-(4856)', 'Andre @work.co.za', 2),
('9003280235085', 'Alex ', 'Mkhonto', '15 Beaufort Place 39 Beaufort Avenue Goodwood Park', '7960', '(097)-(965)-(1602)', '(061)-(129)-(0277)', '(029)-(270)-(8897)', '', 2),
('9010200680087', 'Mothupi ', 'Xulubana', 'P O Box 3912 Pretoria', '0001', '(018)-(867)-(8067)', '(065)-(848)-(7223)', '(039)-(256)-(2775)', 'Mothupi @telkomsa.net', 2),
('9012110306084', 'Thapelo ', 'Mokoena', 'C18239 Umsunduzi Road Kwamashu', '9359', '(055)-(900)-(9493)', '(053)-(715)-(3414)', '(043)-(775)-(4966)', 'Thapelo @gmail.com', 2),
('9103060340082', 'Mpho ', 'Hleza', '9953 Motloung Avenue Dobsonville Ext 3', '1863', '(046)-(303)-(4847)', '(026)-(340)-(8970)', '(083)-(339)-(7282)', '', NULL),
('9109140754088', 'Mashamokwena ', 'Van Vuuren', '995 30Th Avenue Villieria', '0186', '(072)-(432)-(4094)', '(099)-(338)-(6528)', '(097)-(273)-(6866)', 'Mashamokwena @mweb.co.za', NULL),
('9109150355087', 'Kgabo ', 'Le Masson', 'Unit 20 Monte Rosa Complex 293 Moerdyk Avenue Kyalami Hills Ext 5', '1689', '(041)-(515)-(2513)', '(029)-(565)-(8731)', '(019)-(579)-(1839)', '', NULL),
('9109270875081', 'Mavis', 'Khumalo', 'Mervelous Cyberworld 62C President Avenue Gemiston Georgetown', '1901', '(040)-(156)-(9201)', '(077)-(873)-(7623)', '(054)-(881)-(0606)', 'Mavis@telkomsa.net', 1),
('9110230494081', 'Nonjabulo', 'Horwell', '39 Rose Avenue Florida Ext', '1709', '(068)-(334)-(6801)', '(031)-(273)-(2013)', '(081)-(360)-(2706)', 'Nonjabulo@stteresas.co.za', 2),
('9202010527088', 'Nonhlanhla ', 'Rusch', '28 Moshoeshe Avenue Zone 11 Sebokeng', '1983', '(067)-(928)-(0725)', '(041)-(969)-(2681)', '(096)-(913)-(5807)', 'Nonhlanhla @iburst.co.za', 2),
('9202050898085', 'Quentin', 'Lesolisa', '3986 Vukani Complex North Riding Ext 1', '2169', '(046)-(760)-(0774)', '(026)-(862)-(6096)', '(058)-(898)-(7227)', 'Quentin@vodamail.co.za', 2),
('9204240981082', 'Emmanuel', 'Tyhalithi', 'PO Box 3154\r\nBedfordview\r\n2008', '', '(014)-(840)-(4566)', '(056)-(747)-(9182)', '(044)-(582)-(9841)', 'Emmanuel@ittesa.co.za', 2),
('9210110388086', 'Itumeleng ', 'Maphoto', '11 RUTSTEIN AVENUE BEN KAMMA', '', '(054)-(223)-(8867)', '(020)-(761)-(3234)', '(099)-(788)-(3703)', '', 2),
('9210160769082', 'Dinkonyane ', 'Monyela', '62 Major Road Clayville East Ext 39 Olifantsfontein', '1666', '(089)-(394)-(7495)', '(025)-(803)-(4678)', '(050)-(262)-(0275)', 'Dinkonyane @lantic.net', 2),
('9212120894085', 'Sandile ', 'Ntshabele', '395 President Avenue Mutual N Federal Johhanesburg Johannesburg', '2001', '(046)-(662)-(2634)', '(060)-(733)-(8353)', '(057)-(827)-(8320)', '', 2),
('9304280349087', 'Mmasaka ', 'Mkhonza', 'P O Box 626 Mokopane', '0600', '(061)-(236)-(9351)', '(091)-(988)-(7525)', '(044)-(268)-(8826)', 'Mmasaka @gmail.com', 1),
('9307040620082', 'Reinhard', 'Mabowa', '163983 Thabanchu Avenue Kagiso Ext 12', '1759', '(038)-(340)-(0978)', '(013)-(283)-(8123)', '(024)-(589)-(5525)', '', 2),
('9311100557082', 'Thilivhali ', 'Ramrathan', 'P O Box 1398 Thulamahashe', '1365', '(028)-(200)-(9583)', '(081)-(608)-(4835)', '(042)-(913)-(9140)', 'Thilivhali @mweb.co.za', 1),
('9403280679088', 'Daniel ', 'Khoza', 'P O Box 20951 Spruitview', '1925', '(058)-(187)-(2165)', '(056)-(753)-(1230)', '(091)-(845)-(3880)', 'Daniel @vodamail.co.za', 1),
('9405050739085', 'Hendrik ', 'Makama', '1399 Danie Theron Avenue Pretoria North', '0182', '(093)-(571)-(7843)', '(031)-(205)-(5814)', '(046)-(268)-(9024)', '', 1),
('9408100658087', 'Lonwabo', 'Tandwa', '398 Florance 263 Von Willich Die Hoewes', '0157', '(073)-(654)-(9133)', '(084)-(973)-(5762)', '(011)-(179)-(9743)', 'Lonwabo@mikropul.co.za', 2),
('9411220643082', 'Brandon ', 'Van Rooyen', 'P O Box 1966 Mathibestad', '918', '(078)-(373)-(4313)', '(073)-(645)-(2029)', '(073)-(841)-(5321)', '', 5),
('9412180136082', 'Daniel ', 'Kholophe', 'P O Box 339 Nebo', '7859', '(032)-(577)-(2930)', '(079)-(365)-(1248)', '(037)-(517)-(8140)', 'Daniel @kmcs.co.za', 1),
('9502240191083', 'Surendran', 'Mkhatswa', '93985 Ext 11 Tembisa', '1632', '(030)-(568)-(2595)', '(042)-(832)-(7961)', '(023)-(789)-(4089)', '', 2),
('9503010970083', 'Dolly ', 'Mogano', 'F 602 Umlazi', '9066', '(092)-(422)-(8994)', '(039)-(941)-(5580)', '(093)-(272)-(6077)', 'Dolly @telkomsa.net', 2),
('950310057086', 'Njabulo ', 'Bouwer', 'Edgemead Monte Vista Library Edgemead Street Edgemead', '7991', '(021)-(629)-(1008)', '(010)-(844)-(7197)', '(078)-(213)-(5281)', 'Njabulo @iafrica.com', 1),
('9504060158084', 'Cecil ', 'Koopman', '2363 Vuma Avenue Phomolong', '1632', '(020)-(848)-(4437)', '(022)-(512)-(6633)', '(096)-(555)-(1765)', 'Cecil @telkomsa.net', 2),
('9509040129082', 'Nomfundo ', 'Labuschagne', 'P O Box 195398 Madadeni', '2951', '(090)-(760)-(8625)', '(013)-(539)-(6148)', '(055)-(539)-(1341)', 'Nomfundo @gmail.com', NULL),
('9601060188087', 'Jade ', 'Raolane', '205 Balaton Court 19 Petersien & Twist Avenue Hillbrow', '2001', '(036)-(625)-(2350)', '(018)-(847)-(2687)', '(066)-(720)-(9567)', '', 2),
('960124047081', 'Phatte ', 'Yeki', 'Lot 225 Ohlange', '9309', '(025)-(393)-(9557)', '(071)-(791)-(1188)', '(074)-(192)-(3674)', '', 2),
('9606270939081', 'Ntombekaya', 'Lubbe', '3039 Transburgr 308 Jacob Marais Avenue Pretoria', '0002', '(047)-(140)-(2743)', '(019)-(588)-(3416)', '(011)-(325)-(5291)', 'Ntombekaya@eject.co.za', 2),
('9608280617083', 'Mamahooe ', 'Gumbi', '16 Speldekussinglaan\r\nRoodekrans', '', '(026)-(231)-(1537)', '(045)-(484)-(8031)', '(095)-(373)-(1093)', '', 2),
('9609270686085', 'Charl ', 'Wamala', 'P O Box 52056 Wierdapark', '199', '(090)-(380)-(6037)', '(063)-(856)-(5967)', '(049)-(919)-(1120)', 'Charl @olg.co.za', 1),
('9611120247088', 'Bernhardt ', 'Japudi', '3191 Poelano Avenue Extension 9 Nellmapius', '0122', '(082)-(871)-(2600)', '(057)-(119)-(6902)', '(054)-(528)-(2516)', 'Bernhardt @gmail.com', 2),
('9611150348082', 'Vuyokazi ', 'Eckstein', 'P O Box 939 Lydenburg', '1120', '(014)-(696)-(2799)', '(032)-(757)-(6380)', '(053)-(145)-(7835)', 'Vuyokazi @hotmail.com', 2),
('9612070824088', 'Culnescia', 'Webb', 'Unit 50 Camargue Complex Kerner Close Lakeside', '7995', '(068)-(355)-(5947)', '(087)-(271)-(5135)', '(053)-(437)-(5969)', 'Culnescia@gmail.com', NULL),
('9701100285087', 'Moses', 'Maarman', '39 Corbett Crescent Avenue Westgate', '3201', '(010)-(809)-(4317)', '(065)-(470)-(4175)', '(021)-(931)-(1663)', 'Moses@mweb.co.za', 2),
('9701100741082', 'Thipe ', 'Sibei', 'P O Box 9399 Braambos Military Base', '959', '(025)-(823)-(5885)', '(071)-(573)-(5389)', '(015)-(926)-(0923)', 'Thipe @edcon.co.za', NULL),
('9706130545082', 'Josaya ', 'Chauke', '12 Tweevingergras Danville', '0183', '(024)-(396)-(9177)', '(015)-(456)-(6491)', '(048)-(560)-(9024)', 'Josaya @gmail.com', 1),
('9710010812081', 'Phakamani ', 'Owens', 'Shopware Office, Whitehills Junxion Office Park, Whitehills Blv, Lonehill Lonehill Ext 391', '2191', '(067)-(697)-(9900)', '(091)-(519)-(4669)', '(094)-(115)-(0389)', 'Phakamani @gmail.com', 2),
('9710230788081', 'Avela', 'Ketelo', '39801 Okapi Avenue Pennyville', '1809', '(083)-(610)-(7973)', '(055)-(878)-(3546)', '(051)-(405)-(0710)', '', NULL),
('9712150845081', 'Nomvula ', 'Mchunu', '139 Riverclose Camelia Avenue Lynnwood', '0081', '(024)-(240)-(7132)', '(090)-(943)-(7917)', '(063)-(230)-(3631)', '', NULL),
('9810260112082', 'Terrence ', 'Mafogo', '39823 Section P Mamelodi West', '0122', '(089)-(251)-(8210)', '(029)-(446)-(6180)', '(023)-(154)-(7680)', '', NULL),
('9811220178083', 'Hulisani ', 'Bethlehem', '21 Yvonne street\r\nHelderkruin', '', '(045)-(805)-(7907)', '(021)-(676)-(2572)', '(091)-(247)-(8904)', '', NULL),
('9901030534081', 'Thabelo ', 'Mabota', '9 Everlasting Avenue Unit 2 Trinity Place Primrose', '1901', '(097)-(574)-(6587)', '(099)-(549)-(5714)', '(024)-(765)-(4674)', 'Thabelo @telkomsa.net', 2),
('9902110250084', 'Nkhetheni ', 'Maluleke', 'P O Box 1212 Kabokweni', '1295', '(058)-(917)-(9313)', '(089)-(913)-(4939)', '(034)-(415)-(6398)', '', 2),
('9907280115082', 'Paul ', 'Phakathi', '11 Rutstein Avenue Ben Kamma', '6025', '(056)-(331)-(7137)', '(058)-(553)-(6363)', '(014)-(552)-(0288)', '', 2),
('9908260536088', 'Kaone ', 'Mohammed', 'P O Box 3089 Knysna', '6570', '(092)-(559)-(8591)', '(057)-(591)-(8358)', '(014)-(633)-(0187)', '', 2),
('9910060946082', 'Christopher', 'Mitchel', '9 Albatross Way Thornton', '7960', '(092)-(948)-(3804)', '(013)-(862)-(7848)', '(027)-(728)-(0178)', '', 2),
('9910120124085', 'Emil', 'Venter', 'P O Box 63639 Weltevredenpark', '1715', '(023)-(574)-(1636)', '(061)-(382)-(4027)', '(065)-(592)-(8358)', 'Emil@transnet.net', NULL),
('9911090794084', 'Lerato ', 'Gaanakgomo', 'P O Box 30099 Temba', '907', '(052)-(475)-(7713)', '(029)-(447)-(7819)', '(058)-(710)-(9574)', 'Lerato @gplat.co.za', NULL),
('991212074083', 'Ayanda', 'Mukwevho', '11 MAYIBUYE HOUSE NO 19326 JOBURG IVORY PARK EXT 12', '', '(017)-(948)-(0516)', '(035)-(341)-(8986)', '(015)-(469)-(1082)', 'Ayanda@mweb.co.za', 2);

-- --------------------------------------------------------

--
-- Table structure for table `client_references`
--

CREATE TABLE `client_references` (
  `ref_id` int(11) UNSIGNED NOT NULL,
  `ref_description` text NOT NULL
) ENGINE=InnoDB DEFAULT CHARSET=utf8mb4;

--
-- Truncate table before insert `client_references`
--

TRUNCATE TABLE `client_references`;
--
-- Dumping data for table `client_references`
--

INSERT INTO `client_references` (`ref_id`, `ref_description`) VALUES
(1, 'Website'),
(2, 'WORD OF MOUTH'),
(3, 'Mother in Law'),
(4, 'Myself'),
(5, 'QWT');

-- --------------------------------------------------------

--
-- Table structure for table `invoices`
--

CREATE TABLE `invoices` (
  `inv_num` varchar(20) NOT NULL,
  `inv_date` date NOT NULL,
  `client_id` varchar(13) DEFAULT NULL,
  `consultation` decimal(13,2) NOT NULL,
  `total_supplement` decimal(13,2) NOT NULL,
  `grand_total` decimal(13,2) NOT NULL
) ENGINE=InnoDB DEFAULT CHARSET=utf8mb4;

--
-- Truncate table before insert `invoices`
--

TRUNCATE TABLE `invoices`;
--
-- Dumping data for table `invoices`
--

INSERT INTO `invoices` (`inv_num`, `inv_date`, `client_id`, `consultation`, `total_supplement`, `grand_total`) VALUES
('INV0001', '2010-01-28', '2012190284086', '300.00', '355.00', '655.00'),
('INV0002', '2010-04-07', '7309060944088', '0.00', '1050.00', '1050.00'),
('INV0003', '2010-05-06', '9003280235085', '0.00', '3430.00', '3430.00'),
('INV0004', '2010-07-10', '7212170290085', '300.00', '455.00', '755.00'),
('INV0005', '2010-07-19', '8807130418086', '300.00', '570.00', '870.00'),
('INV0006', '2010-08-01', '4708110702087', '300.00', '540.00', '840.00'),
('INV0007', '2010-08-05', '8610120779086', '300.00', '1220.00', '1520.00'),
('INV0008', '2010-08-13', '9003280235085', '300.00', '1390.80', '1690.80'),
('INV0009', '2010-12-22', '4104200140083', '0.00', '905.63', '905.63'),
('INV0010', '2011-01-01', '650402056081', '320.00', '1489.94', '1809.94'),
('INV0011', '2011-01-06', '5212190473083', '0.00', '502.10', '502.10'),
('INV0012', '2011-01-11', '2703080994088', '0.00', '2851.00', '2851.00'),
('INV0013', '2011-01-11', '2011240231088', '0.00', '252.14', '252.14'),
('INV0014', '2011-01-14', '2808250506083', '320.00', '276.78', '596.78'),
('INV0015', '2011-01-16', '4804180882084', '320.00', '273.90', '593.90'),
('INV0016', '2011-01-17', '2008190919082', '0.00', '1067.22', '1067.22'),
('INV0017', '2011-01-21', '8612040918085', '0.00', '820.80', '820.80'),
('INV0018', '2011-01-28', '5008230824086', '0.00', '467.90', '467.90'),
('INV0019', '2011-02-05', '9202010527088', '320.00', '285.36', '605.36'),
('INV0020', '2011-02-05', '1512140600088', '320.00', '202.25', '522.25'),
('INV0021', '2011-02-10', '2809270394087', '0.00', '488.92', '488.92'),
('INV0022', '2011-02-19', '4003100886084', '0.00', '929.60', '929.60'),
('INV0023', '2011-02-26', '6204260308088', '0.00', '640.56', '640.56'),
('INV0024', '2011-03-02', '7902150410084', '320.00', '798.72', '1118.72'),
('INV0025', '2011-03-04', '2007100717086', '0.00', '674.40', '674.40'),
('INV0026', '2011-03-05', '740501094086', '0.00', '2309.72', '2309.72'),
('INV0027', '2011-03-06', '630710012087', '320.00', '346.56', '666.56'),
('INV0028', '2011-03-10', '9710230788081', '320.00', '1692.18', '2012.18'),
('INV0029', '2011-03-14', '1908150375082', '320.00', '262.82', '582.82'),
('INV0030', '2011-03-17', '6607010903082', '0.00', '1162.10', '1162.10'),
('INV0031', '2011-03-18', '4102140915085', '0.00', '1825.46', '1825.46'),
('INV0032', '2011-03-18', '7002130927081', '0.00', '402.00', '402.00'),
('INV0033', '2011-04-04', '4812160561083', '0.00', '944.62', '944.62'),
('INV0034', '2011-04-08', '7312050486084', '320.00', '3497.75', '3817.75'),
('INV0035', '2011-04-10', '8902010959088', '0.00', '246.55', '246.55'),
('INV0036', '2011-04-11', '531127094084', '0.00', '306.19', '306.19'),
('INV0037', '2011-04-12', '8511250864088', '0.00', '2731.01', '2731.01'),
('INV0038', '2011-04-26', '7309060944088', '0.00', '278.36', '278.36'),
('INV0039', '2011-05-03', '8009100659085', '320.00', '1699.30', '2019.30'),
('INV0040', '2011-05-09', '5308230754082', '0.00', '1720.30', '1720.30'),
('INV0041', '2011-05-18', '9411220643082', '0.00', '210.16', '210.16'),
('INV0042', '2011-05-20', '5809250392081', '0.00', '553.40', '553.40'),
('INV0043', '2011-05-28', '5507140417085', '320.00', '4356.74', '4676.74'),
('INV0044', '2011-06-08', '4905080506087', '0.00', '1824.74', '1824.74'),
('INV0045', '2011-06-09', '4111180106083', '0.00', '1421.43', '1421.43'),
('INV0046', '2011-06-14', '1604070370087', '0.00', '1246.55', '1246.55'),
('INV0047', '2011-06-24', '1105280586088', '0.00', '1879.12', '1879.12'),
('INV0048', '2011-06-25', '4708110702087', '320.00', '1292.60', '1612.60'),
('INV0049', '2011-06-26', '9706130545082', '0.00', '1650.46', '1650.46'),
('INV0050', '2011-06-27', '1311240354085', '320.00', '2521.80', '2841.80'),
('INV0051', '2011-07-04', '9710230788081', '320.00', '2097.04', '2417.04'),
('INV0052', '2011-07-06', '2811170937087', '0.00', '1074.74', '1074.74'),
('INV0053', '2011-07-11', '4003100886084', '320.00', '418.50', '738.50'),
('INV0054', '2011-07-11', '5308230754082', '0.00', '796.64', '796.64'),
('INV0055', '2011-07-13', '5510220761085', '0.00', '1513.58', '1513.58'),
('INV0056', '2011-07-14', '7804050808083', '0.00', '1160.96', '1160.96'),
('INV0057', '2011-08-08', '2802230303081', '0.00', '1440.52', '1440.52'),
('INV0058', '2011-08-08', '2709110853083', '320.00', '1751.54', '2071.54'),
('INV0059', '2011-08-22', '9810260112082', '0.00', '649.74', '649.74'),
('INV0060', '2011-08-27', '9204240981082', '320.00', '681.74', '1001.74'),
('INV0061', '2011-09-09', '4512030696084', '320.00', '1234.08', '1554.08'),
('INV0062', '2011-09-21', '4111180106083', '0.00', '1993.76', '1993.76'),
('INV0063', '2011-09-22', '8101060996085', '0.00', '262.82', '262.82'),
('INV0064', '2011-10-07', '2210130900088', '320.00', '675.60', '995.60'),
('INV0065', '2011-10-09', '3708100193088', '0.00', '620.00', '620.00'),
('INV0066', '2011-10-20', '1007230144085', '0.00', '1075.06', '1075.06'),
('INV0067', '2011-10-25', '6509220788082', '320.00', '1012.68', '1332.68'),
('INV0068', '2011-10-26', '400422050085', '320.00', '1392.84', '1712.84'),
('INV0069', '2011-11-13', '491010022086', '0.00', '328.62', '328.62'),
('INV0070', '2011-11-15', '740501094086', '0.00', '1968.57', '1968.57'),
('INV0071', '2011-11-21', '6507120107086', '0.00', '271.71', '271.71'),
('INV0072', '2011-11-27', '8504060165087', '320.00', '2717.62', '3037.62'),
('INV0073', '2011-11-28', '3911070339085', '0.00', '587.60', '587.60'),
('INV0074', '2011-12-02', '7701030854083', '320.00', '441.48', '761.48'),
('INV0075', '2011-12-04', '4906270884086', '320.00', '3171.50', '3491.50'),
('INV0076', '2011-12-06', '7707250934088', '0.00', '221.36', '221.36'),
('INV0077', '2011-12-09', '5703210321082', '0.00', '482.52', '482.52'),
('INV0078', '2011-12-10', '4812160561083', '320.00', '843.75', '1163.75'),
('INV0079', '2011-12-16', '8908220122088', '0.00', '1285.98', '1285.98'),
('INV0080', '2012-01-01', '4708110702087', '0.00', '1127.32', '1127.32'),
('INV0081', '2012-01-02', '780622020088', '0.00', '976.34', '976.34'),
('INV0082', '2012-01-06', '1205040963082', '350.00', '1038.54', '1388.54'),
('INV0083', '2012-01-07', '1003280163086', '0.00', '1966.48', '1966.48'),
('INV0084', '2012-01-19', '451201089085', '0.00', '1013.60', '1013.60'),
('INV0085', '2012-01-20', '7808140304084', '350.00', '569.59', '919.59'),
('INV0086', '2012-01-20', '8807130418086', '350.00', '852.83', '1202.83'),
('INV0087', '2012-01-22', '82032206087', '350.00', '1947.21', '2297.21'),
('INV0088', '2012-01-27', '290611026087', '350.00', '1578.52', '1928.52'),
('INV0089', '2012-01-28', '3503100678084', '350.00', '1455.10', '1805.10'),
('INV0090', '2012-02-01', '3004230801084', '350.00', '1124.32', '1474.32'),
('INV0091', '2012-02-02', '7902150410084', '0.00', '1084.98', '1084.98'),
('INV0092', '2012-02-04', '1205040963082', '0.00', '838.65', '838.65'),
('INV0093', '2012-02-12', '1512140600088', '0.00', '991.14', '991.14'),
('INV0094', '2012-02-13', '5805130165085', '0.00', '1153.28', '1153.28'),
('INV0095', '2012-02-14', '7312170466084', '350.00', '1251.14', '1601.14'),
('INV0096', '2012-02-19', '2005130271081', '0.00', '1350.02', '1350.02'),
('INV0097', '2012-02-20', '2012200849081', '350.00', '707.30', '1057.30'),
('INV0098', '2012-02-25', '2809260609084', '350.00', '1381.68', '1731.68'),
('INV0099', '2012-02-26', '4102140915085', '0.00', '846.08', '846.08'),
('INV0100', '2012-02-27', '6803160923084', '0.00', '1256.00', '1256.00'),
('INV01000', '2015-09-11', '9212120894085', '450.00', '2040.52', '2490.52'),
('INV01001', '2015-09-12', '7203030169082', '0.00', '1016.04', '1016.04'),
('INV01002', '2015-09-12', '1107230618084', '0.00', '1488.20', '1488.20'),
('INV01003', '2015-09-19', '2709110853083', '450.00', '1567.10', '2017.10'),
('INV01004', '2015-09-19', '9412180136082', '450.00', '300.00', '750.00'),
('INV01005', '2015-09-21', '2104030218083', '450.00', '1673.40', '2123.40'),
('INV01006', '2015-09-24', '1709280678088', '450.00', '282.20', '732.20'),
('INV01007', '2015-09-26', '8009100659085', '450.00', '1327.56', '1777.56'),
('INV01008', '2015-09-27', '3505100334081', '0.00', '1406.26', '1406.26'),
('INV01009', '2015-09-28', '7809130240082', '450.00', '1194.08', '1644.08'),
('INV0101', '2012-03-04', '9412180136082', '0.00', '757.90', '757.90'),
('INV01010', '2015-10-01', '2707140905083', '450.00', '967.12', '1417.12'),
('INV01011', '2015-10-02', '9908260536088', '0.00', '2432.35', '2432.35'),
('INV01012', '2015-10-04', '820305040087', '450.00', '981.84', '1431.84'),
('INV01013', '2015-10-04', '2807090965085', '450.00', '646.68', '1096.68'),
('INV01014', '2015-10-08', '5805130165085', '450.00', '230.38', '680.38'),
('INV01015', '2015-10-09', '9706130545082', '450.00', '1384.70', '1834.70'),
('INV01016', '2015-10-13', '4911280960085', '0.00', '1180.40', '1180.40'),
('INV01017', '2015-10-13', '9109140754088', '450.00', '524.24', '974.24'),
('INV01018', '2015-10-14', '1003280163086', '0.00', '216.70', '216.70'),
('INV01019', '2015-10-15', '7704070438085', '450.00', '659.82', '1109.82'),
('INV0102', '2012-03-07', '6204260308088', '0.00', '1246.94', '1246.94'),
('INV01020', '2015-10-15', '9712150845081', '450.00', '463.00', '913.00'),
('INV01021', '2015-10-16', '2611180135088', '450.00', '955.26', '1405.26'),
('INV01022', '2015-10-18', '8101060996085', '0.00', '534.24', '534.24'),
('INV01023', '2015-10-19', '5510220761085', '0.00', '1083.50', '1083.50'),
('INV01024', '2015-10-22', '4103240120082', '0.00', '210.90', '210.90'),
('INV01025', '2015-10-22', '8504060165087', '0.00', '580.39', '580.39'),
('INV01026', '2015-10-22', '3605040496081', '0.00', '207.48', '207.48'),
('INV01027', '2015-10-23', '4110240825083', '0.00', '358.14', '358.14'),
('INV01028', '2015-10-23', '8009100659085', '450.00', '821.20', '1271.20'),
('INV01029', '2015-10-28', '5809170914084', '0.00', '740.58', '740.58'),
('INV0103', '2012-03-07', '7202270202087', '350.00', '886.09', '1236.09'),
('INV01030', '2015-10-28', '9202050898085', '0.00', '1346.64', '1346.64'),
('INV01031', '2015-11-07', '6802050633083', '0.00', '978.42', '978.42'),
('INV01032', '2015-11-08', '3605040496081', '450.00', '933.76', '1383.76'),
('INV01033', '2015-11-09', '5001110128088', '450.00', '142.68', '592.68'),
('INV01034', '2015-11-09', '9202050898085', '450.00', '2732.64', '3182.64'),
('INV01035', '2015-11-10', '341216047088', '450.00', '1177.30', '1627.30'),
('INV01036', '2015-11-11', '8103140774084', '450.00', '679.84', '1129.84'),
('INV01037', '2015-11-12', '6607010903082', '0.00', '1485.10', '1485.10'),
('INV01038', '2015-11-13', '8709250986088', '0.00', '1810.20', '1810.20'),
('INV01039', '2015-11-13', '3410210326084', '0.00', '855.30', '855.30'),
('INV0104', '2012-03-09', '1107230618084', '0.00', '5454.20', '5454.20'),
('INV01040', '2015-11-14', '8709250986088', '450.00', '2415.84', '2865.84'),
('INV01041', '2015-11-14', '3801170828084', '450.00', '1270.88', '1720.88'),
('INV01042', '2015-11-15', '1501200671081', '0.00', '653.06', '653.06'),
('INV01043', '2015-11-16', '1105280586088', '450.00', '349.90', '799.90'),
('INV01044', '2015-11-17', '7701030854083', '450.00', '766.38', '1216.38'),
('INV01045', '2015-11-19', '1705180376087', '0.00', '489.36', '489.36'),
('INV01046', '2015-11-19', '960124047081', '450.00', '1157.50', '1607.50'),
('INV01047', '2015-11-22', '510523033088', '450.00', '1466.24', '1916.24'),
('INV01048', '2015-11-22', '4512220543086', '0.00', '5880.04', '5880.04'),
('INV01049', '2015-12-01', '9509040129082', '450.00', '1243.01', '1693.01'),
('INV0105', '2012-03-12', '6404030447088', '0.00', '1136.04', '1136.04'),
('INV01050', '2015-12-02', '1003280163086', '0.00', '944.22', '944.22'),
('INV01051', '2015-12-04', '9910060946082', '0.00', '2298.10', '2298.10'),
('INV01052', '2015-12-06', '521023092081', '0.00', '1828.54', '1828.54'),
('INV01053', '2015-12-07', '7002130927081', '450.00', '687.72', '1137.72'),
('INV01054', '2015-12-09', '8807130418086', '450.00', '1361.66', '1811.66'),
('INV01055', '2015-12-13', '1412130177086', '0.00', '1031.28', '1031.28'),
('INV01056', '2015-12-14', '7312050486084', '450.00', '1336.31', '1786.31'),
('INV01057', '2015-12-16', '6111040850088', '450.00', '366.04', '816.04'),
('INV01058', '2015-12-16', '2009210740082', '450.00', '549.06', '999.06'),
('INV01059', '2015-12-20', '3505100334081', '450.00', '1147.67', '1597.67'),
('INV0106', '2012-03-12', '4508260675083', '0.00', '497.76', '497.76'),
('INV01060', '2015-12-23', '7609240686081', '0.00', '1562.20', '1562.20'),
('INV01061', '2015-12-24', '4512220543086', '450.00', '1261.20', '1711.20'),
('INV01062', '2015-12-24', '2303030988083', '0.00', '1161.89', '1161.89'),
('INV01063', '2015-12-25', '8612040918085', '450.00', '1252.57', '1702.57'),
('INV01064', '2015-12-26', '4111180106083', '450.00', '1914.77', '2364.77'),
('INV01065', '2016-01-02', '7503060788083', '0.00', '1113.04', '1113.04'),
('INV01066', '2016-01-03', '9606270939081', '460.00', '940.16', '1400.16'),
('INV01067', '2016-01-04', '670305077081', '0.00', '2446.00', '2446.00'),
('INV01068', '2016-01-06', '400422050085', '460.00', '2987.30', '3447.30'),
('INV01069', '2016-01-08', '4509220879086', '0.00', '1318.84', '1318.84'),
('INV0107', '2012-03-13', '2111130577081', '0.00', '2391.18', '2391.18'),
('INV01070', '2016-01-08', '2802230303081', '460.00', '1241.19', '1701.19'),
('INV01071', '2016-01-12', '5507140417085', '0.00', '953.44', '953.44'),
('INV01072', '2016-01-13', '5704100297086', '0.00', '1422.22', '1422.22'),
('INV01073', '2016-01-14', '1302080439088', '460.00', '1601.32', '2061.32'),
('INV01074', '2016-01-14', '4111180106083', '0.00', '504.08', '504.08'),
('INV01075', '2016-01-15', '5001110128088', '0.00', '321.12', '321.12'),
('INV01076', '2016-01-17', '4906270884086', '0.00', '411.50', '411.50'),
('INV01077', '2016-01-17', '8902010959088', '460.00', '2005.42', '2465.42'),
('INV01078', '2016-01-19', '7511030931085', '0.00', '1389.52', '1389.52'),
('INV01079', '2016-01-21', '3001280724084', '0.00', '25161.59', '25161.59'),
('INV0108', '2012-03-13', '9509040129082', '0.00', '2295.55', '2295.55'),
('INV01080', '2016-01-22', '9503010970083', '0.00', '1249.22', '1249.22'),
('INV01081', '2016-01-22', '4603230789086', '0.00', '221.26', '221.26'),
('INV01082', '2016-01-23', '6511130973087', '460.00', '693.58', '1153.58'),
('INV01083', '2016-01-26', '7412210788083', '0.00', '732.08', '732.08'),
('INV01084', '2016-01-27', '8009100659085', '460.00', '923.08', '1383.08'),
('INV01085', '2016-01-27', '1908150375082', '0.00', '2373.28', '2373.28'),
('INV01086', '2016-01-28', '491010022086', '460.00', '989.20', '1449.20'),
('INV01087', '2016-02-01', '4104200140083', '460.00', '529.79', '989.79'),
('INV01088', '2016-02-01', '6509220788082', '0.00', '1292.54', '1292.54'),
('INV01089', '2016-02-01', '8005030611082', '460.00', '2465.14', '2925.14'),
('INV0109', '2012-03-16', '8407030360083', '0.00', '2334.57', '2334.57'),
('INV01090', '2016-02-01', '5002080660085', '460.00', '2061.92', '2521.92'),
('INV01091', '2016-02-02', '5001070584088', '0.00', '1453.06', '1453.06'),
('INV01092', '2016-02-02', '2707140905083', '460.00', '114.00', '574.00'),
('INV01093', '2016-02-03', '400422050085', '460.00', '477.63', '937.63'),
('INV01094', '2016-02-03', '9012110306084', '460.00', '408.04', '868.04'),
('INV01095', '2016-02-03', '2711130236088', '460.00', '2081.98', '2541.98'),
('INV01096', '2016-02-03', '681014062082', '460.00', '1703.90', '2163.90'),
('INV01097', '2016-02-04', '2802230303081', '0.00', '1812.48', '1812.48'),
('INV01098', '2016-02-05', '5710230923081', '460.00', '1016.96', '1476.96'),
('INV01099', '2016-02-05', '2104030218083', '460.00', '262.56', '722.56'),
('INV0110', '2012-03-18', '6412050862088', '0.00', '1773.60', '1773.60'),
('INV01100', '2016-02-06', '6609200993085', '460.00', '573.00', '1033.00'),
('INV01101', '2016-02-06', '1412130177086', '460.00', '1771.96', '2231.96'),
('INV01102', '2016-02-07', '1412130177086', '460.00', '1028.75', '1488.75'),
('INV01103', '2016-02-07', '1604070370087', '0.00', '802.58', '802.58'),
('INV01104', '2016-02-08', '9210160769082', '0.00', '730.69', '730.69'),
('INV01105', '2016-02-08', '2005130271081', '0.00', '761.52', '761.52'),
('INV01106', '2016-02-10', '47072706087', '460.00', '686.84', '1146.84'),
('INV01107', '2016-02-10', '1311240354085', '0.00', '756.16', '756.16'),
('INV01108', '2016-02-13', '2906040747081', '460.00', '598.26', '1058.26'),
('INV01109', '2016-02-13', '7705180627087', '460.00', '1855.28', '2315.28'),
('INV0111', '2012-03-20', '9911090794084', '0.00', '2304.20', '2304.20'),
('INV01110', '2016-02-14', '2704170868088', '460.00', '2155.66', '2615.66'),
('INV01111', '2016-02-15', '8703170594084', '0.00', '1434.32', '1434.32'),
('INV01112', '2016-02-15', '780622020088', '460.00', '962.90', '1422.90'),
('INV01113', '2016-02-16', '7312170466084', '460.00', '1532.90', '1992.90'),
('INV01114', '2016-02-18', '9504060158084', '460.00', '933.50', '1393.50'),
('INV01115', '2016-02-18', '510523033088', '0.00', '997.59', '997.59'),
('INV01116', '2016-02-18', '8501270465083', '460.00', '963.56', '1423.56'),
('INV01117', '2016-02-19', '9606270939081', '460.00', '1552.92', '2012.92'),
('INV01118', '2016-02-20', '4308010928085', '0.00', '1282.80', '1282.80'),
('INV01119', '2016-02-21', '8512050670085', '460.00', '317.02', '777.02'),
('INV0112', '2012-03-21', '7312050486084', '0.00', '1139.76', '1139.76'),
('INV01120', '2016-02-23', '6507050556081', '460.00', '954.55', '1414.55'),
('INV01121', '2016-02-23', '2102130913085', '460.00', '1193.04', '1653.04'),
('INV01122', '2016-02-25', '1704180177085', '460.00', '525.12', '985.12'),
('INV01123', '2016-02-26', '1604070370087', '0.00', '925.84', '925.84'),
('INV01124', '2016-02-27', '8306110412083', '0.00', '2171.36', '2171.36'),
('INV01125', '2016-03-01', '4307190367081', '460.00', '735.84', '1195.84'),
('INV01126', '2016-03-02', '7809130240082', '460.00', '1966.02', '2426.02'),
('INV01127', '2016-03-05', '2709210905082', '460.00', '843.54', '1303.54'),
('INV01128', '2016-03-05', '2809260609084', '460.00', '1391.30', '1851.30'),
('INV01129', '2016-03-06', '8709250986088', '0.00', '1346.03', '1346.03'),
('INV0113', '2012-03-21', '7809130240082', '0.00', '1842.18', '1842.18'),
('INV01130', '2016-03-07', '4401230403085', '0.00', '2330.79', '2330.79'),
('INV01131', '2016-03-07', '7907160124082', '460.00', '702.44', '1162.44'),
('INV01132', '2016-03-08', '3001280724084', '460.00', '9587.60', '10047.60'),
('INV01133', '2016-03-09', '9204240981082', '0.00', '1771.92', '1771.92'),
('INV01134', '2016-03-11', '7108280360087', '0.00', '590.36', '590.36'),
('INV01135', '2016-03-11', '6111260929085', '0.00', '1154.08', '1154.08'),
('INV01136', '2016-03-12', '8012160653084', '460.00', '1550.43', '2010.43'),
('INV01137', '2016-03-12', '4302130387083', '460.00', '3290.30', '3750.30'),
('INV01138', '2016-03-12', '9103060340082', '460.00', '944.46', '1404.46'),
('INV01139', '2016-03-13', '4102140915085', '0.00', '1265.76', '1265.76'),
('INV0114', '2012-03-22', '7203030169082', '0.00', '605.44', '605.44'),
('INV01140', '2016-03-14', '6308240548084', '0.00', '1819.84', '1819.84'),
('INV01141', '2016-03-14', '9911090794084', '460.00', '1110.41', '1570.41'),
('INV01142', '2016-03-15', '4603230789086', '0.00', '768.30', '768.30'),
('INV01143', '2016-03-19', '9611120247088', '0.00', '136.71', '136.71'),
('INV01144', '2016-03-19', '9412180136082', '0.00', '1265.76', '1265.76'),
('INV01145', '2016-03-19', '6204260308088', '460.00', '1012.68', '1472.68'),
('INV01146', '2016-03-20', '730823030086', '0.00', '2518.24', '2518.24'),
('INV01147', '2016-03-21', '2303030988083', '460.00', '595.38', '1055.38'),
('INV01148', '2016-03-23', '6711170133088', '0.00', '3478.34', '3478.34'),
('INV01149', '2016-03-23', '7609110201086', '460.00', '1713.54', '2173.54'),
('INV0115', '2012-03-24', '7701260528087', '350.00', '2052.96', '2402.96'),
('INV01150', '2016-03-24', '4207260415085', '460.00', '2033.32', '2493.32'),
('INV01151', '2016-03-24', '4901240565082', '460.00', '1126.72', '1586.72'),
('INV01152', '2016-03-25', '4603230789086', '0.00', '718.74', '718.74'),
('INV01153', '2016-03-25', '6706260635082', '460.00', '1162.48', '1622.48'),
('INV01154', '2016-03-26', '7412210788083', '460.00', '814.46', '1274.46'),
('INV01155', '2016-03-28', '1007230144085', '0.00', '1344.80', '1344.80'),
('INV01156', '2016-03-28', '640428082086', '0.00', '1813.44', '1813.44'),
('INV01157', '2016-03-28', '2102130913085', '0.00', '1610.01', '1610.01'),
('INV01158', '2016-04-01', '6207220448088', '460.00', '552.16', '1012.16'),
('INV01159', '2016-04-03', '2007100717086', '0.00', '1041.72', '1041.72'),
('INV0116', '2012-03-26', '630710012087', '350.00', '1069.47', '1419.47'),
('INV01160', '2016-04-05', '1504280313088', '0.00', '1730.35', '1730.35'),
('INV01161', '2016-04-05', '7309060944088', '460.00', '770.58', '1230.58'),
('INV01162', '2016-04-06', '9701100285087', '0.00', '1863.68', '1863.68'),
('INV01163', '2016-04-07', '9408100658087', '460.00', '269.22', '729.22'),
('INV01164', '2016-04-07', '3411260488085', '460.00', '1285.60', '1745.60'),
('INV01165', '2016-04-08', '2906040747081', '0.00', '168.82', '168.82'),
('INV01166', '2016-04-08', '9611120247088', '460.00', '492.68', '952.68'),
('INV01167', '2016-04-09', '9902110250084', '0.00', '273.42', '273.42'),
('INV01168', '2016-04-09', '1603220911086', '460.00', '2343.04', '2803.04'),
('INV01169', '2016-04-10', '6111260929085', '460.00', '763.74', '1223.74'),
('INV0117', '2012-04-04', '9210160769082', '0.00', '433.40', '433.40'),
('INV01170', '2016-04-12', '6603100144082', '460.00', '1058.32', '1518.32'),
('INV01171', '2016-04-12', '1603220911086', '460.00', '1079.96', '1539.96'),
('INV01172', '2016-04-12', '1705180376087', '460.00', '1437.84', '1897.84'),
('INV01173', '2016-04-13', '4702060556086', '0.00', '234.92', '234.92'),
('INV01174', '2016-04-15', '1704180177085', '0.00', '2419.68', '2419.68'),
('INV01175', '2016-04-16', '341216047088', '0.00', '1557.84', '1557.84'),
('INV01176', '2016-04-16', '6311250169086', '0.00', '245.20', '245.20'),
('INV01177', '2016-04-16', '8309040682084', '460.00', '991.74', '1451.74'),
('INV01178', '2016-04-16', '521023092081', '0.00', '834.52', '834.52'),
('INV01179', '2016-04-16', '3605040496081', '460.00', '945.00', '1405.00'),
('INV0118', '2012-04-05', '2709210905082', '0.00', '1012.68', '1012.68'),
('INV01180', '2016-04-17', '3406130687081', '460.00', '972.80', '1432.80'),
('INV01181', '2016-04-18', '6308240548084', '460.00', '822.81', '1282.81'),
('INV01182', '2016-04-21', '4510260369082', '460.00', '607.72', '1067.72'),
('INV01183', '2016-04-21', '5711110485087', '460.00', '410.40', '870.40'),
('INV01184', '2016-04-21', '2011240231088', '0.00', '913.68', '913.68'),
('INV01185', '2016-04-21', '7003050348086', '0.00', '2217.96', '2217.96'),
('INV01186', '2016-04-23', '5901150381088', '460.00', '612.28', '1072.28'),
('INV01187', '2016-04-23', '4512030696084', '460.00', '854.24', '1314.24'),
('INV01188', '2016-04-23', '2809260609084', '0.00', '1123.92', '1123.92'),
('INV01189', '2016-04-23', '2102130913085', '460.00', '1340.00', '1800.00'),
('INV0119', '2012-04-06', '2104030218083', '350.00', '0.00', '350.00'),
('INV01190', '2016-04-24', '6509220788082', '460.00', '1440.42', '1900.42'),
('INV01191', '2016-04-25', '5001110128088', '0.00', '1605.59', '1605.59'),
('INV01192', '2016-04-25', '6507070463082', '460.00', '1334.20', '1794.20'),
('INV01193', '2016-04-25', '6511130973087', '0.00', '1574.94', '1574.94'),
('INV01194', '2016-04-25', '7809130240082', '0.00', '1487.30', '1487.30'),
('INV01195', '2016-04-28', '3605040496081', '460.00', '1008.71', '1468.71'),
('INV01196', '2016-04-28', '9103060340082', '0.00', '1746.36', '1746.36'),
('INV01197', '2016-05-01', '7203030169082', '0.00', '871.86', '871.86'),
('INV01198', '2016-05-05', '6204260308088', '0.00', '2044.09', '2044.09'),
('INV01199', '2016-05-06', '8709250986088', '460.00', '2934.46', '3394.46'),
('INV0120', '2012-04-08', '9103060340082', '0.00', '1256.98', '1256.98'),
('INV01200', '2016-05-06', '1107230618084', '0.00', '659.12', '659.12'),
('INV01201', '2016-05-08', '7403250912088', '460.00', '397.53', '857.53'),
('INV01202', '2016-05-10', '5809250392081', '460.00', '735.06', '1195.06'),
('INV01203', '2016-05-11', '7001190645085', '460.00', '1220.88', '1680.88'),
('INV01204', '2016-05-11', '8612040918085', '460.00', '517.56', '977.56'),
('INV01205', '2016-05-12', '2612230397082', '460.00', '1233.84', '1693.84'),
('INV01206', '2016-05-13', '9710230788081', '0.00', '1928.24', '1928.24'),
('INV01207', '2016-05-14', '5505120413085', '0.00', '297.02', '297.02'),
('INV01208', '2016-05-14', '5308230754082', '0.00', '540.56', '540.56'),
('INV01209', '2016-05-15', '9304280349087', '460.00', '1188.38', '1648.38'),
('INV0121', '2012-04-09', '3601280328086', '350.00', '1012.68', '1362.68'),
('INV01210', '2016-05-15', '4403240664081', '0.00', '392.36', '392.36'),
('INV01211', '2016-05-16', '5801140101084', '460.00', '2234.22', '2694.22'),
('INV01212', '2016-05-17', '9701100741082', '0.00', '854.94', '854.94'),
('INV01213', '2016-05-17', '8703170594084', '0.00', '845.04', '845.04'),
('INV01214', '2016-05-18', '5008230824086', '0.00', '1558.68', '1558.68'),
('INV01215', '2016-05-20', '4403190822084', '0.00', '1480.44', '1480.44'),
('INV01216', '2016-05-20', '7410130630081', '0.00', '277.12', '277.12'),
('INV01217', '2016-05-22', '9204240981082', '460.00', '855.20', '1315.20'),
('INV01218', '2016-05-23', '1412130177086', '460.00', '1758.12', '2218.12'),
('INV01219', '2016-05-25', '4710160845084', '0.00', '971.48', '971.48'),
('INV0122', '2012-04-09', '3602250350086', '350.00', '0.00', '350.00'),
('INV01220', '2016-05-25', '4508260675083', '460.00', '636.48', '1096.48'),
('INV01221', '2016-05-26', '4511070585086', '460.00', '255.72', '715.72'),
('INV01222', '2016-05-27', '2612230397082', '0.00', '2721.58', '2721.58'),
('INV01223', '2016-05-27', '9712150845081', '460.00', '1115.46', '1575.46'),
('INV01224', '2016-05-28', '7902150410084', '460.00', '1429.86', '1889.86'),
('INV01225', '2016-06-01', '1504280313088', '0.00', '5893.62', '5893.62'),
('INV01226', '2016-06-03', '4302130387083', '0.00', '666.66', '666.66'),
('INV01227', '2016-06-03', '4005040289082', '460.00', '717.16', '1177.16'),
('INV01228', '2016-06-05', '5512080417086', '460.00', '878.20', '1338.20'),
('INV01229', '2016-06-07', '4110240825083', '0.00', '2445.18', '2445.18'),
('INV0123', '2012-04-11', '3001280724084', '350.00', '0.00', '350.00'),
('INV01230', '2016-06-08', '2303030988083', '0.00', '250.28', '250.28'),
('INV01231', '2016-06-08', '4403190822084', '0.00', '1260.74', '1260.74'),
('INV01232', '2016-06-09', '9110230494081', '0.00', '2043.68', '2043.68'),
('INV01233', '2016-06-12', '4401230403085', '460.00', '937.38', '1397.38'),
('INV01234', '2016-06-12', '7002130927081', '460.00', '1814.51', '2274.51'),
('INV01235', '2016-06-13', '770124076088', '0.00', '1025.26', '1025.26'),
('INV01236', '2016-06-14', '9701100741082', '0.00', '169.96', '169.96'),
('INV01237', '2016-06-14', '8008280468086', '0.00', '15117.10', '15117.10'),
('INV01238', '2016-06-15', '6803010610087', '0.00', '1335.36', '1335.36'),
('INV01239', '2016-06-15', '9502240191083', '460.00', '205.12', '665.12'),
('INV0124', '2012-04-12', '4601060264085', '350.00', '1147.18', '1497.18'),
('INV01240', '2016-06-17', '2210130900088', '460.00', '1226.40', '1686.40'),
('INV01241', '2016-06-17', '5901150381088', '460.00', '292.46', '752.46'),
('INV01242', '2016-06-17', '2605130248088', '0.00', '3073.54', '3073.54'),
('INV01243', '2016-06-18', '780622020088', '460.00', '755.58', '1215.58'),
('INV01244', '2016-06-21', '8407030360083', '460.00', '3898.92', '4358.92'),
('INV01245', '2016-06-21', '8101060996085', '460.00', '2446.34', '2906.34'),
('INV01246', '2016-06-21', '5809250392081', '0.00', '563.36', '563.36'),
('INV01247', '2016-06-25', '5705080129087', '0.00', '1035.52', '1035.52'),
('INV01248', '2016-06-25', '8902010959088', '0.00', '1718.58', '1718.58'),
('INV01249', '2016-06-25', '7609110201086', '0.00', '809.97', '809.97'),
('INV0125', '2012-04-13', '9212120894085', '350.00', '1803.90', '2153.90'),
('INV01250', '2016-06-26', '7609240686081', '460.00', '844.10', '1304.10'),
('INV01251', '2016-06-28', '6204260308088', '460.00', '1099.06', '1559.06'),
('INV01252', '2016-06-28', '7309060944088', '0.00', '827.64', '827.64'),
('INV01253', '2016-07-01', '6404230631085', '0.00', '314.82', '314.82'),
('INV01254', '2016-07-03', '400422050085', '0.00', '464.08', '464.08'),
('INV01255', '2016-07-03', '7410130630081', '0.00', '2365.48', '2365.48'),
('INV01256', '2016-07-03', '3306170196085', '460.00', '869.50', '1329.50'),
('INV01257', '2016-07-05', '1007230144085', '460.00', '10980.64', '11440.64'),
('INV01258', '2016-07-06', '670305077081', '0.00', '1826.96', '1826.96'),
('INV01259', '2016-07-06', '4910190324088', '0.00', '1944.92', '1944.92'),
('INV0126', '2012-04-19', '4307190367081', '350.00', '2162.88', '2512.88'),
('INV01260', '2016-07-07', '1805020907085', '0.00', '1001.28', '1001.28'),
('INV01261', '2016-07-08', '5209150693082', '460.00', '2455.32', '2915.32'),
('INV01262', '2016-07-09', '7602020209088', '0.00', '1108.12', '1108.12'),
('INV01263', '2016-07-10', '8502060290083', '460.00', '1075.22', '1535.22'),
('INV01264', '2016-07-12', '5505090581082', '0.00', '314.82', '314.82'),
('INV01265', '2016-07-12', '6311250169086', '460.00', '840.09', '1300.09'),
('INV01266', '2016-07-12', '2109050549084', '460.00', '249.40', '709.40'),
('INV01267', '2016-07-13', '2109050549084', '0.00', '1448.44', '1448.44'),
('INV01268', '2016-07-14', '7701260528087', '0.00', '930.64', '930.64'),
('INV01269', '2016-07-17', '7808220226082', '0.00', '2456.81', '2456.81'),
('INV0127', '2012-04-28', '1203280171086', '350.00', '568.02', '918.02'),
('INV01270', '2016-07-18', '4601060264085', '460.00', '904.14', '1364.14'),
('INV01271', '2016-07-18', '9601060188087', '0.00', '289.92', '289.92'),
('INV01272', '2016-07-20', '8501030560088', '460.00', '2230.76', '2690.76'),
('INV01273', '2016-07-20', '6112060275088', '460.00', '779.23', '1239.23'),
('INV01274', '2016-07-20', '4910190324088', '460.00', '396.72', '856.72'),
('INV01275', '2016-07-20', '3211200919082', '0.00', '2704.94', '2704.94'),
('INV01276', '2016-07-20', '5507130805081', '0.00', '826.08', '826.08'),
('INV01277', '2016-07-21', '4702060556086', '460.00', '498.79', '958.79'),
('INV01278', '2016-07-24', '5512080417086', '0.00', '998.94', '998.94'),
('INV01279', '2016-07-26', '2009210740082', '0.00', '479.00', '479.00'),
('INV0128', '2012-04-28', '490705046088', '0.00', '490.20', '490.20'),
('INV01280', '2016-07-26', '5510220761085', '460.00', '547.40', '1007.40'),
('INV01281', '2016-07-27', '9503010970083', '460.00', '2394.08', '2854.08'),
('INV01282', '2016-08-03', '2809270394087', '0.00', '325.52', '325.52'),
('INV01283', '2016-08-06', '7312170466084', '460.00', '612.28', '1072.28'),
('INV01284', '2016-08-08', '6310200940086', '460.00', '398.84', '858.84'),
('INV01285', '2016-08-08', '5209150693082', '460.00', '734.03', '1194.03'),
('INV01286', '2016-08-09', '6602070398082', '0.00', '712.60', '712.60'),
('INV01287', '2016-08-10', '341216047088', '460.00', '1756.00', '2216.00'),
('INV01288', '2016-08-10', '5608060712087', '0.00', '2740.51', '2740.51'),
('INV01289', '2016-08-12', '7805110427084', '460.00', '554.24', '1014.24'),
('INV0129', '2012-05-05', '660620054086', '0.00', '1289.38', '1289.38'),
('INV01290', '2016-08-12', '2809270394087', '0.00', '2783.78', '2783.78'),
('INV01291', '2016-08-13', '9504060158084', '0.00', '1144.24', '1144.24'),
('INV01292', '2016-08-14', '2007100717086', '460.00', '1580.70', '2040.70'),
('INV01293', '2016-08-14', '6605260331087', '460.00', '1907.88', '2367.88'),
('INV01294', '2016-08-15', '9109270875081', '460.00', '2173.44', '2633.44'),
('INV01295', '2016-08-16', '6310200940086', '0.00', '1083.50', '1083.50'),
('INV01296', '2016-08-16', '8807130418086', '460.00', '714.00', '1174.00'),
('INV01297', '2016-08-17', '2707140905083', '460.00', '665.96', '1125.96'),
('INV01298', '2016-08-20', '5210250933083', '460.00', '1778.38', '2238.38'),
('INV01299', '2016-08-20', '1608130591087', '460.00', '521.70', '981.70'),
('INV0130', '2012-05-05', '2802230303081', '0.00', '333.28', '333.28'),
('INV01300', '2016-08-20', '6404230631085', '0.00', '1766.65', '1766.65'),
('INV01301', '2016-08-21', '9412180136082', '460.00', '935.16', '1395.16'),
('INV01302', '2016-08-23', '7609110201086', '460.00', '347.80', '807.80'),
('INV01303', '2016-08-23', '1205040963082', '460.00', '1964.31', '2424.31'),
('INV01304', '2016-08-24', '5805130165085', '460.00', '980.08', '1440.08'),
('INV01305', '2016-08-24', '4003100886084', '0.00', '1959.96', '1959.96'),
('INV01306', '2016-08-24', '8508060640084', '460.00', '1062.68', '1522.68'),
('INV01307', '2016-08-25', '1705180376087', '0.00', '816.08', '816.08'),
('INV01308', '2016-08-25', '7705180627087', '0.00', '2203.48', '2203.48'),
('INV01309', '2016-08-25', '2902030264083', '0.00', '1396.00', '1396.00'),
('INV0131', '2012-05-11', '9710010812081', '350.00', '335.00', '685.00'),
('INV01310', '2016-08-26', '2005130271081', '460.00', '755.58', '1215.58'),
('INV01311', '2016-08-27', '2805070756085', '460.00', '2728.72', '3188.72'),
('INV01312', '2016-08-27', '5206110625085', '0.00', '2226.92', '2226.92'),
('INV01313', '2016-08-28', '4512220543086', '0.00', '413.04', '413.04'),
('INV01314', '2016-09-01', '8104260177081', '460.00', '1101.00', '1561.00'),
('INV01315', '2016-09-02', '3503100678084', '460.00', '278.26', '738.26'),
('INV01316', '2016-09-03', '3211200919082', '460.00', '1371.28', '1831.28'),
('INV01317', '2016-09-03', '8610120779086', '460.00', '238.62', '698.62'),
('INV01318', '2016-09-05', '5910030388087', '0.00', '1148.90', '1148.90'),
('INV01319', '2016-09-05', '1704180177085', '460.00', '2810.26', '3270.26'),
('INV0132', '2012-05-11', '740501094086', '0.00', '189.34', '189.34'),
('INV01320', '2016-09-05', '1007230144085', '0.00', '1083.50', '1083.50'),
('INV01321', '2016-09-05', '3503100678084', '460.00', '226.34', '686.34'),
('INV01322', '2016-09-06', '9706130545082', '0.00', '2260.40', '2260.40'),
('INV01323', '2016-09-07', '2303030988083', '0.00', '636.42', '636.42'),
('INV01324', '2016-09-08', '2906040747081', '460.00', '1932.96', '2392.96'),
('INV01325', '2016-09-09', '400422050085', '0.00', '773.04', '773.04'),
('INV01326', '2016-09-09', '5612220214081', '460.00', '875.79', '1335.79'),
('INV01327', '2016-09-10', '6609200993085', '460.00', '1801.58', '2261.58'),
('INV01328', '2016-09-10', '6810160795088', '460.00', '1278.70', '1738.70'),
('INV01329', '2016-09-12', '1203280171086', '460.00', '273.42', '733.42'),
('INV0133', '2012-05-16', '8103140774084', '0.00', '1791.88', '1791.88'),
('INV01330', '2016-09-12', '5706200140082', '0.00', '14505.32', '14505.32'),
('INV01331', '2016-09-12', '8008280468086', '460.00', '954.04', '1414.04'),
('INV01332', '2016-09-13', '290611026087', '460.00', '317.02', '777.02'),
('INV01333', '2016-09-13', '2907080814082', '460.00', '504.08', '964.08'),
('INV01334', '2016-09-13', '7505030416082', '460.00', '262.56', '722.56'),
('INV01335', '2016-09-15', '1311040718081', '0.00', '1750.94', '1750.94'),
('INV01336', '2016-09-16', '6102220345081', '460.00', '424.28', '884.28'),
('INV01337', '2016-09-16', '47120603088', '0.00', '1557.62', '1557.62'),
('INV01338', '2016-09-19', '1205040963082', '460.00', '2867.60', '3327.60'),
('INV01339', '2016-09-23', '2309220589087', '0.00', '1284.36', '1284.36'),
('INV0134', '2012-05-17', '7003050348086', '0.00', '331.32', '331.32'),
('INV01340', '2016-09-24', '4511070585086', '0.00', '933.42', '933.42'),
('INV01341', '2016-09-24', '9902110250084', '460.00', '258.96', '718.96'),
('INV01342', '2016-09-25', '2703080994088', '0.00', '2555.84', '2555.84'),
('INV01343', '2016-09-26', '2303030988083', '460.00', '8235.48', '8695.48'),
('INV01344', '2016-09-26', '3306170196085', '460.00', '1181.96', '1641.96'),
('INV01345', '2016-09-28', '290611026087', '0.00', '918.28', '918.28'),
('INV01346', '2016-09-28', '4909110460081', '0.00', '750.84', '750.84'),
('INV01347', '2016-10-01', '3911070339085', '460.00', '2069.60', '2529.60'),
('INV01348', '2016-10-02', '7004060440082', '0.00', '1770.74', '1770.74'),
('INV01349', '2016-10-04', '5505090581082', '460.00', '645.44', '1105.44'),
('INV0135', '2012-05-19', '5801140101084', '0.00', '894.16', '894.16'),
('INV01350', '2016-10-04', '960124047081', '0.00', '851.61', '851.61'),
('INV01351', '2016-10-05', '3906250668088', '0.00', '1054.60', '1054.60'),
('INV01352', '2016-10-06', '4302130387083', '460.00', '1168.50', '1628.50'),
('INV01353', '2016-10-07', '1705180376087', '0.00', '694.56', '694.56'),
('INV01354', '2016-10-08', '1705180376087', '460.00', '192.58', '652.58'),
('INV01355', '2016-10-08', '9408100658087', '460.00', '1558.68', '2018.68'),
('INV01356', '2016-10-10', '2612230397082', '460.00', '275.88', '735.88'),
('INV01357', '2016-10-11', '8506270616083', '0.00', '3183.12', '3183.12'),
('INV01358', '2016-10-12', '1804030915086', '0.00', '2303.92', '2303.92'),
('INV01359', '2016-10-12', '4710160845084', '460.00', '626.94', '1086.94'),
('INV0136', '2012-05-21', '2303030988083', '350.00', '61.47', '411.47'),
('INV01360', '2016-10-13', '670305077081', '0.00', '1081.12', '1081.12'),
('INV01361', '2016-10-13', '5109040274081', '460.00', '1316.14', '1776.14'),
('INV01362', '2016-10-16', '510523033088', '460.00', '1401.80', '1861.80'),
('INV01363', '2016-10-16', '7205020213082', '0.00', '277.16', '277.16'),
('INV01364', '2016-10-17', '1512140600088', '0.00', '612.28', '612.28'),
('INV01365', '2016-10-17', '6605260331087', '460.00', '1174.61', '1634.61'),
('INV01366', '2016-10-17', '2012190284086', '460.00', '208.98', '668.98'),
('INV01367', '2016-10-18', '6408200513081', '0.00', '670.62', '670.62'),
('INV01368', '2016-10-18', '8306110412083', '0.00', '1439.58', '1439.58'),
('INV01369', '2016-10-20', '5008230824086', '0.00', '968.16', '968.16'),
('INV0137', '2012-05-22', '2906040747081', '350.00', '714.88', '1064.88'),
('INV01370', '2016-10-23', '4110240825083', '460.00', '796.66', '1256.66'),
('INV01371', '2016-10-23', '3809260231088', '460.00', '641.40', '1101.40'),
('INV01372', '2016-10-24', '9701100741082', '460.00', '978.04', '1438.04'),
('INV01373', '2016-10-24', '2109180750085', '0.00', '321.12', '321.12'),
('INV01374', '2016-10-26', '3505100334081', '0.00', '156.28', '156.28'),
('INV01375', '2016-10-26', '2605150205088', '460.00', '558.80', '1018.80'),
('INV01376', '2016-10-26', '9109140754088', '460.00', '188.43', '648.43'),
('INV01377', '2016-10-27', '9706130545082', '0.00', '2184.44', '2184.44'),
('INV01378', '2016-10-27', '9412180136082', '0.00', '838.98', '838.98'),
('INV01379', '2016-11-01', '2012200849081', '0.00', '604.92', '604.92'),
('INV0138', '2012-05-25', '9901030534081', '0.00', '670.00', '670.00'),
('INV01380', '2016-11-01', '8610120779086', '460.00', '1300.39', '1760.39'),
('INV01381', '2016-11-01', '4511070585086', '460.00', '919.30', '1379.30'),
('INV01382', '2016-11-02', '6404210377085', '0.00', '1502.20', '1502.20'),
('INV01383', '2016-11-03', '8907090202087', '0.00', '704.76', '704.76'),
('INV01384', '2016-11-03', '9212120894085', '0.00', '1699.00', '1699.00'),
('INV01385', '2016-11-04', '1007230144085', '460.00', '322.72', '782.72'),
('INV01386', '2016-11-04', '8508060640084', '0.00', '2143.70', '2143.70'),
('INV01387', '2016-11-05', '1810160413088', '0.00', '1484.99', '1484.99'),
('INV01388', '2016-11-06', '7403250912088', '0.00', '1077.88', '1077.88'),
('INV01389', '2016-11-07', '2612230397082', '0.00', '238.62', '238.62'),
('INV0139', '2012-05-26', '1307090536085', '350.00', '1340.72', '1690.72'),
('INV01390', '2016-11-08', '5809170914084', '0.00', '1169.84', '1169.84'),
('INV01391', '2016-11-08', '2005130271081', '460.00', '554.31', '1014.31'),
('INV01392', '2016-11-09', '6102220345081', '0.00', '2614.72', '2614.72'),
('INV01393', '2016-11-09', '6605260331087', '0.00', '201.88', '201.88'),
('INV01394', '2016-11-10', '8703170594084', '460.00', '809.78', '1269.78'),
('INV01395', '2016-11-10', '2309220589087', '0.00', '1652.52', '1652.52'),
('INV01396', '2016-11-10', '4207260415085', '460.00', '385.16', '845.16'),
('INV01397', '2016-11-11', '4601060264085', '460.00', '1503.28', '1963.28'),
('INV01398', '2016-11-12', '7303120569085', '0.00', '2378.02', '2378.02'),
('INV01399', '2016-11-12', '1902060828085', '0.00', '1585.10', '1585.10'),
('INV0140', '2012-05-26', '6005080590081', '0.00', '1154.08', '1154.08'),
('INV01400', '2016-11-13', '4403190822084', '460.00', '1363.38', '1823.38'),
('INV01401', '2016-11-13', '8105100593086', '0.00', '252.04', '252.04'),
('INV01402', '2016-11-14', '7609110201086', '460.00', '613.52', '1073.52'),
('INV01403', '2016-11-14', '8409280542088', '0.00', '729.60', '729.60'),
('INV01404', '2016-11-15', '6803010610087', '0.00', '1630.70', '1630.70'),
('INV01405', '2016-11-15', '1302080439088', '460.00', '759.54', '1219.54'),
('INV01406', '2016-11-16', '4702060556086', '0.00', '909.92', '909.92'),
('INV01407', '2016-11-17', '2012190284086', '0.00', '1049.30', '1049.30'),
('INV01408', '2016-11-17', '5002080660085', '0.00', '919.30', '919.30'),
('INV01409', '2016-11-18', '650402056081', '0.00', '563.36', '563.36'),
('INV0141', '2012-05-26', '8802220958083', '350.00', '969.00', '1319.00'),
('INV01410', '2016-11-18', '4510260369082', '0.00', '816.09', '816.09'),
('INV01411', '2016-11-18', '4104200140083', '460.00', '2001.20', '2461.20'),
('INV01412', '2016-11-20', '8104260177081', '0.00', '1116.44', '1116.44'),
('INV01413', '2016-11-22', '2102130913085', '460.00', '689.45', '1149.45'),
('INV01414', '2016-11-22', '4403240664081', '460.00', '1026.40', '1486.40'),
('INV01415', '2016-11-24', '6404230631085', '0.00', '1786.98', '1786.98'),
('INV01416', '2016-11-24', '3708100193088', '460.00', '1655.52', '2115.52'),
('INV01417', '2016-11-24', '3001280724084', '0.00', '329.56', '329.56'),
('INV01418', '2016-11-24', '4911280960085', '460.00', '1640.80', '2100.80'),
('INV01419', '2016-11-26', '6209040562083', '0.00', '2872.06', '2872.06'),
('INV0142', '2012-06-03', '7004060440082', '0.00', '1635.37', '1635.37'),
('INV01420', '2016-11-26', '670305077081', '460.00', '804.00', '1264.00'),
('INV01421', '2016-11-26', '7705180627087', '460.00', '338.50', '798.50'),
('INV01422', '2016-11-27', '4111180106083', '460.00', '1028.50', '1488.50'),
('INV01423', '2016-11-28', '1908150375082', '460.00', '1521.18', '1981.18'),
('INV01424', '2016-12-01', '151021036088', '0.00', '986.60', '986.60'),
('INV01425', '2016-12-01', '7412210788083', '0.00', '1991.66', '1991.66'),
('INV01426', '2016-12-02', '660620054086', '460.00', '1626.71', '2086.71'),
('INV01427', '2016-12-03', '8902010959088', '460.00', '5490.32', '5950.32'),
('INV01428', '2016-12-04', '4708110702087', '460.00', '1319.38', '1779.38'),
('INV01429', '2016-12-06', '8512050670085', '0.00', '759.54', '759.54'),
('INV0143', '2012-06-05', '9212120894085', '0.00', '483.20', '483.20'),
('INV01430', '2016-12-06', '6408200513081', '0.00', '1611.48', '1611.48'),
('INV01431', '2016-12-07', '3203230938086', '460.00', '1702.16', '2162.16'),
('INV01432', '2016-12-07', '9609270686085', '460.00', '838.20', '1298.20'),
('INV01433', '2016-12-07', '4804180882084', '460.00', '1636.19', '2096.19'),
('INV01434', '2016-12-07', '5209150693082', '0.00', '1766.00', '1766.00'),
('INV01435', '2016-12-08', '9503010970083', '0.00', '671.51', '671.51'),
('INV01436', '2016-12-09', '6408200513081', '460.00', '2571.82', '3031.82'),
('INV01437', '2016-12-10', '2111130577081', '0.00', '2148.56', '2148.56'),
('INV01438', '2016-12-12', '7202270202087', '460.00', '790.32', '1250.32'),
('INV01439', '2016-12-13', '5304280232082', '460.00', '789.28', '1249.28'),
('INV0144', '2012-06-06', '6102220345081', '350.00', '875.20', '1225.20'),
('INV01440', '2016-12-17', '4104200140083', '460.00', '901.32', '1361.32'),
('INV01441', '2016-12-17', '9609270686085', '0.00', '1960.08', '1960.08'),
('INV01442', '2016-12-19', '3508030550085', '0.00', '1111.80', '1111.80'),
('INV01443', '2016-12-19', '7701030854083', '460.00', '2041.77', '2501.77'),
('INV01444', '2016-12-22', '2802230303081', '460.00', '1363.32', '1823.32'),
('INV01445', '2016-12-23', '6603100144082', '460.00', '220.12', '680.12'),
('INV01446', '2016-12-23', '2809260609084', '460.00', '806.88', '1266.88'),
('INV01447', '2016-12-24', '7705180627087', '460.00', '1503.18', '1963.18'),
('INV01448', '2016-12-25', '7503060788083', '460.00', '606.32', '1066.32'),
('INV01449', '2016-12-25', '4307190367081', '0.00', '1437.14', '1437.14'),
('INV0145', '2012-06-08', '2709210905082', '350.00', '309.71', '659.71'),
('INV01450', '2016-12-26', '4403190822084', '0.00', '885.54', '885.54'),
('INV01451', '2016-12-26', '7808220226082', '460.00', '369.56', '829.56'),
('INV01452', '2016-12-27', '2011240231088', '460.00', '1216.81', '1676.81'),
('INV01453', '2016-12-27', '6111260929085', '460.00', '2091.60', '2551.60'),
('INV01454', '2016-12-28', '5809250392081', '0.00', '1268.10', '1268.10'),
('INV01455', '2017-01-02', '7002130927081', '480.00', '1572.80', '2052.80'),
('INV01456', '2017-01-03', '2303030988083', '480.00', '5597.03', '6077.03'),
('INV01457', '2017-01-03', '531127094084', '480.00', '893.60', '1373.60'),
('INV01458', '2017-01-13', '4103240120082', '0.00', '654.20', '654.20'),
('INV01459', '2017-01-17', '7202270202087', '480.00', '657.88', '1137.88'),
('INV0146', '2012-06-09', '8103140774084', '0.00', '140.32', '140.32'),
('INV01460', '2017-01-18', '47120603088', '0.00', '760.68', '760.68'),
('INV01461', '2017-01-18', '6310200940086', '0.00', '1414.00', '1414.00'),
('INV01462', '2017-01-23', '5608240727082', '480.00', '2513.46', '2993.46'),
('INV01463', '2017-01-26', '8104260177081', '480.00', '1570.76', '2050.76'),
('INV01464', '2017-01-28', '3610150249083', '480.00', '476.72', '956.72'),
('INV01465', '2017-02-03', '9710230788081', '480.00', '643.26', '1123.26'),
('INV01466', '2017-02-03', '7312170466084', '480.00', '1128.65', '1608.65'),
('INV01467', '2017-02-09', '3211200919082', '0.00', '935.49', '935.49'),
('INV01468', '2017-02-12', '5602060518087', '0.00', '451.44', '451.44'),
('INV01469', '2017-02-12', '6102220345081', '0.00', '1378.20', '1378.20'),
('INV0147', '2012-06-11', '7701260528087', '0.00', '968.94', '968.94'),
('INV01470', '2017-02-15', '2411070180081', '0.00', '1284.88', '1284.88'),
('INV01471', '2017-02-16', '7808220226082', '0.00', '1081.12', '1081.12'),
('INV01472', '2017-02-21', '3503100678084', '480.00', '1220.30', '1700.30'),
('INV01473', '2017-02-21', '4005040289082', '480.00', '706.92', '1186.92'),
('INV01474', '2017-02-23', '7610250179087', '480.00', '586.68', '1066.68'),
('INV01475', '2017-02-24', '1805020907085', '0.00', '3834.72', '3834.72'),
('INV01476', '2017-03-01', '341216047088', '480.00', '2091.16', '2571.16'),
('INV01477', '2017-03-04', '2104030218083', '0.00', '1157.60', '1157.60'),
('INV01478', '2017-03-06', '4906270884086', '480.00', '1505.30', '1985.30'),
('INV01479', '2017-03-06', '1512140600088', '0.00', '226.96', '226.96'),
('INV0148', '2012-06-13', '740501094086', '0.00', '523.56', '523.56'),
('INV01480', '2017-03-09', '9202010527088', '480.00', '1321.46', '1801.46'),
('INV01481', '2017-03-14', '290611026087', '0.00', '658.92', '658.92'),
('INV01482', '2017-03-14', '5801140101084', '480.00', '870.12', '1350.12'),
('INV01483', '2017-03-28', '4003100886084', '0.00', '8610.02', '8610.02'),
('INV01484', '2017-04-02', '6111260929085', '480.00', '1522.40', '2002.40'),
('INV01485', '2017-04-11', '2902030264083', '480.00', '297.16', '777.16'),
('INV01486', '2017-04-14', '1011160807087', '0.00', '2163.60', '2163.60'),
('INV01487', '2017-04-16', '3911070339085', '0.00', '1508.43', '1508.43'),
('INV01488', '2017-04-20', '8501270465083', '480.00', '2567.18', '3047.18'),
('INV01489', '2017-04-22', '8501270465083', '0.00', '953.44', '953.44'),
('INV0149', '2012-06-14', '1504280313088', '350.00', '2529.07', '2879.07'),
('INV01490', '2017-04-23', '4508260675083', '480.00', '386.82', '866.82'),
('INV01491', '2017-04-26', '7907160124082', '480.00', '275.10', '755.10'),
('INV01492', '2017-05-02', '2709110853083', '0.00', '2250.64', '2250.64'),
('INV01493', '2017-05-03', '8508170901082', '480.00', '935.43', '1415.43'),
('INV01494', '2017-05-04', '2808250506083', '480.00', '1974.04', '2454.04'),
('INV01495', '2017-05-05', '7701260528087', '480.00', '1443.64', '1923.64'),
('INV01496', '2017-05-05', '1705180376087', '0.00', '212.04', '212.04'),
('INV01497', '2017-05-09', '6412050862088', '480.00', '391.12', '871.12'),
('INV01498', '2017-05-10', '451201089085', '480.00', '1397.08', '1877.08'),
('INV01499', '2017-05-13', '2608180553088', '480.00', '263.72', '743.72'),
('INV0150', '2012-06-16', '2902030264083', '0.00', '217.84', '217.84'),
('INV01500', '2017-05-15', '1003280163086', '0.00', '2277.40', '2277.40'),
('INV01501', '2017-05-16', '6112060275088', '0.00', '1304.90', '1304.90'),
('INV01502', '2017-05-17', '9103060340082', '480.00', '9953.06', '10433.06'),
('INV01503', '2017-05-23', '7309060944088', '480.00', '1151.90', '1631.90'),
('INV01504', '2017-05-24', '9202010527088', '480.00', '953.44', '1433.44'),
('INV01505', '2017-05-25', '9911090794084', '0.00', '1100.02', '1100.02'),
('INV01506', '2017-05-26', '6209040562083', '0.00', '1344.04', '1344.04'),
('INV01507', '2017-06-04', '5608060712087', '480.00', '276.94', '756.94'),
('INV01508', '2017-06-12', '3906250668088', '480.00', '619.04', '1099.04'),
('INV01509', '2017-06-14', '9212120894085', '480.00', '1425.66', '1905.66'),
('INV0151', '2012-06-17', '7602020209088', '0.00', '868.88', '868.88'),
('INV01510', '2017-06-15', '9411220643082', '0.00', '1083.90', '1083.90'),
('INV01511', '2017-06-19', '6111040850088', '480.00', '283.28', '763.28'),
('INV01512', '2017-06-20', '2012200849081', '480.00', '2163.62', '2643.62'),
('INV01513', '2017-06-24', '6408200513081', '480.00', '2042.50', '2522.50'),
('INV01514', '2017-06-26', '6310200940086', '0.00', '816.28', '816.28'),
('INV01515', '2017-06-26', '2303030988083', '480.00', '1594.80', '2074.80'),
('INV01516', '2017-06-28', '2902030264083', '0.00', '3106.76', '3106.76'),
('INV0152', '2012-06-17', '4605100562088', '0.00', '928.68', '928.68'),
('INV0153', '2012-06-22', '5507130805081', '0.00', '183.02', '183.02'),
('INV0154', '2012-06-23', '4104200140083', '0.00', '1512.45', '1512.45'),
('INV0155', '2012-06-25', '3410210326084', '350.00', '387.60', '737.60'),
('INV0156', '2012-07-01', '8612040918085', '350.00', '271.42', '621.42'),
('INV0157', '2012-07-04', '7003050348086', '350.00', '195.04', '545.04'),
('INV0158', '2012-07-05', '9109270875081', '350.00', '412.94', '762.94'),
('INV0159', '2012-07-10', '7202270202087', '350.00', '175.92', '525.92'),
('INV0160', '2012-07-10', '5209150693082', '350.00', '87.88', '437.88'),
('INV0161', '2012-07-11', '8612040918085', '350.00', '20838.12', '21188.12'),
('INV0162', '2012-07-11', '6509050392085', '0.00', '1351.76', '1351.76'),
('INV0163', '2012-07-14', '8906120948084', '350.00', '960.58', '1310.58'),
('INV0164', '2012-07-15', '8004280354084', '350.00', '1242.48', '1592.48'),
('INV0165', '2012-07-16', '8209260885087', '0.00', '1713.14', '1713.14'),
('INV0166', '2012-07-16', '1810160413088', '350.00', '2293.34', '2643.34'),
('INV0167', '2012-07-17', '8101060996085', '0.00', '1240.18', '1240.18');
INSERT INTO `invoices` (`inv_num`, `inv_date`, `client_id`, `consultation`, `total_supplement`, `grand_total`) VALUES
('INV0168', '2012-08-01', '2807090965085', '0.00', '497.11', '497.11'),
('INV0169', '2012-08-11', '6102220345081', '0.00', '282.92', '282.92'),
('INV0170', '2012-08-15', '7906010195081', '350.00', '808.93', '1158.93'),
('INV0171', '2012-08-15', '9103060340082', '0.00', '981.12', '981.12'),
('INV0172', '2012-08-17', '3801170828084', '0.00', '277.32', '277.32'),
('INV0173', '2012-08-19', '6605260331087', '350.00', '235.57', '585.57'),
('INV0174', '2012-08-20', '6605260331087', '0.00', '143.74', '143.74'),
('INV0175', '2012-08-25', '2711130236088', '0.00', '3012.24', '3012.24'),
('INV0176', '2012-08-25', '3906250668088', '0.00', '401.12', '401.12'),
('INV0177', '2012-09-05', '8504060165087', '350.00', '1030.65', '1380.65'),
('INV0178', '2012-09-06', '7202270202087', '0.00', '1206.70', '1206.70'),
('INV0179', '2012-09-07', '3004230801084', '0.00', '218.98', '218.98'),
('INV0180', '2012-09-15', '670305077081', '0.00', '4013.06', '4013.06'),
('INV0181', '2012-09-23', '1302080439088', '350.00', '1604.88', '1954.88'),
('INV0182', '2012-09-25', '8807130418086', '0.00', '314.84', '314.84'),
('INV0183', '2012-09-26', '9403280679088', '350.00', '836.01', '1186.01'),
('INV0184', '2012-10-01', '1011060902084', '350.00', '1974.26', '2324.26'),
('INV0185', '2012-10-05', '7906010195081', '350.00', '995.69', '1345.69'),
('INV0186', '2012-10-08', '3605040496081', '0.00', '540.56', '540.56'),
('INV0187', '2012-10-14', '9504060158084', '350.00', '540.66', '890.66'),
('INV0188', '2012-10-16', '4710160845084', '0.00', '1106.30', '1106.30'),
('INV0189', '2012-10-24', '2303030988083', '350.00', '167.68', '517.68'),
('INV0190', '2012-10-25', '1203280171086', '350.00', '336.66', '686.66'),
('INV0191', '2012-11-04', '1203280171086', '350.00', '6331.48', '6681.48'),
('INV0192', '2012-11-05', '8508170901082', '0.00', '1143.10', '1143.10'),
('INV0193', '2012-11-08', '4710160845084', '0.00', '2013.96', '2013.96'),
('INV0194', '2012-11-10', '7004060440082', '0.00', '896.20', '896.20'),
('INV0195', '2012-11-10', '1709280678088', '0.00', '1632.04', '1632.04'),
('INV0196', '2012-11-19', '640428082086', '350.00', '1444.96', '1794.96'),
('INV0197', '2012-11-22', '2805070756085', '350.00', '934.06', '1284.06'),
('INV0198', '2012-11-24', '3410210326084', '0.00', '2085.99', '2085.99'),
('INV0199', '2012-11-24', '1906040694086', '0.00', '1281.76', '1281.76'),
('INV0200', '2012-11-26', '1805020907085', '350.00', '909.50', '1259.50'),
('INV0201', '2012-11-26', '2709210905082', '0.00', '2273.94', '2273.94'),
('INV0202', '2012-12-01', '7212170290085', '350.00', '946.70', '1296.70'),
('INV0203', '2012-12-01', '8511250864088', '0.00', '3509.73', '3509.73'),
('INV0204', '2012-12-06', '510523033088', '350.00', '92.44', '442.44'),
('INV0205', '2012-12-06', '1007230144085', '350.00', '55.86', '405.86'),
('INV0206', '2012-12-07', '8610120779086', '350.00', '2643.90', '2993.90'),
('INV0207', '2012-12-11', '2703080994088', '350.00', '3763.62', '4113.62'),
('INV0208', '2012-12-15', '1204030632082', '0.00', '766.48', '766.48'),
('INV0209', '2012-12-19', '2109180750085', '350.00', '1160.36', '1510.36'),
('INV0210', '2012-12-20', '1311240354085', '0.00', '935.62', '935.62'),
('INV0211', '2012-12-28', '6408200513081', '350.00', '148.12', '498.12'),
('INV0212', '2012-12-28', '510523033088', '0.00', '961.94', '961.94'),
('INV0213', '2013-01-01', '6308240548084', '0.00', '906.80', '906.80'),
('INV0214', '2013-01-01', '1308190287088', '0.00', '575.02', '575.02'),
('INV0215', '2013-01-01', '2102130913085', '380.00', '894.48', '1274.48'),
('INV0216', '2013-01-03', '1104280343081', '380.00', '1208.00', '1588.00'),
('INV0217', '2013-01-04', '7801120638083', '0.00', '787.14', '787.14'),
('INV0218', '2013-01-04', '4510260369082', '380.00', '891.83', '1271.83'),
('INV0219', '2013-01-05', '3909170450081', '380.00', '861.62', '1241.62'),
('INV0220', '2013-01-05', '7902150410084', '380.00', '9588.22', '9968.22'),
('INV0221', '2013-01-06', '6201140807084', '380.00', '642.81', '1022.81'),
('INV0222', '2013-01-09', '5505090581082', '380.00', '1295.69', '1675.69'),
('INV0223', '2013-01-09', '8008280468086', '0.00', '2987.50', '2987.50'),
('INV0224', '2013-01-10', '780622020088', '0.00', '717.36', '717.36'),
('INV0225', '2013-01-11', '9411220643082', '380.00', '991.30', '1371.30'),
('INV0226', '2013-01-11', '1311240354085', '380.00', '2102.66', '2482.66'),
('INV0227', '2013-01-13', '7106160389084', '0.00', '796.20', '796.20'),
('INV0228', '2013-01-14', '3305280817081', '0.00', '474.34', '474.34'),
('INV0229', '2013-01-14', '4905080506087', '0.00', '602.32', '602.32'),
('INV0230', '2013-01-16', '8409280542088', '380.00', '269.63', '649.63'),
('INV0231', '2013-01-20', '1512170591085', '380.00', '800.82', '1180.82'),
('INV0232', '2013-01-21', '2104030218083', '0.00', '1768.64', '1768.64'),
('INV0233', '2013-01-22', '2011240231088', '380.00', '1134.54', '1514.54'),
('INV0234', '2013-01-23', '9109270875081', '0.00', '890.05', '890.05'),
('INV0235', '2013-01-23', '3505100334081', '380.00', '2034.00', '2414.00'),
('INV0236', '2013-01-24', '6112060275088', '0.00', '1079.81', '1079.81'),
('INV0237', '2013-01-26', '5706150123087', '380.00', '430.62', '810.62'),
('INV0238', '2013-01-26', '1412130177086', '0.00', '2143.28', '2143.28'),
('INV0239', '2013-01-26', '2012200849081', '0.00', '1353.51', '1353.51'),
('INV0240', '2013-01-27', '2804220399085', '0.00', '13722.30', '13722.30'),
('INV0241', '2013-02-01', '2709110853083', '380.00', '474.64', '854.64'),
('INV0242', '2013-02-02', '9701100285087', '380.00', '601.68', '981.68'),
('INV0243', '2013-02-02', '1906040694086', '0.00', '575.80', '575.80'),
('INV0244', '2013-02-03', '3508030550085', '380.00', '1186.68', '1566.68'),
('INV0245', '2013-02-03', '5703210321082', '380.00', '965.16', '1345.16'),
('INV0246', '2013-02-04', '7412210788083', '0.00', '1317.40', '1317.40'),
('INV0247', '2013-02-05', '9706130545082', '380.00', '1413.26', '1793.26'),
('INV0248', '2013-02-05', '7704070438085', '380.00', '1459.70', '1839.70'),
('INV0249', '2013-02-06', '3605040496081', '380.00', '347.64', '727.64'),
('INV0250', '2013-02-06', '2808250506083', '0.00', '468.12', '468.12'),
('INV0251', '2013-02-07', '1906040694086', '380.00', '2859.87', '3239.87'),
('INV0252', '2013-02-07', '9003280235085', '0.00', '2222.01', '2222.01'),
('INV0253', '2013-02-08', '6509220788082', '0.00', '2470.30', '2470.30'),
('INV0254', '2013-02-08', '5703210321082', '0.00', '10757.20', '10757.20'),
('INV0255', '2013-02-09', '3902120576083', '0.00', '807.51', '807.51'),
('INV0256', '2013-02-09', '3902120576083', '380.00', '605.64', '985.64'),
('INV0257', '2013-02-09', '8511250864088', '380.00', '845.14', '1225.14'),
('INV0258', '2013-02-11', '8703170594084', '0.00', '1549.20', '1549.20'),
('INV0259', '2013-02-11', '7410130630081', '0.00', '1755.16', '1755.16'),
('INV0260', '2013-02-12', '2703080994088', '0.00', '292.04', '292.04'),
('INV0261', '2013-02-13', '2007100717086', '0.00', '293.18', '293.18'),
('INV0262', '2013-02-17', '490705046088', '0.00', '211.26', '211.26'),
('INV0263', '2013-02-18', '1203280171086', '380.00', '1155.56', '1535.56'),
('INV0264', '2013-02-19', '6511130973087', '0.00', '2711.86', '2711.86'),
('INV0265', '2013-02-19', '9110230494081', '0.00', '1502.76', '1502.76'),
('INV0266', '2013-02-20', '6802050633083', '0.00', '163.98', '163.98'),
('INV0267', '2013-02-20', '6705050635085', '380.00', '1471.10', '1851.10'),
('INV0268', '2013-02-21', '4702060556086', '380.00', '923.94', '1303.94'),
('INV0269', '2013-02-22', '3305280817081', '380.00', '541.50', '921.50'),
('INV0270', '2013-02-23', '4005040289082', '0.00', '211.62', '211.62'),
('INV0271', '2013-02-25', '8807130418086', '380.00', '212.14', '592.14'),
('INV0272', '2013-02-26', '3508130716085', '380.00', '1106.14', '1486.14'),
('INV0273', '2013-02-28', '2809270394087', '0.00', '1578.88', '1578.88'),
('INV0274', '2013-03-01', '400422050085', '380.00', '214.42', '594.42'),
('INV0275', '2013-03-01', '9311100557082', '380.00', '1392.42', '1772.42'),
('INV0276', '2013-03-02', '521023092081', '380.00', '1351.40', '1731.40'),
('INV0277', '2013-03-02', '5711110485087', '0.00', '547.60', '547.60'),
('INV0278', '2013-03-02', '5907270761084', '0.00', '145.92', '145.92'),
('INV0279', '2013-03-05', '1804030915086', '0.00', '856.63', '856.63'),
('INV0280', '2013-03-06', '6102220345081', '0.00', '256.60', '256.60'),
('INV0281', '2013-03-06', '9109140754088', '0.00', '146.59', '146.59'),
('INV0282', '2013-03-06', '5308230754082', '380.00', '1111.36', '1491.36'),
('INV0283', '2013-03-06', '5109080251088', '0.00', '693.52', '693.52'),
('INV0284', '2013-03-11', '9403280679088', '380.00', '1034.80', '1414.80'),
('INV0285', '2013-03-12', '2711130236088', '380.00', '1077.94', '1457.94'),
('INV0286', '2013-03-12', '6803160923084', '380.00', '164.16', '544.16'),
('INV0287', '2013-03-12', '3610150249083', '380.00', '602.51', '982.51'),
('INV0288', '2013-03-12', '5001070584088', '380.00', '278.36', '658.36'),
('INV0289', '2013-03-14', '1204030632082', '380.00', '1628.95', '2008.95'),
('INV0290', '2013-03-16', '1504280313088', '380.00', '891.84', '1271.84'),
('INV0291', '2013-03-16', '8906120948084', '380.00', '750.29', '1130.29'),
('INV0292', '2013-03-17', '3503100678084', '0.00', '2005.02', '2005.02'),
('INV0293', '2013-03-17', '8209260885087', '380.00', '932.45', '1312.45'),
('INV0294', '2013-03-19', '5505090581082', '0.00', '1250.24', '1250.24'),
('INV0295', '2013-03-22', '8709250986088', '0.00', '832.70', '832.70'),
('INV0296', '2013-03-22', '1107230618084', '380.00', '368.60', '748.60'),
('INV0297', '2013-03-24', '1011060902084', '380.00', '741.79', '1121.79'),
('INV0298', '2013-03-24', '6509050392085', '380.00', '1535.88', '1915.88'),
('INV0299', '2013-03-24', '4910190324088', '0.00', '156.28', '156.28'),
('INV0300', '2013-04-02', '6404030447088', '0.00', '456.40', '456.40'),
('INV0301', '2013-04-02', '6112060275088', '0.00', '1032.20', '1032.20'),
('INV0302', '2013-04-03', '2210130900088', '380.00', '1047.12', '1427.12'),
('INV0303', '2013-04-04', '4905080506087', '380.00', '1239.12', '1619.12'),
('INV0304', '2013-04-04', '3601280328086', '380.00', '324.90', '704.90'),
('INV0305', '2013-04-04', '2008190919082', '0.00', '1195.39', '1195.39'),
('INV0306', '2013-04-04', '1011160807087', '0.00', '297.49', '297.49'),
('INV0307', '2013-04-05', '5307060340088', '380.00', '2699.52', '3079.52'),
('INV0308', '2013-04-05', '6204260308088', '380.00', '341.84', '721.84'),
('INV0309', '2013-04-05', '6907130694085', '380.00', '1063.84', '1443.84'),
('INV0310', '2013-04-06', '4202160138084', '380.00', '940.17', '1320.17'),
('INV0311', '2013-04-06', '4909110460081', '0.00', '1476.80', '1476.80'),
('INV0312', '2013-04-06', '2205140565082', '380.00', '854.36', '1234.36'),
('INV0313', '2013-04-07', '5612220214081', '0.00', '2324.53', '2324.53'),
('INV0314', '2013-04-07', '2709210905082', '380.00', '192.76', '572.76'),
('INV0315', '2013-04-07', '6808120518082', '380.00', '1619.24', '1999.24'),
('INV0316', '2013-04-07', '7801120638083', '0.00', '406.24', '406.24'),
('INV0317', '2013-04-08', '4910190324088', '0.00', '1116.39', '1116.39'),
('INV0318', '2013-04-09', '5212190473083', '380.00', '397.80', '777.80'),
('INV0319', '2013-04-09', '2109050549084', '0.00', '1215.32', '1215.32'),
('INV0320', '2013-04-10', '8004280354084', '0.00', '625.62', '625.62'),
('INV0321', '2013-04-10', '82032206087', '380.00', '1173.56', '1553.56'),
('INV0322', '2013-04-10', '7002130927081', '380.00', '443.48', '823.48'),
('INV0323', '2013-04-11', '3911070339085', '380.00', '739.44', '1119.44'),
('INV0324', '2013-04-11', '5202230409086', '380.00', '2280.08', '2660.08'),
('INV0325', '2013-04-13', '8309040682084', '0.00', '806.07', '806.07'),
('INV0326', '2013-04-14', '3509040348083', '380.00', '716.32', '1096.32'),
('INV0327', '2013-04-15', '2205140565082', '380.00', '1277.70', '1657.70'),
('INV0328', '2013-04-15', '9307040620082', '0.00', '813.82', '813.82'),
('INV0329', '2013-04-16', '3503100678084', '0.00', '759.96', '759.96'),
('INV0330', '2013-04-17', '1704180177085', '0.00', '707.75', '707.75'),
('INV0331', '2013-04-17', '6507050556081', '0.00', '468.12', '468.12'),
('INV0332', '2013-04-17', '7004060440082', '380.00', '1038.79', '1418.79'),
('INV0333', '2013-04-19', '5512160318087', '380.00', '375.68', '755.68'),
('INV0334', '2013-04-21', '1003280163086', '380.00', '732.95', '1112.95'),
('INV0335', '2013-04-22', '4003100886084', '380.00', '533.52', '913.52'),
('INV0336', '2013-04-22', '9606270939081', '380.00', '1463.94', '1843.94'),
('INV0337', '2013-04-25', '5801140101084', '0.00', '415.68', '415.68'),
('INV0338', '2013-04-28', '9204240981082', '380.00', '562.32', '942.32'),
('INV0339', '2013-04-28', '82032206087', '0.00', '1133.30', '1133.30'),
('INV0340', '2013-04-28', '660620054086', '380.00', '1039.98', '1419.98'),
('INV0341', '2013-05-04', '6308240548084', '380.00', '1334.40', '1714.40'),
('INV0342', '2013-05-06', '780622020088', '0.00', '1477.24', '1477.24'),
('INV0343', '2013-05-06', '6803160923084', '0.00', '234.84', '234.84'),
('INV0344', '2013-05-07', '2605130248088', '380.00', '1959.38', '2339.38'),
('INV0345', '2013-05-07', '7902150410084', '380.00', '212.14', '592.14'),
('INV0346', '2013-05-07', '7912110951087', '380.00', '203.12', '583.12'),
('INV0347', '2013-05-08', '1810160413088', '0.00', '1049.20', '1049.20'),
('INV0348', '2013-05-08', '4910190324088', '380.00', '1196.57', '1576.57'),
('INV0349', '2013-05-08', '9611150348082', '0.00', '1410.48', '1410.48'),
('INV0350', '2013-05-11', '8703280117084', '0.00', '798.22', '798.22'),
('INV0351', '2013-05-11', '670305077081', '0.00', '1048.23', '1048.23'),
('INV0352', '2013-05-11', '1803090222085', '380.00', '1073.14', '1453.14'),
('INV0353', '2013-05-13', '4511070585086', '0.00', '2159.62', '2159.62'),
('INV0354', '2013-05-13', '3211200919082', '0.00', '792.80', '792.80'),
('INV0355', '2013-05-17', '2707050803087', '380.00', '554.34', '934.34'),
('INV0356', '2013-05-17', '8004280354084', '0.00', '2235.30', '2235.30'),
('INV0357', '2013-05-17', '1012070281082', '0.00', '787.14', '787.14'),
('INV0358', '2013-05-17', '4509220879086', '0.00', '913.51', '913.51'),
('INV0359', '2013-05-18', '6201140807084', '0.00', '1374.14', '1374.14'),
('INV0360', '2013-05-20', '1908150375082', '0.00', '1237.40', '1237.40'),
('INV0361', '2013-05-20', '4909110460081', '0.00', '597.66', '597.66'),
('INV0362', '2013-05-21', '8907090202087', '380.00', '1568.97', '1948.97'),
('INV0363', '2013-05-22', '5901150381088', '380.00', '754.16', '1134.16'),
('INV0364', '2013-05-23', '9311100557082', '0.00', '1035.52', '1035.52'),
('INV0365', '2013-05-23', '6803010610087', '380.00', '201.88', '581.88'),
('INV0366', '2013-05-24', '151021036088', '380.00', '233.80', '613.80'),
('INV0367', '2013-05-24', '2707050803087', '0.00', '136.90', '136.90'),
('INV0368', '2013-05-24', '5505090581082', '0.00', '2689.30', '2689.30'),
('INV0369', '2013-05-25', '3912200408082', '0.00', '738.48', '738.48'),
('INV0370', '2013-05-27', '9408100658087', '380.00', '1300.51', '1680.51'),
('INV0371', '2013-05-28', '2005130271081', '0.00', '524.60', '524.60'),
('INV0372', '2013-05-28', '4601060264085', '380.00', '352.62', '732.62'),
('INV0373', '2013-06-01', '2109180750085', '0.00', '1022.16', '1022.16'),
('INV0374', '2013-06-01', '9701100285087', '0.00', '1627.84', '1627.84'),
('INV0375', '2013-06-02', '7906010195081', '380.00', '423.08', '803.08'),
('INV0376', '2013-06-04', '6412050862088', '0.00', '1188.22', '1188.22'),
('INV0377', '2013-06-04', '2109050549084', '0.00', '2511.60', '2511.60'),
('INV0378', '2013-06-05', '5209150693082', '0.00', '1004.10', '1004.10'),
('INV0379', '2013-06-06', '6509220788082', '0.00', '1414.40', '1414.40'),
('INV0380', '2013-06-06', '8709250986088', '380.00', '1656.29', '2036.29'),
('INV0381', '2013-06-09', '7701030854083', '0.00', '533.88', '533.88'),
('INV0382', '2013-06-10', '4110240825083', '0.00', '956.73', '956.73'),
('INV0383', '2013-06-11', '2012190284086', '380.00', '972.35', '1352.35'),
('INV0384', '2013-06-11', '4905080506087', '0.00', '733.74', '733.74'),
('INV0385', '2013-06-11', '2201120350085', '380.00', '208.54', '588.54'),
('INV0386', '2013-06-12', '1007230144085', '0.00', '830.25', '830.25'),
('INV0387', '2013-06-12', '8810240788083', '380.00', '883.26', '1263.26'),
('INV0388', '2013-06-13', '4512030696084', '0.00', '615.96', '615.96'),
('INV0389', '2013-06-13', '9609270686085', '0.00', '1613.50', '1613.50'),
('INV0390', '2013-06-18', '5507140417085', '0.00', '682.80', '682.80'),
('INV0391', '2013-06-19', '7809130240082', '0.00', '602.12', '602.12'),
('INV0392', '2013-06-19', '4512220543086', '380.00', '1379.69', '1759.69'),
('INV0393', '2013-06-20', '7912110951087', '380.00', '484.08', '864.08'),
('INV0394', '2013-06-20', '9307040620082', '0.00', '1806.56', '1806.56'),
('INV0395', '2013-06-20', '8012160653084', '0.00', '425.94', '425.94'),
('INV0396', '2013-06-21', '7707250934088', '380.00', '294.74', '674.74'),
('INV0397', '2013-06-23', '4302130387083', '0.00', '861.36', '861.36'),
('INV0398', '2013-06-23', '7906010195081', '380.00', '792.30', '1172.30'),
('INV0399', '2013-06-23', '9311100557082', '0.00', '226.34', '226.34'),
('INV0400', '2013-06-26', '6311250169086', '0.00', '1660.32', '1660.32'),
('INV0401', '2013-06-26', '7410130630081', '380.00', '1524.88', '1904.88'),
('INV0402', '2013-06-27', '2804070757085', '0.00', '886.86', '886.86'),
('INV0403', '2013-06-27', '2703080994088', '380.00', '251.42', '631.42'),
('INV0404', '2013-07-01', '2703080994088', '380.00', '1208.00', '1588.00'),
('INV0405', '2013-07-02', '2804220399085', '380.00', '2515.64', '2895.64'),
('INV0406', '2013-07-02', '5608010370088', '380.00', '615.36', '995.36'),
('INV0407', '2013-07-02', '640428082086', '380.00', '1000.80', '1380.80'),
('INV0408', '2013-07-03', '2303030988083', '380.00', '1242.90', '1622.90'),
('INV0409', '2013-07-04', '2007100717086', '0.00', '1127.04', '1127.04'),
('INV0410', '2013-07-04', '47120603088', '0.00', '294.32', '294.32'),
('INV0411', '2013-07-06', '1604070370087', '0.00', '609.07', '609.07'),
('INV0412', '2013-07-07', '5705080129087', '0.00', '133.71', '133.71'),
('INV0413', '2013-07-09', '9411220643082', '0.00', '1656.22', '1656.22'),
('INV0414', '2013-07-09', '6609200993085', '380.00', '1421.81', '1801.81'),
('INV0415', '2013-07-09', '521023092081', '380.00', '1091.80', '1471.80'),
('INV0416', '2013-07-09', '3911070339085', '0.00', '1662.99', '1662.99'),
('INV0417', '2013-07-10', '6909200583086', '0.00', '730.68', '730.68'),
('INV0418', '2013-07-11', '1709240402082', '0.00', '475.48', '475.48'),
('INV0419', '2013-07-11', '9103060340082', '380.00', '724.62', '1104.62'),
('INV0420', '2013-07-12', '9307040620082', '380.00', '764.04', '1144.04'),
('INV0421', '2013-07-12', '6803010610087', '380.00', '4739.08', '5119.08'),
('INV0422', '2013-07-14', '6404230631085', '0.00', '261.24', '261.24'),
('INV0423', '2013-07-14', '4911280960085', '380.00', '572.64', '952.64'),
('INV0424', '2013-07-16', '5907270761084', '0.00', '383.06', '383.06'),
('INV0425', '2013-07-16', '1302080439088', '0.00', '584.08', '584.08'),
('INV0426', '2013-07-17', '2804220399085', '380.00', '2007.20', '2387.20'),
('INV0427', '2013-07-17', '3305280817081', '380.00', '847.84', '1227.84'),
('INV0428', '2013-07-18', '6201140807084', '0.00', '370.60', '370.60'),
('INV0429', '2013-07-18', '9012110306084', '380.00', '122.08', '502.08'),
('INV0430', '2013-07-18', '2309220589087', '380.00', '771.04', '1151.04'),
('INV0431', '2013-07-20', '3004230801084', '380.00', '542.76', '922.76'),
('INV0432', '2013-07-20', '2411070180081', '380.00', '130.32', '510.32'),
('INV0433', '2013-07-20', '5008230824086', '380.00', '634.06', '1014.06'),
('INV0434', '2013-07-20', '3605090332085', '380.00', '1269.22', '1649.22'),
('INV0435', '2013-07-21', '4111180106083', '0.00', '781.40', '781.40'),
('INV0436', '2013-07-21', '7707250934088', '380.00', '1620.71', '2000.71'),
('INV0437', '2013-07-21', '3810250735087', '0.00', '1639.26', '1639.26'),
('INV0438', '2013-07-22', '7701030854083', '0.00', '522.48', '522.48'),
('INV0439', '2013-07-22', '2802230303081', '0.00', '1324.38', '1324.38'),
('INV0440', '2013-07-23', '6706090775083', '0.00', '1618.16', '1618.16'),
('INV0441', '2013-07-24', '5002080660085', '0.00', '240.64', '240.64'),
('INV0442', '2013-07-26', '4102140915085', '0.00', '206.96', '206.96'),
('INV0443', '2013-07-26', '2704170868088', '380.00', '553.13', '933.13'),
('INV0444', '2013-07-27', '9110230494081', '380.00', '2233.05', '2613.05'),
('INV0445', '2013-08-05', '451201089085', '380.00', '642.72', '1022.72'),
('INV0446', '2013-08-05', '4504280921086', '0.00', '1108.68', '1108.68'),
('INV0447', '2013-08-05', '341216047088', '380.00', '2134.58', '2514.58'),
('INV0448', '2013-08-06', '1805020907085', '380.00', '229.50', '609.50'),
('INV0449', '2013-08-08', '1003250239088', '380.00', '442.16', '822.16'),
('INV0450', '2013-08-08', '3602250350086', '380.00', '1741.83', '2121.83'),
('INV0451', '2013-08-10', '5711110485087', '0.00', '403.03', '403.03'),
('INV0452', '2013-08-11', '1204030632082', '380.00', '2211.60', '2591.60'),
('INV0453', '2013-08-12', '4102140915085', '380.00', '762.34', '1142.34'),
('INV0454', '2013-08-12', '8703170594084', '380.00', '884.00', '1264.00'),
('INV0455', '2013-08-13', '4509140295084', '380.00', '541.54', '921.54'),
('INV0456', '2013-08-13', '4308010928085', '380.00', '1301.60', '1681.60'),
('INV0457', '2013-08-15', '8501270465083', '0.00', '216.78', '216.78'),
('INV0458', '2013-08-15', '4910190324088', '0.00', '1123.72', '1123.72'),
('INV0459', '2013-08-17', '9204240981082', '0.00', '1345.12', '1345.12'),
('INV0460', '2013-08-18', '8012160653084', '0.00', '200.82', '200.82'),
('INV0461', '2013-08-18', '2111130577081', '380.00', '133.48', '513.48'),
('INV0462', '2013-08-19', '5703210321082', '380.00', '484.50', '864.50'),
('INV0463', '2013-08-20', '5002080660085', '380.00', '1859.96', '2239.96'),
('INV0464', '2013-08-21', '2703080994088', '0.00', '1063.30', '1063.30'),
('INV0465', '2013-08-21', '2007100717086', '0.00', '1319.48', '1319.48'),
('INV0466', '2013-08-22', '4710160845084', '380.00', '857.44', '1237.44'),
('INV0467', '2013-08-25', '6201140807084', '380.00', '609.06', '989.06'),
('INV0468', '2013-08-26', '8101060996085', '0.00', '2106.54', '2106.54'),
('INV0469', '2013-08-27', '6201140807084', '380.00', '401.67', '781.67'),
('INV0470', '2013-08-28', '7003050348086', '0.00', '939.76', '939.76'),
('INV0471', '2013-09-01', '7212170290085', '380.00', '441.28', '821.28'),
('INV0472', '2013-09-01', '7205020213082', '380.00', '2115.50', '2495.50'),
('INV0473', '2013-09-02', '3801170828084', '0.00', '868.98', '868.98'),
('INV0474', '2013-09-02', '290611026087', '380.00', '1159.88', '1539.88'),
('INV0475', '2013-09-03', '1011060902084', '380.00', '850.21', '1230.21'),
('INV0476', '2013-09-03', '2709110853083', '380.00', '732.94', '1112.94'),
('INV0477', '2013-09-03', '2709210905082', '380.00', '1158.64', '1538.64'),
('INV0478', '2013-09-03', '9908260536088', '380.00', '1102.61', '1482.61'),
('INV0479', '2013-09-04', '6810160795088', '0.00', '421.64', '421.64'),
('INV0480', '2013-09-05', '4211180586086', '380.00', '1475.04', '1855.04'),
('INV0481', '2013-09-06', '660620054086', '0.00', '667.20', '667.20'),
('INV0482', '2013-09-07', '5704100297086', '380.00', '465.40', '845.40'),
('INV0483', '2013-09-07', '4708110702087', '0.00', '909.56', '909.56'),
('INV0484', '2013-09-07', '7004060440082', '0.00', '1539.90', '1539.90'),
('INV0485', '2013-09-08', '6602070398082', '380.00', '1637.61', '2017.61'),
('INV0486', '2013-09-09', '5507130805081', '0.00', '1380.32', '1380.32'),
('INV0487', '2013-09-10', '6802050633083', '0.00', '646.68', '646.68'),
('INV0488', '2013-09-10', '2012200849081', '0.00', '784.82', '784.82'),
('INV0489', '2013-09-10', '5512160318087', '380.00', '230.20', '610.20'),
('INV0490', '2013-09-11', '5608010370088', '380.00', '1763.10', '2143.10'),
('INV0491', '2013-09-11', '3610150249083', '0.00', '423.24', '423.24'),
('INV0492', '2013-09-11', '2411070180081', '380.00', '642.72', '1022.72'),
('INV0493', '2013-09-11', '6909200583086', '0.00', '1189.12', '1189.12'),
('INV0494', '2013-09-11', '1205040963082', '0.00', '623.06', '623.06'),
('INV0495', '2013-09-11', '9311100557082', '380.00', '209.24', '589.24'),
('INV0496', '2013-09-12', '2009210740082', '380.00', '1162.40', '1542.40'),
('INV0497', '2013-09-12', '7907160124082', '380.00', '585.90', '965.90'),
('INV0498', '2013-09-12', '740501094086', '380.00', '1142.10', '1522.10'),
('INV0499', '2013-09-13', '8104260177081', '380.00', '1183.55', '1563.55'),
('INV0500', '2013-09-14', '3810250735087', '380.00', '1581.16', '1961.16'),
('INV0501', '2013-09-14', '730823030086', '380.00', '1142.92', '1522.92'),
('INV0502', '2013-09-14', '530628013085', '0.00', '455.99', '455.99'),
('INV0503', '2013-09-16', '7907160124082', '0.00', '895.10', '895.10'),
('INV0504', '2013-09-18', '6706260635082', '0.00', '913.60', '913.60'),
('INV0505', '2013-09-19', '7707250934088', '380.00', '444.80', '824.80'),
('INV0506', '2013-09-19', '3211200919082', '0.00', '1103.60', '1103.60'),
('INV0507', '2013-09-20', '740501094086', '0.00', '889.25', '889.25'),
('INV0508', '2013-09-22', '5612220214081', '380.00', '601.68', '981.68'),
('INV0509', '2013-09-23', '7108280360087', '380.00', '1079.81', '1459.81'),
('INV0510', '2013-09-23', '2309220589087', '380.00', '185.30', '565.30'),
('INV0511', '2013-09-23', '1005260157083', '0.00', '1938.60', '1938.60'),
('INV0512', '2013-09-24', '6311250169086', '0.00', '719.28', '719.28'),
('INV0513', '2013-09-24', '1107230618084', '380.00', '1500.94', '1880.94'),
('INV0514', '2013-09-24', '851123068082', '0.00', '2508.70', '2508.70'),
('INV0515', '2013-09-25', '3208130215083', '380.00', '481.28', '861.28'),
('INV0516', '2013-09-27', '2703080994088', '0.00', '324.48', '324.48'),
('INV0517', '2013-09-28', '4211180586086', '380.00', '745.52', '1125.52'),
('INV0518', '2013-09-28', '4403240664081', '0.00', '2231.68', '2231.68'),
('INV0519', '2013-09-28', '2007100717086', '380.00', '1042.66', '1422.66'),
('INV0520', '2013-10-01', '7808220226082', '0.00', '1103.66', '1103.66'),
('INV0521', '2013-10-01', '8902010959088', '380.00', '623.07', '1003.07'),
('INV0522', '2013-10-01', '3208130215083', '380.00', '1720.34', '2100.34'),
('INV0523', '2013-10-02', '9412180136082', '380.00', '166.54', '546.54'),
('INV0524', '2013-10-02', '1908150375082', '380.00', '779.12', '1159.12'),
('INV0525', '2013-10-04', '5009140926088', '0.00', '2088.50', '2088.50'),
('INV0526', '2013-10-06', '5704100297086', '0.00', '475.48', '475.48'),
('INV0527', '2013-10-07', '3508130716085', '380.00', '591.96', '971.96'),
('INV0528', '2013-10-07', '1401030341085', '380.00', '666.16', '1046.16'),
('INV0529', '2013-10-08', '2709210905082', '380.00', '1451.71', '1831.71'),
('INV0530', '2013-10-08', '1902060828085', '0.00', '203.12', '203.12'),
('INV0531', '2013-10-10', '2008190919082', '0.00', '1717.50', '1717.50'),
('INV0532', '2013-10-10', '2711130236088', '380.00', '1426.68', '1806.68'),
('INV0533', '2013-10-10', '8807180866088', '0.00', '707.30', '707.30'),
('INV0534', '2013-10-10', '1401030341085', '0.00', '333.08', '333.08'),
('INV0535', '2013-10-11', '151021036088', '0.00', '1036.18', '1036.18'),
('INV0536', '2013-10-12', '5206110625085', '0.00', '1103.66', '1103.66'),
('INV0537', '2013-10-13', '1608130591087', '0.00', '1410.16', '1410.16'),
('INV0538', '2013-10-13', '7907160124082', '0.00', '686.22', '686.22'),
('INV0539', '2013-10-15', '5210250933083', '0.00', '1049.52', '1049.52'),
('INV0540', '2013-10-16', '1011060902084', '0.00', '897.56', '897.56'),
('INV0541', '2013-10-16', '9403280679088', '0.00', '2081.90', '2081.90'),
('INV0542', '2013-10-17', '5809170914084', '0.00', '786.90', '786.90'),
('INV0543', '2013-10-17', '8810240788083', '380.00', '3450.88', '3830.88'),
('INV0544', '2013-10-18', '8802220958083', '380.00', '5219.53', '5599.53'),
('INV0545', '2013-10-19', '6609200993085', '0.00', '480.45', '480.45'),
('INV0546', '2013-10-20', '9003280235085', '380.00', '467.60', '847.60'),
('INV0547', '2013-10-21', '5706200140082', '0.00', '240.64', '240.64'),
('INV0548', '2013-10-23', '4509140295084', '0.00', '1445.20', '1445.20'),
('INV0549', '2013-10-24', '4512030696084', '0.00', '667.20', '667.20'),
('INV0550', '2013-10-24', '7912110951087', '380.00', '765.14', '1145.14'),
('INV0551', '2013-10-25', '531127094084', '380.00', '437.08', '817.08'),
('INV0552', '2013-10-26', '6412170702085', '0.00', '820.48', '820.48'),
('INV0553', '2013-11-01', '4211180586086', '380.00', '589.32', '969.32'),
('INV0554', '2013-11-02', '8301170304085', '0.00', '701.20', '701.20'),
('INV0555', '2013-11-02', '5109040274081', '380.00', '799.28', '1179.28'),
('INV0556', '2013-11-02', '6209040562083', '380.00', '1060.70', '1440.70'),
('INV0557', '2013-11-03', '6802050633083', '380.00', '837.87', '1217.87'),
('INV0558', '2013-11-03', '3509040348083', '0.00', '1032.56', '1032.56'),
('INV0559', '2013-11-03', '9109140754088', '380.00', '455.99', '835.99'),
('INV0560', '2013-11-06', '5602060518087', '0.00', '2024.48', '2024.48'),
('INV0561', '2013-11-07', '521023092081', '380.00', '1425.70', '1805.70'),
('INV0562', '2013-11-10', '6204260308088', '380.00', '803.46', '1183.46'),
('INV0563', '2013-11-10', '7805110427084', '380.00', '846.26', '1226.26'),
('INV0564', '2013-11-11', '9012110306084', '0.00', '1676.20', '1676.20'),
('INV0565', '2013-11-12', '9706130545082', '0.00', '701.40', '701.40'),
('INV0566', '2013-11-14', '5907270761084', '380.00', '258.26', '638.26'),
('INV0567', '2013-11-14', '9212120894085', '0.00', '900.20', '900.20'),
('INV0568', '2013-11-15', '7002130927081', '380.00', '1321.76', '1701.76'),
('INV0569', '2013-11-16', '4804180882084', '380.00', '1502.72', '1882.72'),
('INV0570', '2013-11-16', '2109050549084', '0.00', '1219.58', '1219.58'),
('INV0571', '2013-11-17', '3902120576083', '0.00', '1366.94', '1366.94'),
('INV0572', '2013-11-18', '2907080814082', '380.00', '376.07', '756.07'),
('INV0573', '2013-11-19', '2807090965085', '0.00', '450.87', '450.87'),
('INV0574', '2013-11-19', '6311250169086', '380.00', '1463.12', '1843.12'),
('INV0575', '2013-11-20', '6907130694085', '0.00', '289.66', '289.66'),
('INV0576', '2013-11-21', '2309220589087', '380.00', '1096.46', '1476.46'),
('INV0577', '2013-11-21', '6602070398082', '380.00', '711.36', '1091.36'),
('INV0578', '2013-11-21', '660620054086', '380.00', '1302.70', '1682.70'),
('INV0579', '2013-11-22', '6308240548084', '0.00', '452.68', '452.68'),
('INV0580', '2013-11-22', '2012190284086', '0.00', '468.17', '468.17'),
('INV0581', '2013-11-23', '9412180136082', '380.00', '269.63', '649.63'),
('INV0582', '2013-11-23', '4508260675083', '380.00', '789.31', '1169.31'),
('INV0583', '2013-11-24', '6705050635085', '0.00', '1547.18', '1547.18'),
('INV0584', '2013-11-28', '2804070757085', '0.00', '2079.70', '2079.70'),
('INV0585', '2013-12-01', '7212170290085', '380.00', '212.40', '592.40'),
('INV0586', '2013-12-02', '9710230788081', '0.00', '115.24', '115.24'),
('INV0587', '2013-12-04', '6910130773087', '380.00', '872.60', '1252.60'),
('INV0588', '2013-12-07', '3801170828084', '380.00', '1974.32', '2354.32'),
('INV0589', '2013-12-07', '521023092081', '380.00', '360.96', '740.96'),
('INV0590', '2013-12-08', '8008280468086', '380.00', '1454.54', '1834.54'),
('INV0591', '2013-12-08', '1311240354085', '380.00', '1196.58', '1576.58'),
('INV0592', '2013-12-09', '2109050549084', '380.00', '640.62', '1020.62'),
('INV0593', '2013-12-09', '2411070180081', '380.00', '455.16', '835.16'),
('INV0594', '2013-12-09', '5612220214081', '380.00', '973.24', '1353.24'),
('INV0595', '2013-12-10', '7412210788083', '0.00', '425.32', '425.32'),
('INV0596', '2013-12-10', '4005040289082', '380.00', '1459.78', '1839.78'),
('INV0597', '2013-12-11', '7705180627087', '0.00', '485.48', '485.48'),
('INV0598', '2013-12-12', '8009100659085', '380.00', '261.13', '641.13'),
('INV0599', '2013-12-13', '770124076088', '0.00', '515.68', '515.68'),
('INV0600', '2013-12-15', '5910030388087', '380.00', '568.02', '948.02'),
('INV0601', '2013-12-15', '9408100658087', '380.00', '385.52', '765.52'),
('INV0602', '2013-12-17', '4103240120082', '380.00', '718.60', '1098.60'),
('INV0603', '2013-12-17', '4308010928085', '0.00', '282.92', '282.92'),
('INV0604', '2013-12-17', '6706090775083', '0.00', '751.36', '751.36'),
('INV0605', '2013-12-18', '6910130773087', '0.00', '804.00', '804.00'),
('INV0606', '2013-12-20', '8105100593086', '380.00', '1301.56', '1681.56'),
('INV0607', '2013-12-21', '1412130177086', '380.00', '152.00', '532.00'),
('INV0608', '2013-12-21', '9902110250084', '0.00', '1357.77', '1357.77'),
('INV0609', '2013-12-21', '6803160923084', '0.00', '746.56', '746.56'),
('INV0610', '2013-12-21', '7907160124082', '380.00', '1204.24', '1584.24'),
('INV0611', '2013-12-21', '1307090536085', '0.00', '1141.78', '1141.78'),
('INV0612', '2013-12-22', '8101060996085', '0.00', '913.26', '913.26'),
('INV0613', '2013-12-23', '9311100557082', '0.00', '743.72', '743.72'),
('INV0614', '2013-12-26', '5009140926088', '380.00', '1028.98', '1408.98'),
('INV0615', '2013-12-27', '4111180106083', '380.00', '1877.02', '2257.02'),
('INV0616', '2013-12-27', '5109040274081', '380.00', '294.74', '674.74'),
('INV0617', '2013-12-28', '8301170304085', '380.00', '863.70', '1243.70'),
('INV0618', '2013-12-28', '531127094084', '380.00', '1103.20', '1483.20'),
('INV0619', '2014-01-01', '2007100717086', '0.00', '328.34', '328.34'),
('INV0620', '2014-01-02', '8103140774084', '410.00', '605.64', '1015.64'),
('INV0621', '2014-01-03', '5308230754082', '410.00', '1044.26', '1454.26'),
('INV0622', '2014-01-03', '4104200140083', '410.00', '712.05', '1122.05'),
('INV0623', '2014-01-04', '5608060712087', '0.00', '776.64', '776.64'),
('INV0624', '2014-01-05', '7312170466084', '0.00', '1665.26', '1665.26'),
('INV0625', '2014-01-07', '5212190473083', '410.00', '694.56', '1104.56'),
('INV0626', '2014-01-07', '4511070585086', '410.00', '1427.68', '1837.68'),
('INV0627', '2014-01-09', '3906250668088', '0.00', '1029.12', '1029.12'),
('INV0628', '2014-01-09', '4812160561083', '410.00', '665.34', '1075.34'),
('INV0629', '2014-01-09', '4403190822084', '0.00', '2032.80', '2032.80'),
('INV0630', '2014-01-14', '2011240231088', '0.00', '1751.70', '1751.70'),
('INV0631', '2014-01-14', '3810250735087', '0.00', '750.73', '750.73'),
('INV0632', '2014-01-18', '1401030341085', '0.00', '2044.02', '2044.02'),
('INV0633', '2014-01-19', '3001280724084', '410.00', '2091.36', '2501.36'),
('INV0634', '2014-01-23', '8807180866088', '410.00', '527.92', '937.92'),
('INV0635', '2014-01-23', '7303120569085', '0.00', '13503.50', '13503.50'),
('INV0636', '2014-01-24', '660620054086', '0.00', '1076.43', '1076.43'),
('INV0637', '2014-01-25', '5512160318087', '410.00', '1729.00', '2139.00'),
('INV0638', '2014-01-26', '7805110427084', '0.00', '815.60', '815.60'),
('INV0639', '2014-01-28', '3508130716085', '410.00', '670.54', '1080.54'),
('INV0640', '2014-02-02', '3306170196085', '410.00', '1919.48', '2329.48'),
('INV0641', '2014-02-02', '8012160653084', '0.00', '629.64', '629.64'),
('INV0642', '2014-02-05', '9412180136082', '410.00', '514.46', '924.46'),
('INV0643', '2014-02-07', '650402056081', '0.00', '3488.94', '3488.94'),
('INV0644', '2014-02-10', '8306110412083', '410.00', '678.24', '1088.24'),
('INV0645', '2014-02-11', '3503100678084', '410.00', '1978.56', '2388.56'),
('INV0646', '2014-02-13', '6404210377085', '0.00', '815.60', '815.60'),
('INV0647', '2014-02-13', '8506270616083', '0.00', '976.24', '976.24'),
('INV0648', '2014-02-14', '7009130331088', '410.00', '381.56', '791.56'),
('INV0649', '2014-02-15', '5206110625085', '0.00', '728.47', '728.47'),
('INV0650', '2014-02-18', '8006220732085', '410.00', '376.56', '786.56'),
('INV0651', '2014-02-19', '5809250392081', '0.00', '1562.60', '1562.60'),
('INV0652', '2014-02-19', '6802050633083', '0.00', '1399.28', '1399.28'),
('INV0653', '2014-02-20', '4104200140083', '410.00', '753.12', '1163.12'),
('INV0654', '2014-02-20', '2205140565082', '0.00', '1158.90', '1158.90'),
('INV0655', '2014-02-21', '7505030416082', '410.00', '821.10', '1231.10'),
('INV0656', '2014-02-24', '1709280678088', '0.00', '1104.40', '1104.40'),
('INV0657', '2014-02-25', '8902010959088', '410.00', '505.74', '915.74'),
('INV0658', '2014-03-01', '7306050161086', '410.00', '3093.71', '3503.71'),
('INV0659', '2014-03-03', '6511130973087', '410.00', '1230.41', '1640.41'),
('INV0660', '2014-03-06', '491010022086', '0.00', '1307.10', '1307.10'),
('INV0661', '2014-03-13', '851123068082', '410.00', '216.42', '626.42'),
('INV0662', '2014-03-15', '6507070463082', '0.00', '476.72', '476.72'),
('INV0663', '2014-03-15', '4708110702087', '0.00', '1145.27', '1145.27'),
('INV0664', '2014-03-16', '1608130591087', '0.00', '488.64', '488.64'),
('INV0665', '2014-03-17', '9810260112082', '0.00', '2108.28', '2108.28'),
('INV0666', '2014-03-17', '8807180866088', '0.00', '1406.99', '1406.99'),
('INV0667', '2014-03-17', '4004220578084', '410.00', '801.52', '1211.52'),
('INV0668', '2014-03-18', '5512080417086', '0.00', '2569.06', '2569.06'),
('INV0669', '2014-03-19', '1311040718081', '410.00', '2779.49', '3189.49'),
('INV0670', '2014-03-19', '7203030169082', '0.00', '667.40', '667.40'),
('INV0671', '2014-03-22', '4512220543086', '410.00', '754.42', '1164.42'),
('INV0672', '2014-03-23', '740501094086', '410.00', '1537.73', '1947.73'),
('INV0673', '2014-03-25', '3605090332085', '410.00', '201.88', '611.88'),
('INV0674', '2014-03-26', '6308240548084', '410.00', '1208.90', '1618.90'),
('INV0675', '2014-03-27', '6507120107086', '0.00', '688.96', '688.96'),
('INV0676', '2014-04-03', '6204260308088', '0.00', '955.46', '955.46'),
('INV0677', '2014-04-04', '780622020088', '410.00', '752.90', '1162.90'),
('INV0678', '2014-04-05', '521023092081', '0.00', '558.70', '558.70'),
('INV0679', '2014-04-05', '6509050392085', '0.00', '2348.28', '2348.28'),
('INV0680', '2014-04-06', '1003250239088', '410.00', '712.25', '1122.25'),
('INV0681', '2014-04-07', '5704100297086', '0.00', '957.90', '957.90'),
('INV0682', '2014-04-12', '9109150355087', '410.00', '3364.80', '3774.80'),
('INV0683', '2014-04-13', '5801140101084', '0.00', '743.68', '743.68'),
('INV0684', '2014-04-14', '6605260331087', '410.00', '905.36', '1315.36'),
('INV0685', '2014-04-19', '8906120948084', '0.00', '501.03', '501.03'),
('INV0686', '2014-04-23', '7411170290083', '410.00', '886.08', '1296.08'),
('INV0687', '2014-04-25', '4509140295084', '410.00', '1824.80', '2234.80'),
('INV0688', '2014-04-26', '9601060188087', '410.00', '1535.41', '1945.41'),
('INV0689', '2014-04-27', '2207010632083', '0.00', '1203.20', '1203.20'),
('INV0690', '2014-05-02', '5507140417085', '410.00', '794.52', '1204.52'),
('INV0691', '2014-05-02', '6511130973087', '0.00', '2032.37', '2032.37'),
('INV0692', '2014-05-06', '8501030560088', '410.00', '829.50', '1239.50'),
('INV0693', '2014-05-06', '6910130773087', '0.00', '1669.73', '1669.73'),
('INV0694', '2014-05-06', '2005130271081', '410.00', '530.20', '940.20'),
('INV0695', '2014-05-06', '2605150205088', '0.00', '1541.57', '1541.57'),
('INV0696', '2014-05-06', '3708100193088', '410.00', '400.14', '810.14'),
('INV0697', '2014-05-08', '4005040289082', '410.00', '194.16', '604.16'),
('INV0698', '2014-05-08', '5206110625085', '410.00', '1066.40', '1476.40'),
('INV0699', '2014-05-11', '7312170466084', '0.00', '1499.90', '1499.90'),
('INV0700', '2014-05-13', '1107230618084', '0.00', '515.55', '515.55'),
('INV0701', '2014-05-14', '9911090794084', '0.00', '1172.16', '1172.16'),
('INV0702', '2014-05-15', '780622020088', '0.00', '1011.16', '1011.16'),
('INV0703', '2014-05-17', '630710012087', '410.00', '1319.80', '1729.80'),
('INV0704', '2014-05-17', '5202230409086', '410.00', '378.58', '788.58'),
('INV0705', '2014-05-18', '9810260112082', '0.00', '1202.16', '1202.16'),
('INV0706', '2014-05-19', '4202160138084', '0.00', '793.74', '793.74'),
('INV0707', '2014-05-22', '770124076088', '0.00', '1583.12', '1583.12'),
('INV0708', '2014-05-23', '7511030931085', '410.00', '666.90', '1076.90'),
('INV0709', '2014-05-24', '4401230403085', '0.00', '439.77', '439.77'),
('INV0710', '2014-05-24', '9109270875081', '410.00', '269.66', '679.66'),
('INV0711', '2014-05-27', '660620054086', '410.00', '490.92', '900.92'),
('INV0712', '2014-05-27', '7108280360087', '410.00', '834.24', '1244.24'),
('INV0713', '2014-05-27', '9504060158084', '410.00', '2285.60', '2695.60'),
('INV0714', '2014-05-28', '6005080590081', '0.00', '497.04', '497.04'),
('INV0715', '2014-06-01', '5805130165085', '410.00', '716.28', '1126.28'),
('INV0716', '2014-06-04', '6705050635085', '410.00', '743.68', '1153.68'),
('INV0717', '2014-06-07', '4508260675083', '0.00', '2508.10', '2508.10'),
('INV0718', '2014-06-07', '3912200408082', '410.00', '860.82', '1270.82'),
('INV0719', '2014-06-07', '2905080185087', '0.00', '1649.04', '1649.04'),
('INV0720', '2014-06-08', '2605150205088', '0.00', '2178.37', '2178.37'),
('INV0721', '2014-06-09', '8006220732085', '410.00', '758.61', '1168.61'),
('INV0722', '2014-06-13', '5507140417085', '410.00', '2002.16', '2412.16'),
('INV0723', '2014-06-14', '6802050633083', '410.00', '817.03', '1227.03'),
('INV0724', '2014-06-14', '8301170304085', '410.00', '1398.30', '1808.30'),
('INV0725', '2014-06-14', '7412210788083', '410.00', '1763.46', '2173.46'),
('INV0726', '2014-06-15', '8907280730087', '410.00', '1008.44', '1418.44'),
('INV0727', '2014-06-15', '400422050085', '410.00', '1653.90', '2063.90'),
('INV0728', '2014-06-20', '780622020088', '0.00', '625.12', '625.12'),
('INV0729', '2014-06-26', '3912200408082', '0.00', '1323.12', '1323.12'),
('INV0730', '2014-07-02', '1908150375082', '0.00', '1800.96', '1800.96'),
('INV0731', '2014-07-02', '9311100557082', '0.00', '200.56', '200.56'),
('INV0732', '2014-07-03', '2104030218083', '0.00', '1664.07', '1664.07'),
('INV0733', '2014-07-04', '7003050348086', '0.00', '1342.67', '1342.67'),
('INV0734', '2014-07-05', '8306110412083', '0.00', '1589.00', '1589.00'),
('INV0735', '2014-07-07', '5801140101084', '0.00', '1064.08', '1064.08'),
('INV0736', '2014-07-08', '6810160795088', '0.00', '133.38', '133.38'),
('INV0737', '2014-07-08', '4111180106083', '0.00', '1050.50', '1050.50'),
('INV0738', '2014-07-09', '5206110625085', '0.00', '1282.48', '1282.48'),
('INV0739', '2014-07-14', '640428082086', '410.00', '574.86', '984.86'),
('INV0740', '2014-07-14', '3306170196085', '0.00', '1537.54', '1537.54'),
('INV0741', '2014-07-15', '2704170868088', '410.00', '2209.29', '2619.29'),
('INV0742', '2014-07-15', '2210130900088', '410.00', '499.62', '909.62'),
('INV0743', '2014-07-16', '5109040274081', '410.00', '883.70', '1293.70'),
('INV0744', '2014-07-17', '8907090202087', '0.00', '1167.52', '1167.52'),
('INV0745', '2014-07-18', '2711130236088', '410.00', '220.12', '630.12'),
('INV0746', '2014-07-18', '6204260308088', '410.00', '468.84', '878.84'),
('INV0747', '2014-07-20', '9403280679088', '410.00', '1186.10', '1596.10'),
('INV0748', '2014-07-21', '5710230923081', '0.00', '1528.20', '1528.20'),
('INV0749', '2014-07-22', '8012160653084', '0.00', '694.56', '694.56'),
('INV0750', '2014-07-25', '8101060996085', '0.00', '847.16', '847.16'),
('INV0751', '2014-07-25', '4909110460081', '0.00', '1260.15', '1260.15'),
('INV0752', '2014-07-26', '5602060518087', '410.00', '345.72', '755.72'),
('INV0753', '2014-07-26', '47072706087', '0.00', '264.84', '264.84'),
('INV0754', '2014-07-27', '8902010959088', '0.00', '1932.42', '1932.42'),
('INV0755', '2014-07-28', '5505230875081', '410.00', '687.04', '1097.04'),
('INV0756', '2014-07-28', '3203230938086', '0.00', '1267.10', '1267.10'),
('INV0757', '2014-07-28', '1603220911086', '410.00', '1628.29', '2038.29'),
('INV0758', '2014-08-01', '8103140774084', '410.00', '611.24', '1021.24'),
('INV0759', '2014-08-03', '9311100557082', '0.00', '671.92', '671.92'),
('INV0760', '2014-08-05', '6609200993085', '410.00', '568.02', '978.02'),
('INV0761', '2014-08-07', '1205040963082', '0.00', '494.38', '494.38'),
('INV0762', '2014-08-07', '3605040496081', '0.00', '611.24', '611.24'),
('INV0763', '2014-08-07', '341216047088', '0.00', '816.28', '816.28'),
('INV0764', '2014-08-09', '8703170594084', '410.00', '1632.00', '2042.00'),
('INV0765', '2014-08-10', '1501200671081', '410.00', '605.64', '1015.64'),
('INV0766', '2014-08-10', '7202270202087', '410.00', '678.24', '1088.24'),
('INV0767', '2014-08-10', '9911090794084', '0.00', '2155.86', '2155.86'),
('INV0768', '2014-08-11', '5304280232082', '410.00', '665.34', '1075.34'),
('INV0769', '2014-08-12', '2902030264083', '410.00', '1088.50', '1498.50'),
('INV0770', '2014-08-15', '9204240981082', '410.00', '1352.66', '1762.66'),
('INV0771', '2014-08-16', '5805130165085', '410.00', '312.56', '722.56'),
('INV0772', '2014-08-16', '9910060946082', '0.00', '232.04', '232.04'),
('INV0773', '2014-08-20', '9509040129082', '410.00', '969.72', '1379.72'),
('INV0774', '2014-08-21', '4308010928085', '0.00', '2397.60', '2397.60'),
('INV0775', '2014-08-21', '5206110625085', '410.00', '515.28', '925.28'),
('INV0776', '2014-08-23', '8907280730087', '410.00', '2202.36', '2612.36'),
('INV0777', '2014-08-23', '4802050681086', '0.00', '1387.98', '1387.98'),
('INV0778', '2014-08-24', '2907080814082', '410.00', '1157.60', '1567.60'),
('INV0779', '2014-08-27', '6509220788082', '410.00', '2284.39', '2694.39'),
('INV0780', '2014-09-01', '2811170937087', '410.00', '1465.60', '1875.60'),
('INV0781', '2014-09-01', '2102130913085', '0.00', '551.60', '551.60'),
('INV0782', '2014-09-01', '7106160389084', '410.00', '1465.24', '1875.24'),
('INV0783', '2014-09-02', '3411260488085', '410.00', '1733.66', '2143.66'),
('INV0784', '2014-09-02', '8908220122088', '0.00', '1286.15', '1286.15'),
('INV0785', '2014-09-02', '2805070756085', '0.00', '947.10', '947.10'),
('INV0786', '2014-09-03', '3001280724084', '410.00', '625.86', '1035.86'),
('INV0787', '2014-09-06', '4302130387083', '0.00', '1905.98', '1905.98'),
('INV0788', '2014-09-07', '6408200513081', '410.00', '574.86', '984.86'),
('INV0789', '2014-09-07', '4509220879086', '410.00', '1510.94', '1920.94'),
('INV0790', '2014-09-08', '7106160389084', '0.00', '977.02', '977.02'),
('INV0791', '2014-09-09', '2201120350085', '410.00', '262.30', '672.30'),
('INV0792', '2014-09-11', '290611026087', '410.00', '661.60', '1071.60'),
('INV0793', '2014-09-12', '8610120779086', '410.00', '825.09', '1235.09'),
('INV0794', '2014-09-20', '9911090794084', '410.00', '2349.31', '2759.31'),
('INV0795', '2014-09-23', '9109150355087', '0.00', '371.84', '371.84'),
('INV0796', '2014-09-24', '4504280921086', '0.00', '353.76', '353.76'),
('INV0797', '2014-09-26', '8209260885087', '0.00', '201.88', '201.88'),
('INV0798', '2014-09-27', '5009140926088', '0.00', '732.95', '732.95'),
('INV0799', '2014-09-28', '1107230618084', '0.00', '929.60', '929.60'),
('INV0800', '2014-09-28', '7106160389084', '410.00', '1438.35', '1848.35'),
('INV0801', '2014-09-28', '7410130630081', '410.00', '222.40', '632.40'),
('INV0802', '2014-10-02', '9910120124085', '410.00', '868.37', '1278.37'),
('INV0803', '2014-10-03', '9010200680087', '410.00', '890.54', '1300.54'),
('INV0804', '2014-10-05', '2808250506083', '0.00', '1486.54', '1486.54'),
('INV0805', '2014-10-07', '1709280678088', '410.00', '305.88', '715.88'),
('INV0806', '2014-10-10', '2808250506083', '0.00', '240.64', '240.64'),
('INV0807', '2014-10-10', '7801120638083', '410.00', '1257.10', '1667.10'),
('INV0808', '2014-10-10', '8902010959088', '410.00', '1534.94', '1944.94'),
('INV0809', '2014-10-10', '5507130805081', '410.00', '574.86', '984.86'),
('INV0810', '2014-10-14', '510523033088', '0.00', '656.53', '656.53'),
('INV0811', '2014-10-16', '2008190919082', '410.00', '822.62', '1232.62'),
('INV0812', '2014-10-16', '5210250933083', '0.00', '213.94', '213.94'),
('INV0813', '2014-10-16', '7312050486084', '0.00', '696.52', '696.52'),
('INV0814', '2014-10-17', '6706260635082', '410.00', '2471.84', '2881.84'),
('INV0815', '2014-10-18', '3909170450081', '410.00', '261.68', '671.68'),
('INV0816', '2014-10-19', '1302080439088', '410.00', '1192.45', '1602.45'),
('INV0817', '2014-10-22', '7108280360087', '0.00', '744.10', '744.10'),
('INV0818', '2014-10-23', '8703280117084', '0.00', '453.30', '453.30'),
('INV0819', '2014-10-25', '650402056081', '0.00', '852.40', '852.40'),
('INV0820', '2014-10-25', '2804220399085', '0.00', '244.06', '244.06'),
('INV0821', '2014-11-05', '7912110951087', '410.00', '947.10', '1357.10'),
('INV0822', '2014-11-08', '6810160795088', '0.00', '483.90', '483.90'),
('INV0823', '2014-11-12', '5711110485087', '0.00', '1213.10', '1213.10'),
('INV0824', '2014-11-15', '5001070584088', '0.00', '754.26', '754.26'),
('INV0825', '2014-11-16', '6511130973087', '0.00', '756.12', '756.12'),
('INV0826', '2014-11-17', '3305280817081', '410.00', '478.38', '888.38'),
('INV0827', '2014-11-19', '2008190919082', '410.00', '677.70', '1087.70'),
('INV0828', '2014-11-22', '8101060996085', '0.00', '1496.28', '1496.28'),
('INV0829', '2014-11-23', '4509140295084', '0.00', '393.32', '393.32'),
('INV0830', '2014-11-24', '5510220761085', '0.00', '752.80', '752.80'),
('INV0831', '2014-11-25', '3809260231088', '410.00', '887.64', '1297.64'),
('INV0832', '2014-11-25', '2902030264083', '410.00', '1142.68', '1552.68'),
('INV0833', '2014-11-27', '2210130900088', '410.00', '479.80', '889.80'),
('INV0834', '2014-11-28', '9304280349087', '0.00', '1592.12', '1592.12'),
('INV0835', '2014-12-03', '6308240548084', '0.00', '2228.65', '2228.65'),
('INV0836', '2014-12-06', '8906230122083', '0.00', '654.56', '654.56'),
('INV0837', '2014-12-07', '6808120518082', '0.00', '1140.72', '1140.72'),
('INV0838', '2014-12-07', '1107230618084', '410.00', '351.32', '761.32'),
('INV0839', '2014-12-12', '4003100886084', '0.00', '1387.88', '1387.88'),
('INV0840', '2014-12-13', '4504280921086', '410.00', '257.78', '667.78'),
('INV0841', '2014-12-13', '1005260157083', '0.00', '1197.38', '1197.38'),
('INV0842', '2014-12-13', '9311100557082', '0.00', '1981.88', '1981.88'),
('INV0843', '2014-12-16', '7707250934088', '0.00', '239.32', '239.32'),
('INV0844', '2014-12-17', '3004230801084', '0.00', '1285.00', '1285.00'),
('INV0845', '2014-12-21', '3406260688085', '0.00', '490.92', '490.92'),
('INV0846', '2014-12-22', '3305280817081', '0.00', '489.08', '489.08'),
('INV0847', '2014-12-24', '2704170868088', '410.00', '1404.18', '1814.18'),
('INV0848', '2014-12-25', '531127094084', '410.00', '957.28', '1367.28'),
('INV0849', '2014-12-25', '2711130236088', '0.00', '1436.20', '1436.20'),
('INV0850', '2014-12-26', '1012070281082', '410.00', '1715.96', '2125.96'),
('INV0851', '2014-12-26', '4308010928085', '0.00', '805.56', '805.56'),
('INV0852', '2014-12-27', '7801120638083', '0.00', '2830.14', '2830.14'),
('INV0853', '2014-12-27', '5505120413085', '410.00', '1112.20', '1522.20'),
('INV0854', '2014-12-27', '3708100193088', '0.00', '1112.00', '1112.00'),
('INV0855', '2014-12-28', '6609200993085', '410.00', '520.56', '930.56'),
('INV0856', '2015-01-01', '7809130240082', '450.00', '271.94', '721.94'),
('INV0857', '2015-01-02', '1709240402082', '0.00', '968.36', '968.36'),
('INV0858', '2015-01-03', '7804050808083', '0.00', '620.56', '620.56'),
('INV0859', '2015-01-04', '9902110250084', '0.00', '1350.06', '1350.06'),
('INV0860', '2015-01-05', '3912200408082', '0.00', '2076.64', '2076.64');
INSERT INTO `invoices` (`inv_num`, `inv_date`, `client_id`, `consultation`, `total_supplement`, `grand_total`) VALUES
('INV0861', '2015-01-06', '8502060290083', '450.00', '1317.38', '1767.38'),
('INV0862', '2015-01-11', '6209040562083', '0.00', '858.00', '858.00'),
('INV0863', '2015-01-12', '4308010928085', '0.00', '2211.84', '2211.84'),
('INV0864', '2015-01-14', '7403250912088', '0.00', '394.28', '394.28'),
('INV0865', '2015-01-14', '5705080129087', '450.00', '1739.44', '2189.44'),
('INV0866', '2015-01-15', '960124047081', '450.00', '1078.94', '1528.94'),
('INV0867', '2015-01-16', '1107230618084', '0.00', '741.90', '741.90'),
('INV0868', '2015-01-17', '8101060996085', '450.00', '1053.03', '1503.03'),
('INV0869', '2015-01-18', '1401030341085', '0.00', '498.36', '498.36'),
('INV0870', '2015-01-20', '5512160318087', '450.00', '446.51', '896.51'),
('INV0871', '2015-01-25', '9504060158084', '0.00', '2299.39', '2299.39'),
('INV0872', '2015-01-26', '950310057086', '450.00', '918.75', '1368.75'),
('INV0873', '2015-01-27', '8101060996085', '0.00', '659.82', '659.82'),
('INV0874', '2015-02-02', '1012070281082', '0.00', '1317.20', '1317.20'),
('INV0875', '2015-02-02', '4512220543086', '0.00', '946.70', '946.70'),
('INV0876', '2015-02-03', '1501200671081', '450.00', '1506.68', '1956.68'),
('INV0877', '2015-02-04', '2009210740082', '450.00', '232.04', '682.04'),
('INV0878', '2015-02-07', '8309040682084', '450.00', '1006.92', '1456.92'),
('INV0879', '2015-02-07', '7009130331088', '450.00', '804.97', '1254.97'),
('INV0880', '2015-02-08', '2902030264083', '450.00', '462.78', '912.78'),
('INV0881', '2015-02-10', '1007230144085', '450.00', '567.04', '1017.04'),
('INV0882', '2015-02-12', '1412130177086', '450.00', '807.42', '1257.42'),
('INV0883', '2015-02-12', '3605090332085', '0.00', '2043.78', '2043.78'),
('INV0884', '2015-02-21', '6711170133088', '450.00', '858.00', '1308.00'),
('INV0885', '2015-02-22', '8508170901082', '450.00', '1031.48', '1481.48'),
('INV0886', '2015-02-23', '9902110250084', '0.00', '1118.57', '1118.57'),
('INV0887', '2015-02-26', '6404030447088', '450.00', '302.57', '752.57'),
('INV0888', '2015-03-04', '9405050739085', '0.00', '1709.36', '1709.36'),
('INV0889', '2015-03-04', '2201120350085', '450.00', '986.22', '1436.22'),
('INV0890', '2015-03-06', '6408200513081', '0.00', '520.04', '520.04'),
('INV0891', '2015-03-06', '8406270311082', '0.00', '2329.50', '2329.50'),
('INV0892', '2015-03-06', '5805130165085', '0.00', '2549.30', '2549.30'),
('INV0893', '2015-03-06', '1810160413088', '450.00', '1493.90', '1943.90'),
('INV0894', '2015-03-07', '47120603088', '0.00', '855.30', '855.30'),
('INV0895', '2015-03-08', '7707250934088', '450.00', '1485.10', '1935.10'),
('INV0896', '2015-03-08', '2804070757085', '450.00', '2178.00', '2628.00'),
('INV0897', '2015-03-11', '8703280117084', '0.00', '1252.57', '1252.57'),
('INV0898', '2015-03-16', '9509040129082', '450.00', '1724.80', '2174.80'),
('INV0899', '2015-03-17', '1906040694086', '450.00', '1090.34', '1540.34'),
('INV0900', '2015-03-18', '4512220543086', '0.00', '271.14', '271.14'),
('INV0901', '2015-03-18', '1011160807087', '0.00', '930.64', '930.64'),
('INV0902', '2015-03-19', '4512220543086', '450.00', '805.06', '1255.06'),
('INV0903', '2015-03-21', '7312170466084', '450.00', '732.42', '1182.42'),
('INV0904', '2015-03-23', '1203280171086', '450.00', '590.72', '1040.72'),
('INV0905', '2015-03-24', '7410130630081', '450.00', '1491.26', '1941.26'),
('INV0906', '2015-03-26', '7108280360087', '0.00', '1146.00', '1146.00'),
('INV0907', '2015-03-28', '6404230631085', '0.00', '632.70', '632.70'),
('INV0908', '2015-04-03', '1512170591085', '450.00', '215.56', '665.56'),
('INV0909', '2015-04-04', '7609090369085', '0.00', '1573.10', '1573.10'),
('INV0910', '2015-04-04', '4110240825083', '450.00', '822.66', '1272.66'),
('INV0911', '2015-04-09', '5008230824086', '0.00', '1819.74', '1819.74'),
('INV0912', '2015-04-12', '2207010632083', '450.00', '2114.36', '2564.36'),
('INV0913', '2015-04-14', '1709240402082', '450.00', '869.32', '1319.32'),
('INV0914', '2015-04-16', '8306110412083', '0.00', '1195.12', '1195.12'),
('INV0915', '2015-04-19', '6507120107086', '450.00', '660.36', '1110.36'),
('INV0916', '2015-04-21', '8807180866088', '0.00', '605.15', '605.15'),
('INV0917', '2015-04-21', '770124076088', '0.00', '1694.86', '1694.86'),
('INV0918', '2015-04-22', '1704180177085', '450.00', '366.56', '816.56'),
('INV0919', '2015-04-25', '4512220543086', '450.00', '1251.38', '1701.38'),
('INV0920', '2015-04-27', '6706090775083', '450.00', '1887.04', '2337.04'),
('INV0921', '2015-04-28', '8301170304085', '0.00', '487.39', '487.39'),
('INV0922', '2015-05-01', '9202010527088', '0.00', '676.22', '676.22'),
('INV0923', '2015-05-03', '3902120576083', '0.00', '2194.22', '2194.22'),
('INV0924', '2015-05-04', '2007100717086', '0.00', '331.94', '331.94'),
('INV0925', '2015-05-05', '3505100334081', '0.00', '1823.06', '1823.06'),
('INV0926', '2015-05-06', '3411260488085', '0.00', '792.30', '792.30'),
('INV0927', '2015-05-08', '9907280115082', '0.00', '595.34', '595.34'),
('INV0928', '2015-05-11', '2702250305088', '0.00', '1245.02', '1245.02'),
('INV0929', '2015-05-14', '2709210905082', '450.00', '258.70', '708.70'),
('INV0930', '2015-05-15', '6808120518082', '450.00', '308.52', '758.52'),
('INV0931', '2015-05-16', '9710010812081', '0.00', '2067.84', '2067.84'),
('INV0932', '2015-05-17', '5510220761085', '450.00', '2008.20', '2458.20'),
('INV0933', '2015-05-18', '3902120576083', '450.00', '748.98', '1198.98'),
('INV0934', '2015-05-19', '4508260675083', '450.00', '5421.92', '5871.92'),
('INV0935', '2015-05-20', '9810260112082', '0.00', '1358.38', '1358.38'),
('INV0936', '2015-05-21', '2109050549084', '450.00', '1796.40', '2246.40'),
('INV0937', '2015-05-23', '9403280679088', '0.00', '930.64', '930.64'),
('INV0938', '2015-05-23', '4202160138084', '450.00', '1853.38', '2303.38'),
('INV0939', '2015-05-24', '3411260488085', '450.00', '944.70', '1394.70'),
('INV0940', '2015-05-25', '4307190367081', '0.00', '1022.04', '1022.04'),
('INV0941', '2015-06-02', '640428082086', '0.00', '1447.17', '1447.17'),
('INV0942', '2015-06-04', '8612040918085', '450.00', '545.64', '995.64'),
('INV0943', '2015-06-04', '1007230144085', '450.00', '929.56', '1379.56'),
('INV0944', '2015-06-04', '9911090794084', '450.00', '788.98', '1238.98'),
('INV0945', '2015-06-05', '8005030611082', '450.00', '557.56', '1007.56'),
('INV0946', '2015-06-05', '6909200583086', '0.00', '838.40', '838.40'),
('INV0947', '2015-06-07', '9902110250084', '0.00', '570.90', '570.90'),
('INV0948', '2015-06-09', '2906040747081', '0.00', '882.56', '882.56'),
('INV0949', '2015-06-09', '730823030086', '450.00', '568.96', '1018.96'),
('INV0950', '2015-06-12', '6910130773087', '0.00', '637.36', '637.36'),
('INV0951', '2015-06-12', '8703170594084', '0.00', '2958.80', '2958.80'),
('INV0952', '2015-06-12', '3810250735087', '0.00', '220.12', '220.12'),
('INV0953', '2015-06-15', '3508130716085', '450.00', '896.63', '1346.63'),
('INV0954', '2015-06-16', '5612220214081', '450.00', '1107.60', '1557.60'),
('INV0955', '2015-06-18', '7303120569085', '0.00', '2436.60', '2436.60'),
('INV0956', '2015-06-18', '2012200849081', '0.00', '1378.14', '1378.14'),
('INV0957', '2015-06-18', '5711110485087', '450.00', '1072.10', '1522.10'),
('INV0958', '2015-06-19', '5212190473083', '450.00', '1562.70', '2012.70'),
('INV0959', '2015-06-22', '4204250189082', '450.00', '1280.17', '1730.17'),
('INV0960', '2015-06-22', '1902060828085', '0.00', '540.66', '540.66'),
('INV0961', '2015-06-23', '6408200513081', '0.00', '836.44', '836.44'),
('INV0962', '2015-06-24', '4307190367081', '450.00', '505.22', '955.22'),
('INV0963', '2015-06-25', '9204240981082', '0.00', '410.60', '410.60'),
('INV0964', '2015-07-02', '4804180882084', '450.00', '595.28', '1045.28'),
('INV0965', '2015-07-03', '7701030854083', '450.00', '1253.60', '1703.60'),
('INV0966', '2015-07-03', '6404210377085', '0.00', '1072.68', '1072.68'),
('INV0967', '2015-07-08', '9110230494081', '450.00', '1203.20', '1653.20'),
('INV0968', '2015-07-09', '4403190822084', '0.00', '587.30', '587.30'),
('INV0969', '2015-07-13', '7312050486084', '450.00', '1788.54', '2238.54'),
('INV0970', '2015-07-18', '9210160769082', '450.00', '422.52', '872.52'),
('INV0971', '2015-07-19', '8906120948084', '450.00', '838.40', '1288.40'),
('INV0972', '2015-07-22', '8009100659085', '0.00', '1395.08', '1395.08'),
('INV0973', '2015-07-23', '3203230938086', '450.00', '767.16', '1217.16'),
('INV0974', '2015-07-25', '5008230824086', '450.00', '1881.86', '2331.86'),
('INV0975', '2015-07-27', '1501200671081', '450.00', '1645.72', '2095.72'),
('INV0976', '2015-07-28', '3809260231088', '450.00', '1244.56', '1694.56'),
('INV0977', '2015-08-01', '1709240402082', '0.00', '1416.54', '1416.54'),
('INV0978', '2015-08-02', '1804030915086', '0.00', '9313.28', '9313.28'),
('INV0979', '2015-08-04', '6507070463082', '0.00', '1339.10', '1339.10'),
('INV0980', '2015-08-06', '2411070180081', '0.00', '2236.30', '2236.30'),
('INV0981', '2015-08-07', '2709110853083', '450.00', '1283.74', '1733.74'),
('INV0982', '2015-08-09', '2005130271081', '450.00', '165.97', '615.97'),
('INV0983', '2015-08-11', '9502240191083', '450.00', '533.72', '983.72'),
('INV0984', '2015-08-12', '8907090202087', '0.00', '1158.96', '1158.96'),
('INV0985', '2015-08-14', '8512050670085', '0.00', '2198.72', '2198.72'),
('INV0986', '2015-08-18', '9412180136082', '0.00', '1606.56', '1606.56'),
('INV0987', '2015-08-19', '3004230801084', '0.00', '2495.65', '2495.65'),
('INV0988', '2015-08-20', '8908220122088', '0.00', '2344.34', '2344.34'),
('INV0989', '2015-08-21', '7309060944088', '0.00', '267.26', '267.26'),
('INV0990', '2015-08-24', '6111040850088', '0.00', '614.04', '614.04'),
('INV0991', '2015-08-26', '9612070824088', '0.00', '515.22', '515.22'),
('INV0992', '2015-08-26', '1204030632082', '450.00', '1622.72', '2072.72'),
('INV0993', '2015-08-26', '6803010610087', '450.00', '1265.90', '1715.90'),
('INV0994', '2015-09-03', '9712150845081', '450.00', '808.56', '1258.56'),
('INV0995', '2015-09-03', '8508170901082', '450.00', '1833.94', '2283.94'),
('INV0996', '2015-09-04', '5907270761084', '450.00', '827.00', '1277.00'),
('INV0997', '2015-09-05', '4508260675083', '450.00', '1993.34', '2443.34'),
('INV0998', '2015-09-06', '2808250506083', '450.00', '2677.52', '3127.52'),
('INV0999', '2015-09-11', '7609240686081', '0.00', '878.30', '878.30');

-- --------------------------------------------------------

--
-- Table structure for table `invoice_lines`
--

CREATE TABLE `invoice_lines` (
  `line_id` int(11) UNSIGNED NOT NULL,
  `inv_num` varchar(20) DEFAULT NULL,
  `supplement_id` varchar(50) DEFAULT NULL,
  `price_charged` decimal(13,2) NOT NULL,
  `quantity` int(11) NOT NULL,
  `total` decimal(13,2) NOT NULL
) ENGINE=InnoDB DEFAULT CHARSET=utf8mb4;

--
-- Truncate table before insert `invoice_lines`
--

TRUNCATE TABLE `invoice_lines`;
--
-- Dumping data for table `invoice_lines`
--

INSERT INTO `invoice_lines` (`line_id`, `inv_num`, `supplement_id`, `price_charged`, `quantity`, `total`) VALUES
(1, 'INV0001', 'Supplement-65', '65.00', 3, '195.00'),
(2, 'INV0001', 'Supplement-156', '80.00', 2, '160.00'),
(3, 'INV0002', 'Supplement-150', '150.00', 3, '450.00'),
(4, 'INV0002', 'Supplement-147', '120.00', 5, '600.00'),
(5, 'INV0003', 'Supplement-104', '320.00', 5, '1600.00'),
(6, 'INV0003', 'Supplement-180', '115.00', 4, '460.00'),
(7, 'INV0003', 'Supplement-18', '45.00', 4, '180.00'),
(8, 'INV0003', 'Supplement-39', '170.00', 5, '850.00'),
(9, 'INV0003', 'Supplement-169', '170.00', 2, '340.00'),
(10, 'INV0004', 'Supplement-32', '65.00', 1, '65.00'),
(11, 'INV0004', 'Supplement-146', '130.00', 3, '390.00'),
(12, 'INV0005', 'Supplement-70', '135.00', 2, '270.00'),
(13, 'INV0005', 'Supplement-42', '300.00', 1, '300.00'),
(14, 'INV0006', 'Supplement-24', '110.00', 4, '440.00'),
(15, 'INV0006', 'Supplement-243', '100.00', 1, '100.00'),
(16, 'INV0007', 'Supplement-187', '90.00', 2, '180.00'),
(17, 'INV0007', 'Supplement-224', '170.00', 4, '680.00'),
(18, 'INV0007', 'Supplement-241', '100.00', 2, '200.00'),
(19, 'INV0007', 'Supplement-125', '80.00', 2, '160.00'),
(20, 'INV0008', 'Supplement-145', '150.00', 3, '450.00'),
(21, 'INV0008', 'Supplement-245', '205.20', 4, '820.80'),
(22, 'INV0008', 'Supplement-22', '60.00', 2, '120.00'),
(23, 'INV0009', 'Supplement-181', '121.13', 5, '605.63'),
(24, 'INV0009', 'Supplement-77', '150.00', 2, '300.00'),
(25, 'INV0010', 'Supplement-197', '236.60', 4, '946.40'),
(26, 'INV0010', 'Supplement-26', '181.18', 3, '543.54'),
(27, 'INV0011', 'Supplement-172', '100.42', 5, '502.10'),
(28, 'INV0012', 'Supplement-132', '221.34', 3, '664.02'),
(29, 'INV0012', 'Supplement-227', '216.08', 4, '864.32'),
(30, 'INV0012', 'Supplement-177', '110.68', 1, '110.68'),
(31, 'INV0012', 'Supplement-159', '139.18', 1, '139.18'),
(32, 'INV0012', 'Supplement-10', '114.56', 5, '572.80'),
(33, 'INV0012', 'Supplement-169', '170.00', 2, '340.00'),
(34, 'INV0012', 'Supplement-125', '80.00', 2, '160.00'),
(35, 'INV0013', 'Supplement-225', '126.07', 2, '252.14'),
(36, 'INV0014', 'Supplement-86', '92.26', 3, '276.78'),
(37, 'INV0015', 'Supplement-84', '91.30', 3, '273.90'),
(38, 'INV0016', 'Supplement-182', '203.02', 1, '203.02'),
(39, 'INV0016', 'Supplement-22', '106.12', 5, '530.60'),
(40, 'INV0016', 'Supplement-137', '111.20', 3, '333.60'),
(41, 'INV0017', 'Supplement-214', '205.20', 4, '820.80'),
(42, 'INV0018', 'Supplement-32', '93.58', 5, '467.90'),
(43, 'INV0019', 'Supplement-201', '158.82', 1, '158.82'),
(44, 'INV0019', 'Supplement-236', '126.54', 1, '126.54'),
(45, 'INV0020', 'Supplement-31', '101.13', 2, '202.25'),
(46, 'INV0021', 'Supplement-156', '95.68', 1, '95.68'),
(47, 'INV0021', 'Supplement-128', '149.26', 2, '298.52'),
(48, 'INV0021', 'Supplement-18', '94.72', 1, '94.72'),
(49, 'INV0022', 'Supplement-92', '185.92', 5, '929.60'),
(50, 'INV0023', 'Supplement-141', '110.68', 4, '442.72'),
(51, 'INV0023', 'Supplement-6', '197.84', 1, '197.84'),
(52, 'INV0024', 'Supplement-223', '266.24', 3, '798.72'),
(53, 'INV0025', 'Supplement-85', '134.88', 5, '674.40'),
(54, 'INV0026', 'Supplement-241', '124.00', 3, '372.00'),
(55, 'INV0026', 'Supplement-168', '135.06', 3, '405.18'),
(56, 'INV0026', 'Supplement-127', '116.38', 5, '581.90'),
(57, 'INV0026', 'Supplement-107', '203.02', 4, '812.08'),
(58, 'INV0026', 'Supplement-185', '138.56', 1, '138.56'),
(59, 'INV0027', 'Supplement-226', '86.64', 4, '346.56'),
(60, 'INV0028', 'Supplement-44', '110.50', 5, '552.50'),
(61, 'INV0028', 'Supplement-104', '284.92', 4, '1139.68'),
(62, 'INV0029', 'Supplement-30', '262.82', 1, '262.82'),
(63, 'INV0030', 'Supplement-104', '284.92', 1, '284.92'),
(64, 'INV0030', 'Supplement-61', '165.40', 1, '165.40'),
(65, 'INV0030', 'Supplement-139', '114.10', 5, '570.50'),
(66, 'INV0030', 'Supplement-101', '141.28', 1, '141.28'),
(67, 'INV0031', 'Supplement-219', '164.52', 5, '822.60'),
(68, 'INV0031', 'Supplement-176', '112.96', 5, '564.80'),
(69, 'INV0031', 'Supplement-136', '146.02', 3, '438.06'),
(70, 'INV0032', 'Supplement-122', '201.00', 2, '402.00'),
(71, 'INV0033', 'Supplement-146', '164.26', 3, '492.78'),
(72, 'INV0033', 'Supplement-176', '112.96', 4, '451.84'),
(73, 'INV0034', 'Supplement-204', '225.64', 5, '1128.20'),
(74, 'INV0034', 'Supplement-215', '190.30', 5, '951.50'),
(75, 'INV0034', 'Supplement-97', '123.04', 2, '246.08'),
(76, 'INV0034', 'Supplement-219', '164.52', 4, '658.08'),
(77, 'INV0034', 'Supplement-17', '171.30', 3, '513.89'),
(78, 'INV0035', 'Supplement-53', '123.28', 2, '246.55'),
(79, 'INV0036', 'Supplement-51', '76.55', 4, '306.19'),
(80, 'INV0037', 'Supplement-18', '94.72', 4, '378.88'),
(81, 'INV0037', 'Supplement-195', '221.78', 1, '221.78'),
(82, 'INV0037', 'Supplement-166', '139.18', 5, '695.90'),
(83, 'INV0037', 'Supplement-24', '154.97', 4, '619.89'),
(84, 'INV0037', 'Supplement-80', '160.84', 3, '482.52'),
(85, 'INV0037', 'Supplement-187', '110.68', 3, '332.04'),
(86, 'INV0038', 'Supplement-159', '139.18', 2, '278.36'),
(87, 'INV0039', 'Supplement-69', '123.22', 5, '616.10'),
(88, 'INV0039', 'Supplement-240', '94.72', 1, '94.72'),
(89, 'INV0039', 'Supplement-10', '114.56', 5, '572.80'),
(90, 'INV0039', 'Supplement-185', '138.56', 3, '415.68'),
(91, 'INV0040', 'Supplement-194', '174.60', 2, '349.20'),
(92, 'INV0040', 'Supplement-143', '124.36', 4, '497.44'),
(93, 'INV0040', 'Supplement-29', '93.40', 1, '93.40'),
(94, 'INV0040', 'Supplement-67', '44.56', 2, '89.12'),
(95, 'INV0040', 'Supplement-239', '230.38', 3, '691.14'),
(96, 'INV0041', 'Supplement-64', '52.54', 4, '210.16'),
(97, 'INV0042', 'Supplement-141', '110.68', 5, '553.40'),
(98, 'INV0043', 'Supplement-175', '238.36', 4, '953.44'),
(99, 'INV0043', 'Supplement-207', '501.83', 5, '2509.14'),
(100, 'INV0043', 'Supplement-25', '223.54', 4, '894.16'),
(101, 'INV0044', 'Supplement-145', '175.48', 2, '350.96'),
(102, 'INV0044', 'Supplement-89', '214.42', 1, '214.42'),
(103, 'INV0044', 'Supplement-20', '130.06', 5, '650.30'),
(104, 'INV0044', 'Supplement-182', '203.02', 3, '609.06'),
(105, 'INV0045', 'Supplement-205', '222.92', 2, '445.84'),
(106, 'INV0045', 'Supplement-228', '96.56', 5, '482.81'),
(107, 'INV0045', 'Supplement-146', '164.26', 3, '492.78'),
(108, 'INV0046', 'Supplement-47', '152.40', 3, '457.19'),
(109, 'INV0046', 'Supplement-198', '131.46', 2, '262.92'),
(110, 'INV0046', 'Supplement-94', '175.48', 3, '526.44'),
(111, 'INV0047', 'Supplement-8', '132.34', 3, '397.02'),
(112, 'INV0047', 'Supplement-78', '185.92', 5, '929.60'),
(113, 'INV0047', 'Supplement-44', '110.50', 5, '552.50'),
(114, 'INV0048', 'Supplement-243', '118.04', 5, '590.20'),
(115, 'INV0048', 'Supplement-6', '197.84', 1, '197.84'),
(116, 'INV0048', 'Supplement-103', '504.56', 1, '504.56'),
(117, 'INV0049', 'Supplement-168', '135.06', 3, '405.18'),
(118, 'INV0049', 'Supplement-23', '509.68', 2, '1019.36'),
(119, 'INV0049', 'Supplement-176', '112.96', 2, '225.92'),
(120, 'INV0050', 'Supplement-203', '326.40', 5, '1632.00'),
(121, 'INV0050', 'Supplement-229', '107.49', 2, '214.98'),
(122, 'INV0050', 'Supplement-174', '224.94', 3, '674.82'),
(123, 'INV0051', 'Supplement-157', '155.40', 1, '155.40'),
(124, 'INV0051', 'Supplement-1', '216.96', 3, '650.88'),
(125, 'INV0051', 'Supplement-42', '287.64', 2, '575.28'),
(126, 'INV0051', 'Supplement-54', '111.34', 4, '445.36'),
(127, 'INV0051', 'Supplement-168', '135.06', 2, '270.12'),
(128, 'INV0052', 'Supplement-178', '125.96', 1, '125.96'),
(129, 'INV0052', 'Supplement-33', '183.46', 4, '733.84'),
(130, 'INV0052', 'Supplement-162', '214.94', 1, '214.94'),
(131, 'INV0053', 'Supplement-160', '142.60', 1, '142.60'),
(132, 'INV0053', 'Supplement-172', '100.42', 1, '100.42'),
(133, 'INV0053', 'Supplement-94', '175.48', 1, '175.48'),
(134, 'INV0054', 'Supplement-158', '72.49', 2, '144.98'),
(135, 'INV0054', 'Supplement-38', '139.70', 3, '419.10'),
(136, 'INV0054', 'Supplement-237', '58.14', 4, '232.56'),
(137, 'INV0055', 'Supplement-45', '82.18', 2, '164.36'),
(138, 'INV0055', 'Supplement-76', '191.62', 5, '958.10'),
(139, 'INV0055', 'Supplement-121', '195.56', 2, '391.12'),
(140, 'INV0056', 'Supplement-14', '195.01', 5, '975.04'),
(141, 'INV0056', 'Supplement-78', '185.92', 1, '185.92'),
(142, 'INV0057', 'Supplement-117', '191.31', 4, '765.24'),
(143, 'INV0057', 'Supplement-149', '168.82', 4, '675.28'),
(144, 'INV0058', 'Supplement-235', '196.93', 4, '787.74'),
(145, 'INV0058', 'Supplement-211', '192.76', 5, '963.80'),
(146, 'INV0059', 'Supplement-184', '245.46', 2, '490.92'),
(147, 'INV0059', 'Supplement-201', '158.82', 1, '158.82'),
(148, 'INV0060', 'Supplement-160', '142.60', 4, '570.40'),
(149, 'INV0060', 'Supplement-54', '111.34', 1, '111.34'),
(150, 'INV0061', 'Supplement-32', '93.58', 4, '374.32'),
(151, 'INV0061', 'Supplement-162', '214.94', 4, '859.76'),
(152, 'INV0062', 'Supplement-216', '223.54', 5, '1117.70'),
(153, 'INV0062', 'Supplement-231', '292.02', 3, '876.06'),
(154, 'INV0063', 'Supplement-30', '262.82', 1, '262.82'),
(155, 'INV0064', 'Supplement-124', '168.90', 4, '675.60'),
(156, 'INV0065', 'Supplement-241', '124.00', 5, '620.00'),
(157, 'INV0066', 'Supplement-151', '173.09', 3, '519.27'),
(158, 'INV0066', 'Supplement-3', '185.26', 3, '555.79'),
(159, 'INV0067', 'Supplement-119', '158.54', 2, '317.08'),
(160, 'INV0067', 'Supplement-93', '174.56', 2, '349.11'),
(161, 'INV0067', 'Supplement-29', '93.40', 1, '93.40'),
(162, 'INV0067', 'Supplement-236', '126.54', 2, '253.08'),
(163, 'INV0068', 'Supplement-173', '271.42', 1, '271.42'),
(164, 'INV0068', 'Supplement-146', '164.26', 4, '657.04'),
(165, 'INV0068', 'Supplement-167', '135.76', 1, '135.76'),
(166, 'INV0068', 'Supplement-125', '109.54', 3, '328.62'),
(167, 'INV0069', 'Supplement-125', '109.54', 3, '328.62'),
(168, 'INV0070', 'Supplement-94', '175.48', 3, '526.44'),
(169, 'INV0070', 'Supplement-62', '281.25', 4, '1125.01'),
(170, 'INV0070', 'Supplement-209', '158.56', 2, '317.12'),
(171, 'INV0071', 'Supplement-37', '135.86', 2, '271.71'),
(172, 'INV0072', 'Supplement-89', '214.42', 5, '1072.10'),
(173, 'INV0072', 'Supplement-46', '147.16', 4, '588.64'),
(174, 'INV0072', 'Supplement-10', '114.56', 5, '572.80'),
(175, 'INV0072', 'Supplement-138', '161.36', 3, '484.08'),
(176, 'INV0073', 'Supplement-189', '117.52', 5, '587.60'),
(177, 'INV0074', 'Supplement-46', '147.16', 3, '441.48'),
(178, 'INV0075', 'Supplement-183', '203.10', 5, '1015.50'),
(179, 'INV0075', 'Supplement-28', '175.92', 5, '879.60'),
(180, 'INV0075', 'Supplement-232', '255.28', 5, '1276.40'),
(181, 'INV0076', 'Supplement-141', '110.68', 2, '221.36'),
(182, 'INV0077', 'Supplement-80', '160.84', 3, '482.52'),
(183, 'INV0078', 'Supplement-62', '281.25', 3, '843.75'),
(184, 'INV0079', 'Supplement-114', '147.68', 2, '295.36'),
(185, 'INV0079', 'Supplement-21', '232.92', 3, '698.76'),
(186, 'INV0079', 'Supplement-57', '127.08', 1, '127.08'),
(187, 'INV0079', 'Supplement-190', '164.78', 1, '164.78'),
(188, 'INV0080', 'Supplement-131', '202.84', 1, '202.84'),
(189, 'INV0080', 'Supplement-184', '308.16', 3, '924.48'),
(190, 'INV0081', 'Supplement-39', '208.72', 4, '834.88'),
(191, 'INV0081', 'Supplement-177', '141.46', 1, '141.46'),
(192, 'INV0082', 'Supplement-59', '183.12', 5, '915.60'),
(193, 'INV0082', 'Supplement-100', '61.47', 2, '122.94'),
(194, 'INV0083', 'Supplement-58', '192.14', 4, '768.58'),
(195, 'INV0083', 'Supplement-183', '239.58', 5, '1197.90'),
(196, 'INV0084', 'Supplement-5', '201.88', 2, '403.76'),
(197, 'INV0084', 'Supplement-157', '203.28', 3, '609.84'),
(198, 'INV0085', 'Supplement-106', '242.74', 1, '242.74'),
(199, 'INV0085', 'Supplement-62', '326.85', 1, '326.85'),
(200, 'INV0086', 'Supplement-17', '195.24', 3, '585.71'),
(201, 'INV0086', 'Supplement-199', '267.12', 1, '267.12'),
(202, 'INV0087', 'Supplement-119', '196.16', 5, '980.81'),
(203, 'INV0087', 'Supplement-206', '241.60', 4, '966.40'),
(204, 'INV0088', 'Supplement-219', '201.00', 5, '1005.00'),
(205, 'INV0088', 'Supplement-217', '286.76', 2, '573.52'),
(206, 'INV0089', 'Supplement-10', '178.40', 4, '713.60'),
(207, 'INV0089', 'Supplement-20', '148.30', 5, '741.50'),
(208, 'INV0090', 'Supplement-105', '208.72', 1, '208.72'),
(209, 'INV0090', 'Supplement-59', '183.12', 5, '915.60'),
(210, 'INV0091', 'Supplement-29', '139.00', 3, '417.00'),
(211, 'INV0091', 'Supplement-28', '222.66', 3, '667.98'),
(212, 'INV0092', 'Supplement-88', '248.55', 1, '248.55'),
(213, 'INV0092', 'Supplement-170', '196.70', 3, '590.10'),
(214, 'INV0093', 'Supplement-224', '241.34', 3, '724.02'),
(215, 'INV0093', 'Supplement-199', '267.12', 1, '267.12'),
(216, 'INV0094', 'Supplement-57', '146.46', 5, '732.32'),
(217, 'INV0094', 'Supplement-8', '140.32', 3, '420.96'),
(218, 'INV0095', 'Supplement-30', '289.04', 2, '578.08'),
(219, 'INV0095', 'Supplement-245', '224.35', 3, '673.06'),
(220, 'INV0096', 'Supplement-187', '131.20', 5, '656.00'),
(221, 'INV0096', 'Supplement-33', '231.34', 3, '694.02'),
(222, 'INV0097', 'Supplement-8', '140.32', 4, '561.28'),
(223, 'INV0097', 'Supplement-172', '146.02', 1, '146.02'),
(224, 'INV0098', 'Supplement-214', '230.28', 2, '460.56'),
(225, 'INV0098', 'Supplement-214', '230.28', 4, '921.12'),
(226, 'INV0099', 'Supplement-108', '230.20', 2, '460.40'),
(227, 'INV0099', 'Supplement-124', '192.84', 2, '385.68'),
(228, 'INV0100', 'Supplement-136', '188.20', 2, '376.40'),
(229, 'INV0100', 'Supplement-85', '175.92', 5, '879.60'),
(230, 'INV0101', 'Supplement-94', '208.54', 1, '208.54'),
(231, 'INV0101', 'Supplement-59', '183.12', 3, '549.36'),
(232, 'INV0102', 'Supplement-204', '274.66', 4, '1098.64'),
(233, 'INV0102', 'Supplement-20', '148.30', 1, '148.30'),
(234, 'INV0103', 'Supplement-52', '148.96', 5, '744.81'),
(235, 'INV0103', 'Supplement-86', '141.28', 1, '141.28'),
(236, 'INV0104', 'Supplement-112', '2667.64', 2, '5335.28'),
(237, 'INV0104', 'Supplement-135', '118.92', 1, '118.92'),
(238, 'INV0105', 'Supplement-125', '154.00', 5, '770.00'),
(239, 'INV0105', 'Supplement-38', '183.02', 2, '366.04'),
(240, 'INV0106', 'Supplement-202', '150.84', 2, '301.68'),
(241, 'INV0106', 'Supplement-226', '98.04', 2, '196.08'),
(242, 'INV0107', 'Supplement-123', '256.60', 3, '769.80'),
(243, 'INV0107', 'Supplement-23', '540.46', 3, '1621.38'),
(244, 'INV0108', 'Supplement-233', '235.57', 5, '1177.85'),
(245, 'INV0108', 'Supplement-78', '223.54', 5, '1117.70'),
(246, 'INV0109', 'Supplement-83', '218.36', 5, '1091.80'),
(247, 'INV0109', 'Supplement-88', '248.55', 5, '1242.77'),
(248, 'INV0110', 'Supplement-211', '216.70', 4, '866.80'),
(249, 'INV0110', 'Supplement-161', '181.36', 5, '906.80'),
(250, 'INV0111', 'Supplement-197', '248.00', 5, '1240.00'),
(251, 'INV0111', 'Supplement-7', '212.84', 5, '1064.20'),
(252, 'INV0112', 'Supplement-183', '239.58', 4, '958.32'),
(253, 'INV0112', 'Supplement-4', '181.44', 1, '181.44'),
(254, 'INV0113', 'Supplement-115', '346.30', 5, '1731.50'),
(255, 'INV0113', 'Supplement-19', '110.68', 1, '110.68'),
(256, 'INV0114', 'Supplement-220', '249.76', 1, '249.76'),
(257, 'INV0114', 'Supplement-237', '88.92', 4, '355.68'),
(258, 'INV0115', 'Supplement-245', '224.35', 3, '673.06'),
(259, 'INV0115', 'Supplement-25', '275.98', 5, '1379.90'),
(260, 'INV0116', 'Supplement-118', '120.94', 4, '483.76'),
(261, 'INV0116', 'Supplement-17', '195.24', 3, '585.71'),
(262, 'INV0117', 'Supplement-211', '216.70', 2, '433.40'),
(263, 'INV0118', 'Supplement-119', '158.54', 2, '317.08'),
(264, 'INV0118', 'Supplement-93', '174.56', 2, '349.11'),
(265, 'INV0118', 'Supplement-29', '93.40', 1, '93.40'),
(266, 'INV0118', 'Supplement-236', '126.54', 2, '253.08'),
(267, 'INV0119', NULL, '0.00', 0, '0.00'),
(268, 'INV0120', 'Supplement-127', '164.26', 5, '821.30'),
(269, 'INV0120', 'Supplement-182', '233.80', 1, '233.80'),
(270, 'INV0120', 'Supplement-133', '201.88', 1, '201.88'),
(271, 'INV0121', 'Supplement-119', '158.54', 2, '317.08'),
(272, 'INV0121', 'Supplement-93', '174.56', 2, '349.11'),
(273, 'INV0121', 'Supplement-29', '93.40', 1, '93.40'),
(274, 'INV0121', 'Supplement-236', '126.54', 2, '253.08'),
(275, 'INV0122', NULL, '0.00', 0, '0.00'),
(276, 'INV0123', NULL, '0.00', 0, '0.00'),
(277, 'INV0124', 'Supplement-20', '148.30', 5, '741.50'),
(278, 'INV0124', 'Supplement-131', '202.84', 2, '405.68'),
(279, 'INV0125', 'Supplement-198', '179.34', 5, '896.70'),
(280, 'INV0125', 'Supplement-4', '181.44', 5, '907.20'),
(281, 'INV0126', 'Supplement-60', '208.72', 5, '1043.60'),
(282, 'INV0126', 'Supplement-65', '103.84', 2, '207.68'),
(283, 'INV0126', 'Supplement-36', '182.32', 5, '911.60'),
(284, 'INV0127', 'Supplement-160', '189.34', 3, '568.02'),
(285, 'INV0128', 'Supplement-226', '98.04', 5, '490.20'),
(286, 'INV0129', 'Supplement-242', '221.78', 5, '1108.90'),
(287, 'INV0129', 'Supplement-129', '180.48', 1, '180.48'),
(288, 'INV0130', 'Supplement-45', '83.32', 4, '333.28'),
(289, 'INV0131', 'Supplement-180', '167.50', 2, '335.00'),
(290, 'INV0132', 'Supplement-46', '189.34', 1, '189.34'),
(291, 'INV0133', 'Supplement-222', '283.60', 2, '567.20'),
(292, 'INV0133', 'Supplement-198', '179.34', 2, '358.68'),
(293, 'INV0133', 'Supplement-97', '173.20', 5, '866.00'),
(294, 'INV0134', 'Supplement-116', '165.66', 2, '331.32'),
(295, 'INV0135', 'Supplement-78', '223.54', 4, '894.16'),
(296, 'INV0136', 'Supplement-100', '61.47', 1, '61.47'),
(297, 'INV0137', 'Supplement-171', '357.44', 2, '714.88'),
(298, 'INV0138', 'Supplement-180', '167.50', 4, '670.00'),
(299, 'INV0139', 'Supplement-5', '201.88', 1, '201.88'),
(300, 'INV0139', 'Supplement-210', '144.88', 4, '579.52'),
(301, 'INV0139', 'Supplement-114', '186.44', 3, '559.32'),
(302, 'INV0140', 'Supplement-173', '288.52', 4, '1154.08'),
(303, 'INV0141', 'Supplement-193', '193.80', 5, '969.00'),
(304, 'INV0142', 'Supplement-179', '226.60', 2, '453.20'),
(305, 'INV0142', 'Supplement-113', '38.76', 5, '193.80'),
(306, 'INV0142', 'Supplement-167', '184.78', 2, '369.56'),
(307, 'INV0142', 'Supplement-228', '154.70', 4, '618.81'),
(308, 'INV0143', 'Supplement-206', '241.60', 2, '483.20'),
(309, 'INV0144', 'Supplement-145', '218.80', 4, '875.20'),
(310, 'INV0145', 'Supplement-40', '103.24', 3, '309.71'),
(311, 'INV0146', 'Supplement-8', '140.32', 1, '140.32'),
(312, 'INV0147', 'Supplement-42', '322.98', 3, '968.94'),
(313, 'INV0148', 'Supplement-75', '174.52', 3, '523.56'),
(314, 'INV0149', 'Supplement-216', '256.60', 5, '1283.00'),
(315, 'INV0149', 'Supplement-122', '234.06', 2, '468.12'),
(316, 'INV0149', 'Supplement-11', '155.59', 5, '777.95'),
(317, 'INV0150', 'Supplement-192', '217.84', 1, '217.84'),
(318, 'INV0151', 'Supplement-121', '217.22', 4, '868.88'),
(319, 'INV0152', 'Supplement-223', '309.56', 3, '928.68'),
(320, 'INV0153', 'Supplement-38', '183.02', 1, '183.02'),
(321, 'INV0154', 'Supplement-100', '61.47', 4, '245.88'),
(322, 'INV0154', 'Supplement-136', '188.20', 3, '564.60'),
(323, 'INV0154', 'Supplement-24', '175.49', 4, '701.97'),
(324, 'INV0155', 'Supplement-193', '193.80', 2, '387.60'),
(325, 'INV0156', 'Supplement-89', '271.42', 1, '271.42'),
(326, 'INV0157', 'Supplement-61', '195.04', 1, '195.04'),
(327, 'INV0158', 'Supplement-40', '103.24', 4, '412.94'),
(328, 'INV0159', 'Supplement-109', '175.92', 1, '175.92'),
(329, 'INV0160', 'Supplement-64', '87.88', 1, '87.88'),
(330, 'INV0161', 'Supplement-107', '248.62', 2, '497.24'),
(331, 'INV0161', 'Supplement-198', '179.34', 5, '896.70'),
(332, 'INV0161', 'Supplement-49', '174.78', 3, '524.34'),
(333, 'INV0161', 'Supplement-56', '4729.96', 4, '18919.84'),
(334, 'INV0162', 'Supplement-157', '203.28', 5, '1016.40'),
(335, 'INV0162', 'Supplement-143', '167.68', 2, '335.36'),
(336, 'INV0163', 'Supplement-187', '131.20', 5, '656.00'),
(337, 'INV0163', 'Supplement-225', '152.29', 2, '304.58'),
(338, 'INV0164', 'Supplement-208', '200.56', 4, '802.24'),
(339, 'INV0164', 'Supplement-218', '220.12', 2, '440.24'),
(340, 'INV0165', 'Supplement-89', '271.42', 2, '542.84'),
(341, 'INV0165', 'Supplement-122', '234.06', 5, '1170.30'),
(342, 'INV0166', 'Supplement-80', '209.86', 5, '1049.30'),
(343, 'INV0166', 'Supplement-203', '342.36', 2, '684.72'),
(344, 'INV0166', 'Supplement-114', '186.44', 3, '559.32'),
(345, 'INV0167', 'Supplement-159', '184.78', 1, '184.78'),
(346, 'INV0167', 'Supplement-194', '211.08', 5, '1055.40'),
(347, 'INV0168', 'Supplement-88', '248.55', 2, '497.11'),
(348, 'INV0169', 'Supplement-32', '141.46', 2, '282.92'),
(349, 'INV0170', 'Supplement-40', '103.24', 1, '103.24'),
(350, 'INV0170', 'Supplement-225', '152.29', 1, '152.29'),
(351, 'INV0170', 'Supplement-19', '110.68', 5, '553.40'),
(352, 'INV0171', 'Supplement-91', '245.28', 4, '981.12'),
(353, 'INV0172', 'Supplement-67', '92.44', 3, '277.32'),
(354, 'INV0173', 'Supplement-233', '235.57', 1, '235.57'),
(355, 'INV0174', 'Supplement-139', '143.74', 1, '143.74'),
(356, 'INV0175', 'Supplement-40', '103.24', 4, '412.94'),
(357, 'INV0175', 'Supplement-70', '188.20', 2, '376.40'),
(358, 'INV0175', 'Supplement-150', '319.30', 5, '1596.50'),
(359, 'INV0175', 'Supplement-48', '208.80', 3, '626.40'),
(360, 'INV0176', 'Supplement-208', '200.56', 2, '401.12'),
(361, 'INV0177', 'Supplement-117', '206.13', 5, '1030.65'),
(362, 'INV0178', 'Supplement-224', '241.34', 5, '1206.70'),
(363, 'INV0179', 'Supplement-164', '218.98', 1, '218.98'),
(364, 'INV0180', 'Supplement-89', '271.42', 5, '1357.10'),
(365, 'INV0180', 'Supplement-108', '230.20', 4, '920.80'),
(366, 'INV0180', 'Supplement-123', '256.60', 3, '769.80'),
(367, 'INV0180', 'Supplement-224', '241.34', 4, '965.36'),
(368, 'INV0181', 'Supplement-164', '218.98', 1, '218.98'),
(369, 'INV0181', 'Supplement-240', '148.30', 3, '444.90'),
(370, 'INV0181', 'Supplement-153', '188.20', 5, '941.00'),
(371, 'INV0182', 'Supplement-144', '157.42', 2, '314.84'),
(372, 'INV0183', 'Supplement-54', '167.20', 5, '836.01'),
(373, 'INV0184', 'Supplement-179', '226.60', 3, '679.80'),
(374, 'INV0184', 'Supplement-202', '150.84', 1, '150.84'),
(375, 'INV0184', 'Supplement-50', '263.93', 4, '1055.74'),
(376, 'INV0184', 'Supplement-64', '87.88', 1, '87.88'),
(377, 'INV0185', 'Supplement-47', '199.14', 5, '995.69'),
(378, 'INV0186', 'Supplement-239', '270.28', 2, '540.56'),
(379, 'INV0187', 'Supplement-95', '180.22', 3, '540.66'),
(380, 'INV0188', 'Supplement-172', '146.02', 5, '730.10'),
(381, 'INV0188', 'Supplement-35', '75.24', 5, '376.20'),
(382, 'INV0189', 'Supplement-143', '167.68', 1, '167.68'),
(383, 'INV0190', 'Supplement-27', '189.60', 1, '189.60'),
(384, 'INV0190', 'Supplement-236', '147.06', 1, '147.06'),
(385, 'INV0191', 'Supplement-122', '234.06', 5, '1170.30'),
(386, 'INV0191', 'Supplement-56', '4729.96', 1, '4729.96'),
(387, 'INV0191', 'Supplement-139', '143.74', 3, '431.22'),
(388, 'INV0192', 'Supplement-6', '228.62', 5, '1143.10'),
(389, 'INV0193', 'Supplement-225', '152.29', 5, '761.45'),
(390, 'INV0193', 'Supplement-50', '263.93', 1, '263.93'),
(391, 'INV0193', 'Supplement-197', '248.00', 1, '248.00'),
(392, 'INV0193', 'Supplement-195', '246.86', 3, '740.58'),
(393, 'INV0194', 'Supplement-41', '119.80', 4, '479.20'),
(394, 'INV0194', 'Supplement-29', '139.00', 3, '417.00'),
(395, 'INV0195', 'Supplement-117', '206.13', 4, '824.52'),
(396, 'INV0195', 'Supplement-133', '201.88', 4, '807.52'),
(397, 'INV0196', 'Supplement-97', '173.20', 3, '519.60'),
(398, 'INV0196', 'Supplement-33', '231.34', 4, '925.36'),
(399, 'INV0197', 'Supplement-46', '189.34', 3, '568.02'),
(400, 'INV0197', 'Supplement-38', '183.02', 2, '366.04'),
(401, 'INV0198', 'Supplement-32', '141.46', 2, '282.92'),
(402, 'INV0198', 'Supplement-103', '533.06', 1, '533.06'),
(403, 'INV0198', 'Supplement-88', '248.55', 3, '745.66'),
(404, 'INV0198', 'Supplement-49', '174.78', 3, '524.34'),
(405, 'INV0199', 'Supplement-49', '174.78', 2, '349.56'),
(406, 'INV0199', 'Supplement-114', '186.44', 5, '932.20'),
(407, 'INV0200', 'Supplement-144', '157.42', 1, '157.42'),
(408, 'INV0200', 'Supplement-128', '188.02', 4, '752.08'),
(409, 'INV0201', 'Supplement-85', '175.92', 4, '703.68'),
(410, 'INV0201', 'Supplement-148', '175.82', 5, '879.12'),
(411, 'INV0201', 'Supplement-149', '230.38', 3, '691.14'),
(412, 'INV0202', 'Supplement-46', '189.34', 5, '946.70'),
(413, 'INV0203', 'Supplement-219', '201.00', 2, '402.00'),
(414, 'INV0203', 'Supplement-55', '87.38', 5, '436.89'),
(415, 'INV0203', 'Supplement-150', '319.30', 5, '1596.50'),
(416, 'INV0203', 'Supplement-207', '537.17', 2, '1074.34'),
(417, 'INV0204', 'Supplement-63', '92.44', 1, '92.44'),
(418, 'INV0205', 'Supplement-111', '55.86', 1, '55.86'),
(419, 'INV0206', 'Supplement-93', '211.04', 5, '1055.18'),
(420, 'INV0206', 'Supplement-198', '179.34', 4, '717.36'),
(421, 'INV0206', 'Supplement-192', '217.84', 4, '871.36'),
(422, 'INV0207', 'Supplement-42', '322.98', 4, '1291.92'),
(423, 'INV0207', 'Supplement-145', '218.80', 4, '875.20'),
(424, 'INV0207', 'Supplement-150', '319.30', 5, '1596.50'),
(425, 'INV0208', 'Supplement-2', '191.62', 4, '766.48'),
(426, 'INV0209', 'Supplement-216', '256.60', 1, '256.60'),
(427, 'INV0209', 'Supplement-3', '204.64', 1, '204.64'),
(428, 'INV0209', 'Supplement-49', '174.78', 4, '699.12'),
(429, 'INV0210', 'Supplement-195', '246.86', 3, '740.58'),
(430, 'INV0210', 'Supplement-61', '195.04', 1, '195.04'),
(431, 'INV0211', 'Supplement-96', '148.12', 1, '148.12'),
(432, 'INV0212', 'Supplement-58', '192.14', 1, '192.14'),
(433, 'INV0212', 'Supplement-216', '256.60', 3, '769.80'),
(434, 'INV0213', 'Supplement-110', '181.36', 5, '906.80'),
(435, 'INV0214', 'Supplement-199', '273.96', 1, '273.96'),
(436, 'INV0214', 'Supplement-89', '301.06', 1, '301.06'),
(437, 'INV0215', 'Supplement-48', '223.62', 4, '894.48'),
(438, 'INV0216', 'Supplement-33', '241.60', 5, '1208.00'),
(439, 'INV0217', 'Supplement-12', '262.38', 3, '787.14'),
(440, 'INV0218', 'Supplement-17', '223.74', 2, '447.47'),
(441, 'INV0218', 'Supplement-99', '148.12', 3, '444.36'),
(442, 'INV0219', 'Supplement-190', '218.36', 1, '218.36'),
(443, 'INV0219', 'Supplement-70', '214.42', 3, '643.26'),
(444, 'INV0220', 'Supplement-157', '234.06', 4, '936.24'),
(445, 'INV0220', 'Supplement-112', '2689.30', 3, '8067.90'),
(446, 'INV0220', 'Supplement-139', '146.02', 4, '584.08'),
(447, 'INV0221', 'Supplement-83', '237.74', 1, '237.74'),
(448, 'INV0221', 'Supplement-18', '139.18', 2, '278.36'),
(449, 'INV0221', 'Supplement-51', '126.71', 1, '126.71'),
(450, 'INV0222', 'Supplement-65', '115.24', 5, '576.20'),
(451, 'INV0222', 'Supplement-46', '211.00', 2, '422.00'),
(452, 'INV0222', 'Supplement-57', '148.74', 2, '297.49'),
(453, 'INV0223', 'Supplement-223', '327.80', 4, '1311.20'),
(454, 'INV0223', 'Supplement-160', '201.88', 5, '1009.40'),
(455, 'INV0223', 'Supplement-193', '222.30', 3, '666.90'),
(456, 'INV0224', 'Supplement-173', '295.36', 1, '295.36'),
(457, 'INV0224', 'Supplement-46', '211.00', 2, '422.00'),
(458, 'INV0225', 'Supplement-121', '241.16', 3, '723.48'),
(459, 'INV0225', 'Supplement-206', '267.82', 1, '267.82'),
(460, 'INV0226', 'Supplement-23', '563.26', 3, '1689.78'),
(461, 'INV0226', 'Supplement-152', '206.44', 2, '412.88'),
(462, 'INV0227', 'Supplement-13', '106.20', 5, '531.00'),
(463, 'INV0227', 'Supplement-135', '132.60', 2, '265.20'),
(464, 'INV0228', 'Supplement-51', '126.71', 1, '126.71'),
(465, 'INV0228', 'Supplement-55', '115.88', 3, '347.64'),
(466, 'INV0229', 'Supplement-163', '128.92', 3, '386.76'),
(467, 'INV0229', 'Supplement-5', '215.56', 1, '215.56'),
(468, 'INV0230', 'Supplement-50', '269.63', 1, '269.63'),
(469, 'INV0231', 'Supplement-191', '266.94', 3, '800.82'),
(470, 'INV0232', 'Supplement-96', '174.34', 4, '697.36'),
(471, 'INV0232', 'Supplement-206', '267.82', 4, '1071.28'),
(472, 'INV0233', 'Supplement-55', '115.88', 3, '347.64'),
(473, 'INV0233', 'Supplement-182', '262.30', 3, '786.90'),
(474, 'INV0234', 'Supplement-140', '152.00', 4, '607.99'),
(475, 'INV0234', 'Supplement-31', '141.03', 2, '282.05'),
(476, 'INV0235', 'Supplement-227', '287.90', 3, '863.70'),
(477, 'INV0235', 'Supplement-157', '234.06', 5, '1170.30'),
(478, 'INV0236', 'Supplement-103', '539.90', 2, '1079.81'),
(479, 'INV0237', 'Supplement-142', '110.32', 1, '110.32'),
(480, 'INV0237', 'Supplement-11', '160.15', 2, '320.30'),
(481, 'INV0238', 'Supplement-244', '268.00', 4, '1072.00'),
(482, 'INV0238', 'Supplement-206', '267.82', 4, '1071.28'),
(483, 'INV0239', 'Supplement-72', '230.20', 2, '460.40'),
(484, 'INV0239', 'Supplement-73', '223.28', 4, '893.11'),
(485, 'INV0240', 'Supplement-112', '2689.30', 5, '13446.50'),
(486, 'INV0240', 'Supplement-106', '275.80', 1, '275.80'),
(487, 'INV0241', 'Supplement-19', '118.66', 4, '474.64'),
(488, 'INV0242', 'Supplement-97', '200.56', 3, '601.68'),
(489, 'INV0243', 'Supplement-227', '287.90', 2, '575.80'),
(490, 'INV0244', 'Supplement-234', '261.68', 3, '785.04'),
(491, 'INV0244', 'Supplement-16', '200.82', 2, '401.64'),
(492, 'INV0245', 'Supplement-21', '303.60', 1, '303.60'),
(493, 'INV0245', 'Supplement-147', '220.52', 3, '661.56'),
(494, 'INV0246', 'Supplement-61', '205.30', 2, '410.60'),
(495, 'INV0246', 'Supplement-166', '181.36', 5, '906.80'),
(496, 'INV0247', 'Supplement-70', '214.42', 3, '643.26'),
(497, 'INV0247', 'Supplement-41', '154.00', 5, '770.00'),
(498, 'INV0248', 'Supplement-25', '291.94', 5, '1459.70'),
(499, 'INV0249', 'Supplement-55', '115.88', 3, '347.64'),
(500, 'INV0250', 'Supplement-157', '234.06', 2, '468.12'),
(501, 'INV0251', 'Supplement-40', '122.62', 4, '490.46'),
(502, 'INV0251', 'Supplement-14', '261.13', 1, '261.13'),
(503, 'INV0251', 'Supplement-60', '222.40', 4, '889.60'),
(504, 'INV0251', 'Supplement-57', '148.74', 4, '594.98'),
(505, 'INV0251', 'Supplement-232', '302.02', 1, '302.02'),
(506, 'INV0251', 'Supplement-32', '160.84', 2, '321.68'),
(507, 'INV0252', 'Supplement-132', '282.90', 5, '1414.50'),
(508, 'INV0252', 'Supplement-52', '161.50', 5, '807.51'),
(509, 'INV0253', 'Supplement-134', '193.90', 4, '775.60'),
(510, 'INV0253', 'Supplement-184', '338.94', 5, '1694.70'),
(511, 'INV0254', 'Supplement-112', '2689.30', 4, '10757.20'),
(512, 'INV0255', 'Supplement-52', '161.50', 5, '807.51'),
(513, 'INV0256', 'Supplement-160', '201.88', 3, '605.64'),
(514, 'INV0257', 'Supplement-90', '136.90', 1, '136.90'),
(515, 'INV0257', 'Supplement-228', '174.08', 2, '348.16'),
(516, 'INV0257', 'Supplement-181', '180.04', 2, '360.08'),
(517, 'INV0258', 'Supplement-140', '152.00', 3, '455.99'),
(518, 'INV0258', 'Supplement-17', '223.74', 3, '671.21'),
(519, 'INV0258', 'Supplement-46', '211.00', 2, '422.00'),
(520, 'INV0259', 'Supplement-114', '209.24', 4, '836.96'),
(521, 'INV0259', 'Supplement-152', '206.44', 4, '825.76'),
(522, 'INV0259', 'Supplement-67', '92.44', 1, '92.44'),
(523, 'INV0260', 'Supplement-139', '146.02', 2, '292.04'),
(524, 'INV0261', 'Supplement-158', '146.59', 2, '293.18'),
(525, 'INV0262', 'Supplement-129', '211.26', 1, '211.26'),
(526, 'INV0263', 'Supplement-126', '196.96', 2, '393.93'),
(527, 'INV0263', 'Supplement-99', '148.12', 2, '296.24'),
(528, 'INV0263', 'Supplement-93', '232.70', 2, '465.39'),
(529, 'INV0264', 'Supplement-157', '234.06', 1, '234.06'),
(530, 'INV0264', 'Supplement-94', '230.20', 4, '920.80'),
(531, 'INV0264', 'Supplement-231', '311.40', 5, '1557.00'),
(532, 'INV0265', 'Supplement-139', '146.02', 1, '146.02'),
(533, 'INV0265', 'Supplement-127', '169.96', 2, '339.92'),
(534, 'INV0265', 'Supplement-184', '338.94', 3, '1016.82'),
(535, 'INV0266', 'Supplement-100', '81.99', 2, '163.98'),
(536, 'INV0267', 'Supplement-175', '294.22', 5, '1471.10'),
(537, 'INV0268', 'Supplement-15', '307.98', 3, '923.94'),
(538, 'INV0269', 'Supplement-226', '108.30', 5, '541.50'),
(539, 'INV0270', 'Supplement-59', '211.62', 1, '211.62'),
(540, 'INV0271', 'Supplement-68', '212.14', 1, '212.14'),
(541, 'INV0272', 'Supplement-18', '139.18', 5, '695.90'),
(542, 'INV0272', 'Supplement-128', '205.12', 2, '410.24'),
(543, 'INV0273', 'Supplement-110', '181.36', 3, '544.08'),
(544, 'INV0273', 'Supplement-170', '206.96', 5, '1034.80'),
(545, 'INV0274', 'Supplement-70', '214.42', 1, '214.42'),
(546, 'INV0275', 'Supplement-4', '184.86', 4, '739.44'),
(547, 'INV0275', 'Supplement-26', '217.66', 3, '652.98'),
(548, 'INV0276', 'Supplement-220', '270.28', 5, '1351.40'),
(549, 'INV0277', 'Supplement-90', '136.90', 4, '547.60'),
(550, 'INV0278', 'Supplement-111', '72.96', 2, '145.92'),
(551, 'INV0279', 'Supplement-10', '186.38', 3, '559.14'),
(552, 'INV0279', 'Supplement-57', '148.74', 2, '297.49'),
(553, 'INV0280', 'Supplement-243', '128.30', 2, '256.60'),
(554, 'INV0281', 'Supplement-158', '146.59', 1, '146.59'),
(555, 'INV0282', 'Supplement-138', '234.32', 4, '937.28'),
(556, 'INV0282', 'Supplement-228', '174.08', 1, '174.08'),
(557, 'INV0283', 'Supplement-61', '205.30', 2, '410.60'),
(558, 'INV0283', 'Supplement-189', '141.46', 2, '282.92'),
(559, 'INV0284', 'Supplement-170', '206.96', 5, '1034.80'),
(560, 'INV0285', 'Supplement-234', '261.68', 2, '523.36'),
(561, 'INV0285', 'Supplement-4', '184.86', 3, '554.58'),
(562, 'INV0286', 'Supplement-113', '41.04', 4, '164.16'),
(563, 'INV0287', 'Supplement-37', '200.84', 3, '602.51'),
(564, 'INV0288', 'Supplement-18', '139.18', 2, '278.36'),
(565, 'INV0289', 'Supplement-53', '148.36', 4, '593.43'),
(566, 'INV0289', 'Supplement-76', '258.88', 4, '1035.52'),
(567, 'INV0290', 'Supplement-154', '297.28', 3, '891.84'),
(568, 'INV0291', 'Supplement-146', '198.46', 1, '198.46'),
(569, 'INV0291', 'Supplement-88', '275.91', 2, '551.83'),
(570, 'INV0292', 'Supplement-192', '234.94', 5, '1174.70'),
(571, 'INV0292', 'Supplement-221', '207.58', 4, '830.32'),
(572, 'INV0293', 'Supplement-225', '186.49', 5, '932.45'),
(573, 'INV0294', 'Supplement-45', '101.56', 4, '406.24'),
(574, 'INV0294', 'Supplement-46', '211.00', 4, '844.00'),
(575, 'INV0295', 'Supplement-8', '166.54', 5, '832.70'),
(576, 'INV0296', 'Supplement-54', '184.30', 2, '368.60'),
(577, 'INV0297', 'Supplement-53', '148.36', 5, '741.79'),
(578, 'INV0298', 'Supplement-193', '222.30', 5, '1111.50'),
(579, 'INV0298', 'Supplement-189', '141.46', 3, '424.38'),
(580, 'INV0299', 'Supplement-82', '156.28', 1, '156.28'),
(581, 'INV0300', 'Supplement-63', '114.10', 4, '456.40'),
(582, 'INV0301', 'Supplement-152', '206.44', 5, '1032.20'),
(583, 'INV0302', 'Supplement-141', '166.54', 3, '499.62'),
(584, 'INV0302', 'Supplement-176', '182.50', 3, '547.50'),
(585, 'INV0303', 'Supplement-180', '197.14', 5, '985.70'),
(586, 'INV0303', 'Supplement-51', '126.71', 2, '253.42'),
(587, 'INV0304', 'Supplement-226', '108.30', 3, '324.90'),
(588, 'INV0305', 'Supplement-11', '160.15', 5, '800.75'),
(589, 'INV0305', 'Supplement-79', '197.32', 2, '394.64'),
(590, 'INV0306', 'Supplement-57', '148.74', 2, '297.49'),
(591, 'INV0307', 'Supplement-103', '539.90', 5, '2699.52'),
(592, 'INV0308', 'Supplement-43', '170.92', 2, '341.84'),
(593, 'INV0309', 'Supplement-224', '266.42', 2, '532.84'),
(594, 'INV0309', 'Supplement-13', '106.20', 5, '531.00'),
(595, 'INV0310', 'Supplement-24', '188.03', 5, '940.17'),
(596, 'INV0311', 'Supplement-173', '295.36', 5, '1476.80'),
(597, 'INV0312', 'Supplement-136', '206.44', 2, '412.88'),
(598, 'INV0312', 'Supplement-210', '147.16', 3, '441.48'),
(599, 'INV0313', 'Supplement-103', '539.90', 3, '1619.71'),
(600, 'INV0313', 'Supplement-39', '234.94', 3, '704.82'),
(601, 'INV0314', 'Supplement-2', '192.76', 1, '192.76'),
(602, 'INV0315', 'Supplement-202', '180.48', 3, '541.44'),
(603, 'INV0315', 'Supplement-5', '215.56', 5, '1077.80'),
(604, 'INV0316', 'Supplement-45', '101.56', 4, '406.24'),
(605, 'INV0317', 'Supplement-73', '223.28', 5, '1116.39'),
(606, 'INV0318', 'Supplement-135', '132.60', 3, '397.80'),
(607, 'INV0319', 'Supplement-125', '158.56', 5, '792.80'),
(608, 'INV0319', 'Supplement-129', '211.26', 2, '422.52'),
(609, 'INV0320', 'Supplement-36', '208.54', 3, '625.62'),
(610, 'INV0321', 'Supplement-218', '225.82', 4, '903.28'),
(611, 'INV0321', 'Supplement-220', '270.28', 1, '270.28'),
(612, 'INV0322', 'Supplement-165', '246.16', 1, '246.16'),
(613, 'INV0322', 'Supplement-167', '197.32', 1, '197.32'),
(614, 'INV0323', 'Supplement-4', '184.86', 4, '739.44'),
(615, 'INV0324', 'Supplement-224', '266.42', 4, '1065.68'),
(616, 'INV0324', 'Supplement-21', '303.60', 4, '1214.40'),
(617, 'INV0325', 'Supplement-120', '201.52', 4, '806.07'),
(618, 'INV0326', 'Supplement-98', '179.08', 4, '716.32'),
(619, 'INV0327', 'Supplement-91', '255.54', 5, '1277.70'),
(620, 'INV0328', 'Supplement-32', '160.84', 1, '160.84'),
(621, 'INV0328', 'Supplement-26', '217.66', 3, '652.98'),
(622, 'INV0329', 'Supplement-178', '186.38', 3, '559.13'),
(623, 'INV0329', 'Supplement-37', '200.84', 1, '200.84'),
(624, 'INV0330', 'Supplement-121', '241.16', 2, '482.32'),
(625, 'INV0330', 'Supplement-235', '225.43', 1, '225.43'),
(626, 'INV0331', 'Supplement-157', '234.06', 2, '468.12'),
(627, 'INV0332', 'Supplement-36', '208.54', 1, '208.54'),
(628, 'INV0332', 'Supplement-119', '207.56', 4, '830.25'),
(629, 'INV0333', 'Supplement-171', '375.68', 1, '375.68'),
(630, 'INV0334', 'Supplement-158', '146.59', 5, '732.95'),
(631, 'INV0335', 'Supplement-236', '177.84', 3, '533.52'),
(632, 'INV0336', 'Supplement-131', '223.36', 4, '893.44'),
(633, 'INV0336', 'Supplement-63', '114.10', 5, '570.50'),
(634, 'INV0337', 'Supplement-49', '207.84', 2, '415.68'),
(635, 'INV0338', 'Supplement-127', '169.96', 2, '339.92'),
(636, 'INV0338', 'Supplement-60', '222.40', 1, '222.40'),
(637, 'INV0339', 'Supplement-106', '275.80', 2, '551.60'),
(638, 'INV0339', 'Supplement-134', '193.90', 3, '581.70'),
(639, 'INV0340', 'Supplement-150', '346.66', 3, '1039.98'),
(640, 'INV0341', 'Supplement-172', '163.12', 3, '489.36'),
(641, 'INV0341', 'Supplement-129', '211.26', 4, '845.04'),
(642, 'INV0342', 'Supplement-13', '106.20', 3, '318.60'),
(643, 'INV0342', 'Supplement-216', '289.66', 4, '1158.64'),
(644, 'INV0343', 'Supplement-214', '234.84', 1, '234.84'),
(645, 'INV0344', 'Supplement-242', '245.72', 4, '982.88'),
(646, 'INV0344', 'Supplement-27', '195.30', 5, '976.50'),
(647, 'INV0345', 'Supplement-68', '212.14', 1, '212.14'),
(648, 'INV0346', 'Supplement-66', '101.56', 2, '203.12'),
(649, 'INV0347', 'Supplement-123', '262.30', 4, '1049.20'),
(650, 'INV0348', 'Supplement-151', '225.53', 2, '451.06'),
(651, 'INV0348', 'Supplement-178', '186.38', 4, '745.50'),
(652, 'INV0349', 'Supplement-42', '352.62', 4, '1410.48'),
(653, 'INV0350', 'Supplement-135', '132.60', 4, '530.40'),
(654, 'INV0350', 'Supplement-206', '267.82', 1, '267.82'),
(655, 'INV0351', 'Supplement-55', '115.88', 5, '579.39'),
(656, 'INV0351', 'Supplement-82', '156.28', 3, '468.84'),
(657, 'INV0352', 'Supplement-188', '131.10', 3, '393.30'),
(658, 'INV0352', 'Supplement-127', '169.96', 4, '679.84'),
(659, 'INV0353', 'Supplement-103', '539.90', 4, '2159.62'),
(660, 'INV0354', 'Supplement-125', '158.56', 5, '792.80'),
(661, 'INV0355', 'Supplement-22', '184.78', 3, '554.34'),
(662, 'INV0356', 'Supplement-69', '182.50', 4, '730.00'),
(663, 'INV0356', 'Supplement-89', '301.06', 5, '1505.30'),
(664, 'INV0357', 'Supplement-12', '262.38', 3, '787.14'),
(665, 'INV0358', 'Supplement-209', '189.34', 2, '378.68'),
(666, 'INV0358', 'Supplement-229', '133.71', 4, '534.83'),
(667, 'INV0359', 'Supplement-141', '166.54', 5, '832.70'),
(668, 'INV0359', 'Supplement-198', '180.48', 3, '541.44'),
(669, 'INV0360', 'Supplement-149', '247.48', 5, '1237.40'),
(670, 'INV0361', 'Supplement-226', '108.30', 1, '108.30'),
(671, 'INV0361', 'Supplement-172', '163.12', 3, '489.36'),
(672, 'INV0362', 'Supplement-235', '225.43', 2, '450.87'),
(673, 'INV0362', 'Supplement-48', '223.62', 5, '1118.10'),
(674, 'INV0363', 'Supplement-115', '377.08', 2, '754.16'),
(675, 'INV0364', 'Supplement-113', '41.04', 5, '205.20'),
(676, 'INV0364', 'Supplement-221', '207.58', 4, '830.32'),
(677, 'INV0365', 'Supplement-160', '201.88', 1, '201.88'),
(678, 'INV0366', 'Supplement-80', '233.80', 1, '233.80'),
(679, 'INV0367', 'Supplement-84', '136.90', 1, '136.90'),
(680, 'INV0368', 'Supplement-112', '2689.30', 1, '2689.30'),
(681, 'INV0369', 'Supplement-165', '246.16', 3, '738.48'),
(682, 'INV0370', 'Supplement-120', '201.52', 2, '403.03'),
(683, 'INV0370', 'Supplement-117', '224.37', 4, '897.48'),
(684, 'INV0371', 'Supplement-182', '262.30', 2, '524.60'),
(685, 'INV0372', 'Supplement-42', '352.62', 1, '352.62'),
(686, 'INV0373', 'Supplement-91', '255.54', 4, '1022.16'),
(687, 'INV0374', 'Supplement-166', '181.36', 4, '725.44'),
(688, 'INV0374', 'Supplement-202', '180.48', 5, '902.40'),
(689, 'INV0375', 'Supplement-31', '141.03', 3, '423.08'),
(690, 'INV0376', 'Supplement-219', '218.10', 3, '654.30'),
(691, 'INV0376', 'Supplement-187', '133.48', 4, '533.92'),
(692, 'INV0377', 'Supplement-138', '234.32', 5, '1171.60'),
(693, 'INV0377', 'Supplement-244', '268.00', 5, '1340.00'),
(694, 'INV0378', 'Supplement-16', '200.82', 5, '1004.10'),
(695, 'INV0379', 'Supplement-64', '122.08', 5, '610.40'),
(696, 'INV0379', 'Supplement-244', '268.00', 3, '804.00'),
(697, 'INV0380', 'Supplement-3', '238.84', 3, '716.53'),
(698, 'INV0380', 'Supplement-39', '234.94', 4, '939.76'),
(699, 'INV0381', 'Supplement-191', '266.94', 2, '533.88'),
(700, 'INV0382', 'Supplement-245', '243.73', 3, '731.20'),
(701, 'INV0382', 'Supplement-151', '225.53', 1, '225.53'),
(702, 'INV0383', 'Supplement-95', '206.44', 4, '825.76'),
(703, 'INV0383', 'Supplement-158', '146.59', 1, '146.59'),
(704, 'INV0384', 'Supplement-212', '244.58', 3, '733.74'),
(705, 'INV0385', 'Supplement-101', '208.54', 1, '208.54'),
(706, 'INV0386', 'Supplement-119', '207.56', 4, '830.25'),
(707, 'INV0387', 'Supplement-204', '290.62', 2, '581.24'),
(708, 'INV0387', 'Supplement-232', '302.02', 1, '302.02'),
(709, 'INV0388', 'Supplement-15', '307.98', 2, '615.96'),
(710, 'INV0389', 'Supplement-27', '195.30', 2, '390.60'),
(711, 'INV0389', 'Supplement-212', '244.58', 5, '1222.90'),
(712, 'INV0390', 'Supplement-66', '101.56', 1, '101.56'),
(713, 'INV0390', 'Supplement-204', '290.62', 2, '581.24'),
(714, 'INV0391', 'Supplement-89', '301.06', 2, '602.12'),
(715, 'INV0392', 'Supplement-163', '128.92', 2, '257.84'),
(716, 'INV0392', 'Supplement-117', '224.37', 5, '1121.85'),
(717, 'INV0393', 'Supplement-137', '161.36', 3, '484.08'),
(718, 'INV0394', 'Supplement-105', '239.50', 4, '958.00'),
(719, 'INV0394', 'Supplement-68', '212.14', 4, '848.56'),
(720, 'INV0395', 'Supplement-213', '195.56', 1, '195.56'),
(721, 'INV0395', 'Supplement-133', '230.38', 1, '230.38'),
(722, 'INV0396', 'Supplement-217', '294.74', 1, '294.74'),
(723, 'INV0397', 'Supplement-200', '231.78', 1, '231.78'),
(724, 'INV0397', 'Supplement-161', '209.86', 3, '629.58'),
(725, 'INV0398', 'Supplement-63', '114.10', 2, '228.20'),
(726, 'INV0398', 'Supplement-24', '188.03', 3, '564.10'),
(727, 'INV0399', 'Supplement-238', '226.34', 1, '226.34'),
(728, 'INV0400', 'Supplement-80', '233.80', 3, '701.40'),
(729, 'INV0400', 'Supplement-148', '191.78', 5, '958.92'),
(730, 'INV0401', 'Supplement-225', '186.49', 2, '372.98'),
(731, 'INV0401', 'Supplement-92', '230.38', 5, '1151.90'),
(732, 'INV0402', 'Supplement-174', '295.62', 3, '886.86'),
(733, 'INV0403', 'Supplement-197', '251.42', 1, '251.42'),
(734, 'INV0404', 'Supplement-33', '241.60', 5, '1208.00'),
(735, 'INV0405', 'Supplement-152', '206.44', 5, '1032.20'),
(736, 'INV0405', 'Supplement-203', '370.86', 4, '1483.44'),
(737, 'INV0406', 'Supplement-128', '205.12', 3, '615.36'),
(738, 'INV0407', 'Supplement-2', '192.76', 4, '771.04'),
(739, 'INV0407', 'Supplement-162', '229.76', 1, '229.76'),
(740, 'INV0408', 'Supplement-13', '106.20', 3, '318.60'),
(741, 'INV0408', 'Supplement-4', '184.86', 5, '924.30'),
(742, 'INV0409', 'Supplement-171', '375.68', 3, '1127.04'),
(743, 'INV0410', 'Supplement-210', '147.16', 2, '294.32'),
(744, 'INV0411', 'Supplement-109', '186.18', 2, '372.36'),
(745, 'INV0411', 'Supplement-233', '236.71', 1, '236.71'),
(746, 'INV0412', 'Supplement-229', '133.71', 1, '133.71'),
(747, 'INV0413', 'Supplement-204', '290.62', 5, '1453.10'),
(748, 'INV0413', 'Supplement-66', '101.56', 2, '203.12'),
(749, 'INV0414', 'Supplement-172', '163.12', 3, '489.36'),
(750, 'INV0414', 'Supplement-225', '186.49', 5, '932.45'),
(751, 'INV0415', 'Supplement-190', '218.36', 5, '1091.80'),
(752, 'INV0416', 'Supplement-70', '214.42', 5, '1072.10'),
(753, 'INV0416', 'Supplement-126', '196.96', 3, '590.89'),
(754, 'INV0417', 'Supplement-4', '184.86', 2, '369.72'),
(755, 'INV0417', 'Supplement-155', '120.32', 3, '360.96'),
(756, 'INV0418', 'Supplement-83', '237.74', 2, '475.48'),
(757, 'INV0419', 'Supplement-222', '289.30', 2, '578.60'),
(758, 'INV0419', 'Supplement-139', '146.02', 1, '146.02'),
(759, 'INV0420', 'Supplement-52', '161.50', 2, '323.00'),
(760, 'INV0420', 'Supplement-147', '220.52', 2, '441.04'),
(761, 'INV0421', 'Supplement-56', '4739.08', 1, '4739.08'),
(762, 'INV0422', 'Supplement-183', '261.24', 1, '261.24'),
(763, 'INV0423', 'Supplement-9', '286.32', 2, '572.64'),
(764, 'INV0424', 'Supplement-180', '197.14', 1, '197.14'),
(765, 'INV0424', 'Supplement-186', '185.92', 1, '185.92'),
(766, 'INV0425', 'Supplement-139', '146.02', 4, '584.08'),
(767, 'INV0426', 'Supplement-173', '295.36', 5, '1476.80'),
(768, 'INV0426', 'Supplement-135', '132.60', 4, '530.40'),
(769, 'INV0427', 'Supplement-108', '232.48', 1, '232.48'),
(770, 'INV0427', 'Supplement-128', '205.12', 3, '615.36'),
(771, 'INV0428', 'Supplement-185', '185.30', 2, '370.60'),
(772, 'INV0429', 'Supplement-64', '122.08', 1, '122.08'),
(773, 'INV0430', 'Supplement-143', '192.76', 4, '771.04'),
(774, 'INV0431', 'Supplement-166', '181.36', 2, '362.72'),
(775, 'INV0431', 'Supplement-181', '180.04', 1, '180.04'),
(776, 'INV0432', 'Supplement-87', '130.32', 1, '130.32'),
(777, 'INV0433', 'Supplement-59', '211.62', 2, '423.24'),
(778, 'INV0433', 'Supplement-74', '210.82', 1, '210.82'),
(779, 'INV0434', 'Supplement-98', '179.08', 4, '716.32'),
(780, 'INV0434', 'Supplement-54', '184.30', 3, '552.90'),
(781, 'INV0435', 'Supplement-82', '156.28', 5, '781.40'),
(782, 'INV0436', 'Supplement-164', '253.18', 4, '1012.72'),
(783, 'INV0436', 'Supplement-140', '152.00', 4, '607.99'),
(784, 'INV0437', 'Supplement-179', '258.52', 5, '1292.60'),
(785, 'INV0437', 'Supplement-150', '346.66', 1, '346.66'),
(786, 'INV0438', 'Supplement-183', '261.24', 2, '522.48'),
(787, 'INV0439', 'Supplement-120', '201.52', 3, '604.55'),
(788, 'INV0439', 'Supplement-62', '359.91', 2, '719.82'),
(789, 'INV0440', 'Supplement-145', '221.08', 5, '1105.40'),
(790, 'INV0440', 'Supplement-43', '170.92', 3, '512.76'),
(791, 'INV0441', 'Supplement-155', '120.32', 2, '240.64'),
(792, 'INV0442', 'Supplement-170', '206.96', 1, '206.96'),
(793, 'INV0443', 'Supplement-207', '553.13', 1, '553.13'),
(794, 'INV0444', 'Supplement-145', '221.08', 5, '1105.40'),
(795, 'INV0444', 'Supplement-151', '225.53', 5, '1127.65'),
(796, 'INV0445', 'Supplement-102', '214.24', 3, '642.72'),
(797, 'INV0446', 'Supplement-198', '180.48', 4, '721.92'),
(798, 'INV0446', 'Supplement-163', '128.92', 3, '386.76'),
(799, 'INV0447', 'Supplement-60', '222.40', 2, '444.80'),
(800, 'INV0447', 'Supplement-23', '563.26', 3, '1689.78'),
(801, 'INV0448', 'Supplement-28', '229.50', 1, '229.50'),
(802, 'INV0449', 'Supplement-145', '221.08', 2, '442.16'),
(803, 'INV0450', 'Supplement-83', '237.74', 5, '1188.70'),
(804, 'INV0450', 'Supplement-207', '553.13', 1, '553.13'),
(805, 'INV0451', 'Supplement-120', '201.52', 2, '403.03'),
(806, 'INV0452', 'Supplement-239', '273.70', 4, '1094.80'),
(807, 'INV0452', 'Supplement-131', '223.36', 5, '1116.80'),
(808, 'INV0453', 'Supplement-189', '141.46', 1, '141.46'),
(809, 'INV0453', 'Supplement-170', '206.96', 3, '620.88'),
(810, 'INV0454', 'Supplement-144', '176.80', 5, '884.00'),
(811, 'INV0455', 'Supplement-240', '150.58', 1, '150.58'),
(812, 'INV0455', 'Supplement-87', '130.32', 3, '390.96'),
(813, 'INV0456', 'Supplement-52', '161.50', 4, '646.00'),
(814, 'INV0456', 'Supplement-223', '327.80', 2, '655.60'),
(815, 'INV0457', 'Supplement-194', '216.78', 1, '216.78'),
(816, 'INV0458', 'Supplement-196', '300.44', 3, '901.32'),
(817, 'INV0458', 'Supplement-60', '222.40', 1, '222.40'),
(818, 'INV0459', 'Supplement-193', '222.30', 5, '1111.50'),
(819, 'INV0459', 'Supplement-169', '233.62', 1, '233.62'),
(820, 'INV0460', 'Supplement-16', '200.82', 1, '200.82'),
(821, 'INV0461', 'Supplement-187', '133.48', 1, '133.48'),
(822, 'INV0462', 'Supplement-52', '161.50', 3, '484.50'),
(823, 'INV0463', 'Supplement-70', '214.42', 5, '1072.10'),
(824, 'INV0463', 'Supplement-126', '196.96', 4, '787.86'),
(825, 'INV0464', 'Supplement-38', '212.66', 5, '1063.30'),
(826, 'INV0465', 'Supplement-185', '185.30', 4, '741.20'),
(827, 'INV0465', 'Supplement-2', '192.76', 3, '578.28'),
(828, 'INV0466', 'Supplement-55', '115.88', 4, '463.51'),
(829, 'INV0466', 'Supplement-126', '196.96', 2, '393.93'),
(830, 'INV0467', 'Supplement-153', '203.02', 3, '609.06'),
(831, 'INV0468', 'Supplement-157', '234.06', 4, '936.24'),
(832, 'INV0468', 'Supplement-157', '234.06', 5, '1170.30'),
(833, 'INV0469', 'Supplement-37', '200.84', 2, '401.67'),
(834, 'INV0470', 'Supplement-39', '234.94', 4, '939.76'),
(835, 'INV0471', 'Supplement-142', '110.32', 4, '441.28'),
(836, 'INV0472', 'Supplement-123', '262.30', 5, '1311.50'),
(837, 'INV0472', 'Supplement-244', '268.00', 3, '804.00'),
(838, 'INV0473', 'Supplement-216', '289.66', 3, '868.98'),
(839, 'INV0474', 'Supplement-80', '233.80', 4, '935.20'),
(840, 'INV0474', 'Supplement-78', '224.68', 1, '224.68'),
(841, 'INV0475', 'Supplement-67', '92.44', 4, '369.76'),
(842, 'INV0475', 'Supplement-11', '160.15', 3, '480.45'),
(843, 'INV0476', 'Supplement-188', '131.10', 4, '524.40'),
(844, 'INV0476', 'Supplement-36', '208.54', 1, '208.54'),
(845, 'INV0477', 'Supplement-216', '289.66', 4, '1158.64'),
(846, 'INV0478', 'Supplement-147', '220.52', 5, '1102.61'),
(847, 'INV0479', 'Supplement-74', '210.82', 2, '421.64'),
(848, 'INV0480', 'Supplement-179', '258.52', 2, '517.04'),
(849, 'INV0480', 'Supplement-230', '239.50', 4, '958.00'),
(850, 'INV0481', 'Supplement-60', '222.40', 3, '667.20'),
(851, 'INV0482', 'Supplement-179', '258.52', 1, '258.52'),
(852, 'INV0482', 'Supplement-168', '206.88', 1, '206.88'),
(853, 'INV0483', 'Supplement-193', '222.30', 2, '444.60'),
(854, 'INV0483', 'Supplement-108', '232.48', 2, '464.96'),
(855, 'INV0484', 'Supplement-15', '307.98', 5, '1539.90'),
(856, 'INV0485', 'Supplement-126', '196.96', 3, '590.89'),
(857, 'INV0485', 'Supplement-234', '261.68', 4, '1046.72'),
(858, 'INV0486', 'Supplement-9', '286.32', 1, '286.32'),
(859, 'INV0486', 'Supplement-208', '218.80', 5, '1094.00'),
(860, 'INV0487', 'Supplement-5', '215.56', 3, '646.68'),
(861, 'INV0488', 'Supplement-8', '166.54', 4, '666.16'),
(862, 'INV0488', 'Supplement-19', '118.66', 1, '118.66'),
(863, 'INV0489', 'Supplement-72', '230.20', 1, '230.20'),
(864, 'INV0490', 'Supplement-42', '352.62', 5, '1763.10'),
(865, 'INV0491', 'Supplement-59', '211.62', 2, '423.24'),
(866, 'INV0492', 'Supplement-102', '214.24', 3, '642.72'),
(867, 'INV0493', 'Supplement-154', '297.28', 4, '1189.12'),
(868, 'INV0494', 'Supplement-188', '131.10', 3, '393.30'),
(869, 'INV0494', 'Supplement-162', '229.76', 1, '229.76'),
(870, 'INV0495', 'Supplement-114', '209.24', 1, '209.24'),
(871, 'INV0496', 'Supplement-108', '232.48', 5, '1162.40'),
(872, 'INV0497', 'Supplement-27', '195.30', 3, '585.90'),
(873, 'INV0498', 'Supplement-59', '211.62', 4, '846.48'),
(874, 'INV0498', 'Supplement-174', '295.62', 1, '295.62'),
(875, 'INV0499', 'Supplement-233', '236.71', 5, '1183.55'),
(876, 'INV0500', 'Supplement-127', '169.96', 4, '679.84'),
(877, 'INV0500', 'Supplement-196', '300.44', 3, '901.32'),
(878, 'INV0501', 'Supplement-241', '175.30', 5, '876.50'),
(879, 'INV0501', 'Supplement-224', '266.42', 1, '266.42'),
(880, 'INV0502', 'Supplement-140', '152.00', 3, '455.99'),
(881, 'INV0503', 'Supplement-226', '108.30', 5, '541.50'),
(882, 'INV0503', 'Supplement-144', '176.80', 2, '353.60'),
(883, 'INV0504', 'Supplement-190', '218.36', 3, '655.08');
INSERT INTO `invoice_lines` (`line_id`, `inv_num`, `supplement_id`, `price_charged`, `quantity`, `total`) VALUES
(884, 'INV0504', 'Supplement-179', '258.52', 1, '258.52'),
(885, 'INV0505', 'Supplement-60', '222.40', 2, '444.80'),
(886, 'INV0506', 'Supplement-45', '101.56', 4, '406.24'),
(887, 'INV0506', 'Supplement-96', '174.34', 4, '697.36'),
(888, 'INV0507', 'Supplement-31', '141.03', 2, '282.05'),
(889, 'INV0507', 'Supplement-21', '303.60', 2, '607.20'),
(890, 'INV0508', 'Supplement-97', '200.56', 3, '601.68'),
(891, 'INV0509', 'Supplement-103', '539.90', 2, '1079.81'),
(892, 'INV0510', 'Supplement-185', '185.30', 1, '185.30'),
(893, 'INV0511', 'Supplement-1', '281.94', 4, '1127.76'),
(894, 'INV0511', 'Supplement-220', '270.28', 3, '810.84'),
(895, 'INV0512', 'Supplement-122', '239.76', 3, '719.28'),
(896, 'INV0513', 'Supplement-27', '195.30', 1, '195.30'),
(897, 'INV0513', 'Supplement-14', '261.13', 5, '1305.64'),
(898, 'INV0514', 'Supplement-205', '259.40', 4, '1037.60'),
(899, 'INV0514', 'Supplement-175', '294.22', 5, '1471.10'),
(900, 'INV0515', 'Supplement-155', '120.32', 4, '481.28'),
(901, 'INV0516', 'Supplement-114', '209.24', 1, '209.24'),
(902, 'INV0516', 'Supplement-65', '115.24', 1, '115.24'),
(903, 'INV0517', 'Supplement-10', '186.38', 4, '745.52'),
(904, 'INV0518', 'Supplement-42', '352.62', 4, '1410.48'),
(905, 'INV0518', 'Supplement-61', '205.30', 4, '821.20'),
(906, 'INV0519', 'Supplement-18', '139.18', 3, '417.54'),
(907, 'INV0519', 'Supplement-82', '156.28', 4, '625.12'),
(908, 'INV0520', 'Supplement-88', '275.91', 4, '1103.66'),
(909, 'INV0521', 'Supplement-230', '239.50', 1, '239.50'),
(910, 'INV0521', 'Supplement-148', '191.78', 2, '383.57'),
(911, 'INV0522', 'Supplement-210', '147.16', 4, '588.64'),
(912, 'INV0522', 'Supplement-238', '226.34', 5, '1131.70'),
(913, 'INV0523', 'Supplement-8', '166.54', 1, '166.54'),
(914, 'INV0524', 'Supplement-59', '211.62', 2, '423.24'),
(915, 'INV0524', 'Supplement-130', '177.94', 2, '355.88'),
(916, 'INV0525', 'Supplement-136', '206.44', 5, '1032.20'),
(917, 'INV0525', 'Supplement-129', '211.26', 5, '1056.30'),
(918, 'INV0526', 'Supplement-83', '237.74', 2, '475.48'),
(919, 'INV0527', 'Supplement-79', '197.32', 3, '591.96'),
(920, 'INV0528', 'Supplement-141', '166.54', 4, '666.16'),
(921, 'INV0529', 'Supplement-62', '359.91', 1, '359.91'),
(922, 'INV0529', 'Supplement-190', '218.36', 5, '1091.80'),
(923, 'INV0530', 'Supplement-45', '101.56', 2, '203.12'),
(924, 'INV0531', 'Supplement-94', '230.20', 2, '460.40'),
(925, 'INV0531', 'Supplement-197', '251.42', 5, '1257.10'),
(926, 'INV0532', 'Supplement-41', '154.00', 2, '308.00'),
(927, 'INV0532', 'Supplement-17', '223.74', 5, '1118.68'),
(928, 'INV0533', 'Supplement-189', '141.46', 5, '707.30'),
(929, 'INV0534', 'Supplement-141', '166.54', 2, '333.08'),
(930, 'INV0535', 'Supplement-127', '169.96', 5, '849.80'),
(931, 'INV0535', 'Supplement-178', '186.38', 1, '186.38'),
(932, 'INV0536', 'Supplement-88', '275.91', 4, '1103.66'),
(933, 'INV0537', 'Supplement-172', '163.12', 3, '489.36'),
(934, 'INV0537', 'Supplement-72', '230.20', 4, '920.80'),
(935, 'INV0538', 'Supplement-174', '295.62', 1, '295.62'),
(936, 'INV0538', 'Supplement-27', '195.30', 2, '390.60'),
(937, 'INV0539', 'Supplement-12', '262.38', 4, '1049.52'),
(938, 'INV0540', 'Supplement-145', '221.08', 3, '663.24'),
(939, 'INV0540', 'Supplement-138', '234.32', 1, '234.32'),
(940, 'INV0541', 'Supplement-128', '205.12', 5, '1025.60'),
(941, 'INV0541', 'Supplement-129', '211.26', 5, '1056.30'),
(942, 'INV0542', 'Supplement-182', '262.30', 3, '786.90'),
(943, 'INV0543', 'Supplement-171', '375.68', 2, '751.36'),
(944, 'INV0543', 'Supplement-103', '539.90', 5, '2699.52'),
(945, 'INV0544', 'Supplement-11', '160.15', 3, '480.45'),
(946, 'INV0544', 'Supplement-56', '4739.08', 1, '4739.08'),
(947, 'INV0545', 'Supplement-11', '160.15', 3, '480.45'),
(948, 'INV0546', 'Supplement-80', '233.80', 2, '467.60'),
(949, 'INV0547', 'Supplement-155', '120.32', 2, '240.64'),
(950, 'INV0548', 'Supplement-237', '115.14', 4, '460.56'),
(951, 'INV0548', 'Supplement-165', '246.16', 4, '984.64'),
(952, 'INV0549', 'Supplement-60', '222.40', 3, '667.20'),
(953, 'INV0550', 'Supplement-23', '563.26', 1, '563.26'),
(954, 'INV0550', 'Supplement-160', '201.88', 1, '201.88'),
(955, 'INV0551', 'Supplement-198', '180.48', 1, '180.48'),
(956, 'INV0551', 'Supplement-107', '256.60', 1, '256.60'),
(957, 'INV0552', 'Supplement-128', '205.12', 4, '820.48'),
(958, 'INV0553', 'Supplement-85', '196.44', 3, '589.32'),
(959, 'INV0554', 'Supplement-241', '175.30', 4, '701.20'),
(960, 'INV0555', 'Supplement-202', '180.48', 3, '541.44'),
(961, 'INV0555', 'Supplement-163', '128.92', 2, '257.84'),
(962, 'INV0556', 'Supplement-68', '212.14', 5, '1060.70'),
(963, 'INV0557', 'Supplement-37', '200.84', 2, '401.67'),
(964, 'INV0557', 'Supplement-219', '218.10', 2, '436.20'),
(965, 'INV0558', 'Supplement-135', '132.60', 5, '663.00'),
(966, 'INV0558', 'Supplement-22', '184.78', 2, '369.56'),
(967, 'INV0559', 'Supplement-140', '152.00', 3, '455.99'),
(968, 'INV0560', 'Supplement-50', '269.63', 5, '1348.17'),
(969, 'INV0560', 'Supplement-235', '225.43', 3, '676.30'),
(970, 'INV0561', 'Supplement-144', '176.80', 4, '707.20'),
(971, 'INV0561', 'Supplement-230', '239.50', 3, '718.50'),
(972, 'INV0562', 'Supplement-206', '267.82', 3, '803.46'),
(973, 'INV0563', 'Supplement-127', '169.96', 1, '169.96'),
(974, 'INV0563', 'Supplement-235', '225.43', 3, '676.30'),
(975, 'INV0564', 'Supplement-169', '233.62', 4, '934.48'),
(976, 'INV0564', 'Supplement-203', '370.86', 2, '741.72'),
(977, 'INV0565', 'Supplement-211', '233.80', 3, '701.40'),
(978, 'INV0566', 'Supplement-195', '258.26', 1, '258.26'),
(979, 'INV0567', 'Supplement-181', '180.04', 5, '900.20'),
(980, 'INV0568', 'Supplement-78', '224.68', 2, '449.36'),
(981, 'INV0568', 'Supplement-219', '218.10', 4, '872.40'),
(982, 'INV0569', 'Supplement-171', '375.68', 4, '1502.72'),
(983, 'INV0570', 'Supplement-164', '253.18', 2, '506.36'),
(984, 'INV0570', 'Supplement-83', '237.74', 3, '713.22'),
(985, 'INV0571', 'Supplement-110', '181.36', 4, '725.44'),
(986, 'INV0571', 'Supplement-243', '128.30', 5, '641.50'),
(987, 'INV0572', 'Supplement-24', '188.03', 2, '376.07'),
(988, 'INV0573', 'Supplement-235', '225.43', 2, '450.87'),
(989, 'INV0574', 'Supplement-159', '215.56', 4, '862.24'),
(990, 'INV0574', 'Supplement-196', '300.44', 2, '600.88'),
(991, 'INV0575', 'Supplement-216', '289.66', 1, '289.66'),
(992, 'INV0576', 'Supplement-115', '377.08', 2, '754.16'),
(993, 'INV0576', 'Supplement-63', '114.10', 3, '342.30'),
(994, 'INV0577', 'Supplement-236', '177.84', 4, '711.36'),
(995, 'INV0578', 'Supplement-6', '260.54', 5, '1302.70'),
(996, 'INV0579', 'Supplement-238', '226.34', 2, '452.68'),
(997, 'INV0580', 'Supplement-215', '242.74', 1, '242.74'),
(998, 'INV0580', 'Supplement-235', '225.43', 1, '225.43'),
(999, 'INV0581', 'Supplement-50', '269.63', 1, '269.63'),
(1000, 'INV0582', 'Supplement-17', '223.74', 2, '447.47'),
(1001, 'INV0582', 'Supplement-43', '170.92', 2, '341.84'),
(1002, 'INV0583', 'Supplement-197', '251.42', 4, '1005.68'),
(1003, 'INV0583', 'Supplement-226', '108.30', 5, '541.50'),
(1004, 'INV0584', 'Supplement-128', '205.12', 5, '1025.60'),
(1005, 'INV0584', 'Supplement-74', '210.82', 5, '1054.10'),
(1006, 'INV0585', 'Supplement-13', '106.20', 2, '212.40'),
(1007, 'INV0586', 'Supplement-65', '115.24', 1, '115.24'),
(1008, 'INV0587', 'Supplement-177', '174.52', 5, '872.60'),
(1009, 'INV0588', 'Supplement-93', '232.70', 5, '1163.48'),
(1010, 'INV0588', 'Supplement-220', '270.28', 3, '810.84'),
(1011, 'INV0589', 'Supplement-155', '120.32', 3, '360.96'),
(1012, 'INV0590', 'Supplement-98', '179.08', 5, '895.40'),
(1013, 'INV0590', 'Supplement-10', '186.38', 3, '559.14'),
(1014, 'INV0591', 'Supplement-151', '225.53', 2, '451.06'),
(1015, 'INV0591', 'Supplement-10', '186.38', 4, '745.52'),
(1016, 'INV0592', 'Supplement-201', '213.54', 3, '640.62'),
(1017, 'INV0593', 'Supplement-220', '270.28', 1, '270.28'),
(1018, 'INV0593', 'Supplement-67', '92.44', 2, '184.88'),
(1019, 'INV0594', 'Supplement-62', '359.91', 2, '719.82'),
(1020, 'INV0594', 'Supplement-51', '126.71', 2, '253.42'),
(1021, 'INV0595', 'Supplement-38', '212.66', 2, '425.32'),
(1022, 'INV0596', 'Supplement-101', '208.54', 4, '834.16'),
(1023, 'INV0596', 'Supplement-101', '208.54', 3, '625.62'),
(1024, 'INV0597', 'Supplement-215', '242.74', 2, '485.48'),
(1025, 'INV0598', 'Supplement-14', '261.13', 1, '261.13'),
(1026, 'INV0599', 'Supplement-163', '128.92', 4, '515.68'),
(1027, 'INV0600', 'Supplement-209', '189.34', 3, '568.02'),
(1028, 'INV0601', 'Supplement-143', '192.76', 2, '385.52'),
(1029, 'INV0602', 'Supplement-59', '211.62', 2, '423.24'),
(1030, 'INV0602', 'Supplement-173', '295.36', 1, '295.36'),
(1031, 'INV0603', 'Supplement-189', '141.46', 2, '282.92'),
(1032, 'INV0604', 'Supplement-171', '375.68', 2, '751.36'),
(1033, 'INV0605', 'Supplement-244', '268.00', 3, '804.00'),
(1034, 'INV0606', 'Supplement-239', '273.70', 2, '547.40'),
(1035, 'INV0606', 'Supplement-115', '377.08', 2, '754.16'),
(1036, 'INV0607', 'Supplement-140', '152.00', 1, '152.00'),
(1037, 'INV0608', 'Supplement-225', '186.49', 5, '932.45'),
(1038, 'INV0608', 'Supplement-38', '212.66', 2, '425.32'),
(1039, 'INV0609', 'Supplement-187', '133.48', 1, '133.48'),
(1040, 'INV0609', 'Supplement-40', '122.62', 5, '613.08'),
(1041, 'INV0610', 'Supplement-89', '301.06', 4, '1204.24'),
(1042, 'INV0611', 'Supplement-221', '207.58', 1, '207.58'),
(1043, 'INV0611', 'Supplement-231', '311.40', 3, '934.20'),
(1044, 'INV0612', 'Supplement-151', '225.53', 2, '451.06'),
(1045, 'INV0612', 'Supplement-67', '92.44', 5, '462.20'),
(1046, 'INV0613', 'Supplement-57', '148.74', 5, '743.72'),
(1047, 'INV0614', 'Supplement-158', '146.59', 2, '293.18'),
(1048, 'INV0614', 'Supplement-210', '147.16', 5, '735.80'),
(1049, 'INV0615', 'Supplement-156', '141.28', 4, '565.12'),
(1050, 'INV0615', 'Supplement-12', '262.38', 5, '1311.90'),
(1051, 'INV0616', 'Supplement-217', '294.74', 1, '294.74'),
(1052, 'INV0617', 'Supplement-227', '287.90', 3, '863.70'),
(1053, 'INV0618', 'Supplement-106', '275.80', 4, '1103.20'),
(1054, 'INV0619', 'Supplement-156', '169.78', 1, '169.78'),
(1055, 'INV0619', 'Supplement-163', '158.56', 1, '158.56'),
(1056, 'INV0620', 'Supplement-176', '201.88', 3, '605.64'),
(1057, 'INV0621', 'Supplement-191', '297.72', 3, '893.16'),
(1058, 'INV0621', 'Supplement-243', '151.10', 1, '151.10'),
(1059, 'INV0622', 'Supplement-17', '237.42', 2, '474.83'),
(1060, 'INV0622', 'Supplement-61', '237.22', 1, '237.22'),
(1061, 'INV0623', 'Supplement-109', '194.16', 4, '776.64'),
(1062, 'INV0624', 'Supplement-27', '226.08', 2, '452.16'),
(1063, 'INV0624', 'Supplement-88', '303.27', 4, '1213.10'),
(1064, 'INV0625', 'Supplement-218', '231.52', 3, '694.56'),
(1065, 'INV0626', 'Supplement-167', '208.72', 3, '626.16'),
(1066, 'INV0626', 'Supplement-241', '200.38', 4, '801.52'),
(1067, 'INV0627', 'Supplement-84', '150.58', 5, '752.90'),
(1068, 'INV0627', 'Supplement-51', '138.11', 2, '276.22'),
(1069, 'INV0628', 'Supplement-38', '221.78', 3, '665.34'),
(1070, 'INV0629', 'Supplement-146', '226.96', 5, '1134.80'),
(1071, 'INV0629', 'Supplement-145', '224.50', 4, '898.00'),
(1072, 'INV0630', 'Supplement-245', '274.51', 3, '823.54'),
(1073, 'INV0630', 'Supplement-238', '232.04', 4, '928.16'),
(1074, 'INV0631', 'Supplement-31', '150.15', 5, '750.73'),
(1075, 'INV0632', 'Supplement-2', '213.28', 4, '853.12'),
(1076, 'INV0632', 'Supplement-26', '238.18', 5, '1190.90'),
(1077, 'INV0633', 'Supplement-66', '133.48', 4, '533.92'),
(1078, 'INV0633', 'Supplement-171', '389.36', 4, '1557.44'),
(1079, 'INV0634', 'Supplement-138', '263.96', 2, '527.92'),
(1080, 'INV0635', 'Supplement-112', '2700.70', 5, '13503.50'),
(1081, 'INV0636', 'Supplement-14', '269.11', 4, '1076.43'),
(1082, 'INV0637', 'Supplement-107', '266.86', 4, '1067.44'),
(1083, 'INV0637', 'Supplement-231', '330.78', 2, '661.56'),
(1084, 'INV0638', 'Supplement-139', '163.12', 5, '815.60'),
(1085, 'INV0639', 'Supplement-33', '242.74', 2, '485.48'),
(1086, 'INV0639', 'Supplement-140', '185.06', 1, '185.06'),
(1087, 'INV0640', 'Supplement-70', '240.64', 5, '1203.20'),
(1088, 'INV0640', 'Supplement-71', '358.14', 2, '716.28'),
(1089, 'INV0641', 'Supplement-9', '314.82', 2, '629.64'),
(1090, 'INV0642', 'Supplement-233', '257.23', 2, '514.46'),
(1091, 'INV0643', 'Supplement-112', '2700.70', 1, '2700.70'),
(1092, 'INV0643', 'Supplement-229', '157.65', 5, '788.24'),
(1093, 'INV0644', 'Supplement-219', '226.08', 3, '678.24'),
(1094, 'INV0645', 'Supplement-156', '169.78', 2, '339.56'),
(1095, 'INV0645', 'Supplement-217', '327.80', 5, '1639.00'),
(1096, 'INV0646', 'Supplement-127', '172.24', 2, '344.48'),
(1097, 'INV0646', 'Supplement-59', '235.56', 2, '471.12'),
(1098, 'INV0647', 'Supplement-159', '244.06', 4, '976.24'),
(1099, 'INV0648', 'Supplement-190', '251.42', 1, '251.42'),
(1100, 'INV0648', 'Supplement-13', '130.14', 1, '130.14'),
(1101, 'INV0649', 'Supplement-133', '240.64', 2, '481.28'),
(1102, 'INV0649', 'Supplement-151', '247.19', 1, '247.19'),
(1103, 'INV0650', 'Supplement-4', '188.28', 2, '376.56'),
(1104, 'INV0651', 'Supplement-172', '171.10', 3, '513.30'),
(1105, 'INV0651', 'Supplement-134', '209.86', 5, '1049.30'),
(1106, 'INV0652', 'Supplement-125', '169.96', 2, '339.92'),
(1107, 'INV0652', 'Supplement-200', '264.84', 4, '1059.36'),
(1108, 'INV0653', 'Supplement-4', '188.28', 4, '753.12'),
(1109, 'INV0654', 'Supplement-129', '231.78', 5, '1158.90'),
(1110, 'INV0655', 'Supplement-149', '273.70', 3, '821.10'),
(1111, 'INV0656', 'Supplement-37', '230.48', 4, '921.90'),
(1112, 'INV0656', 'Supplement-8', '182.50', 1, '182.50'),
(1113, 'INV0657', 'Supplement-117', '252.87', 2, '505.74'),
(1114, 'INV0658', 'Supplement-203', '378.84', 5, '1894.20'),
(1115, 'INV0658', 'Supplement-147', '239.90', 5, '1199.51'),
(1116, 'INV0659', 'Supplement-64', '156.28', 3, '468.84'),
(1117, 'INV0659', 'Supplement-47', '253.86', 3, '761.57'),
(1118, 'INV0660', 'Supplement-28', '261.42', 5, '1307.10'),
(1119, 'INV0661', 'Supplement-100', '108.21', 2, '216.42'),
(1120, 'INV0662', 'Supplement-192', '238.36', 2, '476.72'),
(1121, 'INV0663', 'Supplement-225', '193.33', 2, '386.66'),
(1122, 'INV0663', 'Supplement-117', '252.87', 3, '758.61'),
(1123, 'INV0664', 'Supplement-201', '244.32', 2, '488.64'),
(1124, 'INV0665', 'Supplement-74', '227.92', 4, '911.68'),
(1125, 'INV0665', 'Supplement-72', '239.32', 5, '1196.60'),
(1126, 'INV0666', 'Supplement-136', '224.68', 3, '674.04'),
(1127, 'INV0666', 'Supplement-158', '146.59', 5, '732.95'),
(1128, 'INV0667', 'Supplement-241', '200.38', 4, '801.52'),
(1129, 'INV0668', 'Supplement-14', '269.11', 5, '1345.54'),
(1130, 'INV0668', 'Supplement-21', '305.88', 4, '1223.52'),
(1131, 'INV0669', 'Supplement-107', '266.86', 4, '1067.44'),
(1132, 'INV0669', 'Supplement-103', '570.68', 3, '1712.05'),
(1133, 'INV0670', 'Supplement-66', '133.48', 5, '667.40'),
(1134, 'INV0671', 'Supplement-25', '321.58', 1, '321.58'),
(1135, 'INV0671', 'Supplement-100', '108.21', 4, '432.84'),
(1136, 'INV0672', 'Supplement-176', '201.88', 4, '807.52'),
(1137, 'INV0672', 'Supplement-3', '243.40', 3, '730.21'),
(1138, 'INV0673', 'Supplement-176', '201.88', 1, '201.88'),
(1139, 'INV0674', 'Supplement-211', '241.78', 5, '1208.90'),
(1140, 'INV0675', 'Supplement-127', '172.24', 4, '688.96'),
(1141, 'INV0676', 'Supplement-101', '227.92', 2, '455.84'),
(1142, 'INV0676', 'Supplement-187', '166.54', 3, '499.62'),
(1143, 'INV0677', 'Supplement-84', '150.58', 5, '752.90'),
(1144, 'INV0678', 'Supplement-3', '243.40', 1, '243.40'),
(1145, 'INV0678', 'Supplement-229', '157.65', 2, '315.30'),
(1146, 'INV0679', 'Supplement-174', '326.40', 5, '1632.00'),
(1147, 'INV0679', 'Supplement-71', '358.14', 2, '716.28'),
(1148, 'INV0680', 'Supplement-17', '237.42', 3, '712.25'),
(1149, 'INV0681', 'Supplement-173', '319.30', 3, '957.90'),
(1150, 'INV0682', 'Supplement-9', '314.82', 5, '1574.10'),
(1151, 'INV0682', 'Supplement-71', '358.14', 5, '1790.70'),
(1152, 'INV0683', 'Supplement-144', '185.92', 4, '743.68'),
(1153, 'INV0684', 'Supplement-213', '226.34', 4, '905.36'),
(1154, 'INV0685', 'Supplement-235', '250.51', 2, '501.03'),
(1155, 'INV0686', 'Supplement-123', '295.36', 3, '886.08'),
(1156, 'INV0687', 'Supplement-20', '191.62', 4, '766.48'),
(1157, 'INV0687', 'Supplement-182', '264.58', 4, '1058.32'),
(1158, 'INV0688', 'Supplement-62', '383.85', 4, '1535.41'),
(1159, 'INV0689', 'Supplement-161', '240.64', 5, '1203.20'),
(1160, 'INV0690', 'Supplement-200', '264.84', 3, '794.52'),
(1161, 'INV0691', 'Supplement-50', '296.99', 5, '1484.97'),
(1162, 'INV0691', 'Supplement-149', '273.70', 2, '547.40'),
(1163, 'INV0692', 'Supplement-234', '276.50', 3, '829.50'),
(1164, 'INV0693', 'Supplement-238', '232.04', 4, '928.16'),
(1165, 'INV0693', 'Supplement-151', '247.19', 3, '741.57'),
(1166, 'INV0694', 'Supplement-215', '265.54', 1, '265.54'),
(1167, 'INV0694', 'Supplement-91', '264.66', 1, '264.66'),
(1168, 'INV0695', 'Supplement-228', '190.04', 4, '760.17'),
(1169, 'INV0695', 'Supplement-210', '156.28', 5, '781.40'),
(1170, 'INV0696', 'Supplement-188', '133.38', 3, '400.14'),
(1171, 'INV0697', 'Supplement-109', '194.16', 1, '194.16'),
(1172, 'INV0698', 'Supplement-143', '213.28', 5, '1066.40'),
(1173, 'INV0699', 'Supplement-187', '166.54', 5, '832.70'),
(1174, 'INV0699', 'Supplement-209', '222.40', 3, '667.20'),
(1175, 'INV0700', 'Supplement-93', '257.78', 2, '515.55'),
(1176, 'INV0701', 'Supplement-143', '213.28', 4, '853.12'),
(1177, 'INV0701', 'Supplement-86', '159.52', 2, '319.04'),
(1178, 'INV0702', 'Supplement-229', '157.65', 3, '472.94'),
(1179, 'INV0702', 'Supplement-14', '269.11', 2, '538.22'),
(1180, 'INV0703', 'Supplement-138', '263.96', 5, '1319.80'),
(1181, 'INV0704', 'Supplement-20', '191.62', 1, '191.62'),
(1182, 'INV0704', 'Supplement-111', '93.48', 2, '186.96'),
(1183, 'INV0705', 'Supplement-160', '232.66', 4, '930.64'),
(1184, 'INV0705', 'Supplement-45', '135.76', 2, '271.52'),
(1185, 'INV0706', 'Supplement-182', '264.58', 3, '793.74'),
(1186, 'INV0707', 'Supplement-82', '165.40', 5, '827.00'),
(1187, 'INV0707', 'Supplement-230', '252.04', 3, '756.12'),
(1188, 'INV0708', 'Supplement-188', '133.38', 5, '666.90'),
(1189, 'INV0709', 'Supplement-158', '146.59', 3, '439.77'),
(1190, 'INV0710', 'Supplement-205', '269.66', 1, '269.66'),
(1191, 'INV0711', 'Supplement-157', '245.46', 2, '490.92'),
(1192, 'INV0712', 'Supplement-165', '278.08', 3, '834.24'),
(1193, 'INV0713', 'Supplement-173', '319.30', 3, '957.90'),
(1194, 'INV0713', 'Supplement-215', '265.54', 5, '1327.70'),
(1195, 'INV0714', 'Supplement-193', '248.52', 2, '497.04'),
(1196, 'INV0715', 'Supplement-71', '358.14', 2, '716.28'),
(1197, 'INV0716', 'Supplement-98', '185.92', 4, '743.68'),
(1198, 'INV0717', 'Supplement-220', '286.24', 5, '1431.20'),
(1199, 'INV0717', 'Supplement-128', '215.38', 5, '1076.90'),
(1200, 'INV0718', 'Supplement-224', '286.94', 3, '860.82'),
(1201, 'INV0719', 'Supplement-23', '571.24', 2, '1142.48'),
(1202, 'INV0719', 'Supplement-65', '126.64', 4, '506.56'),
(1203, 'INV0720', 'Supplement-73', '257.48', 5, '1287.39'),
(1204, 'INV0720', 'Supplement-50', '296.99', 3, '890.98'),
(1205, 'INV0721', 'Supplement-117', '252.87', 3, '758.61'),
(1206, 'INV0722', 'Supplement-155', '148.82', 3, '446.46'),
(1207, 'INV0722', 'Supplement-232', '311.14', 5, '1555.70'),
(1208, 'INV0723', 'Supplement-17', '237.42', 2, '474.83'),
(1209, 'INV0723', 'Supplement-172', '171.10', 2, '342.20'),
(1210, 'INV0724', 'Supplement-199', '279.66', 5, '1398.30'),
(1211, 'INV0725', 'Supplement-15', '309.12', 4, '1236.48'),
(1212, 'INV0725', 'Supplement-240', '175.66', 3, '526.98'),
(1213, 'INV0726', 'Supplement-35', '93.48', 5, '467.40'),
(1214, 'INV0726', 'Supplement-100', '108.21', 5, '541.04'),
(1215, 'INV0727', 'Supplement-231', '330.78', 5, '1653.90'),
(1216, 'INV0728', 'Supplement-210', '156.28', 4, '625.12'),
(1217, 'INV0729', 'Supplement-231', '330.78', 4, '1323.12'),
(1218, 'INV0730', 'Supplement-220', '286.24', 3, '858.72'),
(1219, 'INV0730', 'Supplement-59', '235.56', 4, '942.24'),
(1220, 'INV0731', 'Supplement-29', '200.56', 1, '200.56'),
(1221, 'INV0732', 'Supplement-120', '216.34', 4, '865.35'),
(1222, 'INV0732', 'Supplement-121', '266.24', 3, '798.72'),
(1223, 'INV0733', 'Supplement-50', '296.99', 1, '296.99'),
(1224, 'INV0733', 'Supplement-28', '261.42', 4, '1045.68'),
(1225, 'INV0734', 'Supplement-222', '317.80', 5, '1589.00'),
(1226, 'INV0735', 'Supplement-232', '311.14', 1, '311.14'),
(1227, 'INV0735', 'Supplement-48', '250.98', 3, '752.94'),
(1228, 'INV0736', 'Supplement-188', '133.38', 1, '133.38'),
(1229, 'INV0737', 'Supplement-121', '266.24', 1, '266.24'),
(1230, 'INV0737', 'Supplement-28', '261.42', 3, '784.26'),
(1231, 'INV0738', 'Supplement-52', '171.76', 4, '687.04'),
(1232, 'INV0738', 'Supplement-191', '297.72', 2, '595.44'),
(1233, 'INV0739', 'Supplement-20', '191.62', 3, '574.86'),
(1234, 'INV0740', 'Supplement-236', '208.62', 3, '625.86'),
(1235, 'INV0740', 'Supplement-36', '227.92', 4, '911.68'),
(1236, 'INV0741', 'Supplement-37', '230.48', 4, '921.90'),
(1237, 'INV0741', 'Supplement-73', '257.48', 5, '1287.39'),
(1238, 'INV0742', 'Supplement-187', '166.54', 3, '499.62'),
(1239, 'INV0743', 'Supplement-1', '316.14', 2, '632.28'),
(1240, 'INV0743', 'Supplement-190', '251.42', 1, '251.42'),
(1241, 'INV0744', 'Supplement-96', '177.76', 3, '533.28'),
(1242, 'INV0744', 'Supplement-163', '158.56', 4, '634.24'),
(1243, 'INV0745', 'Supplement-46', '220.12', 1, '220.12'),
(1244, 'INV0746', 'Supplement-64', '156.28', 3, '468.84'),
(1245, 'INV0747', 'Supplement-153', '237.22', 5, '1186.10'),
(1246, 'INV0748', 'Supplement-200', '264.84', 4, '1059.36'),
(1247, 'INV0748', 'Supplement-64', '156.28', 3, '468.84'),
(1248, 'INV0749', 'Supplement-60', '231.52', 3, '694.56'),
(1249, 'INV0750', 'Supplement-67', '115.24', 3, '345.72'),
(1250, 'INV0750', 'Supplement-131', '250.72', 2, '501.44'),
(1251, 'INV0751', 'Supplement-124', '233.88', 4, '935.52'),
(1252, 'INV0751', 'Supplement-100', '108.21', 3, '324.63'),
(1253, 'INV0752', 'Supplement-67', '115.24', 3, '345.72'),
(1254, 'INV0753', 'Supplement-200', '264.84', 1, '264.84'),
(1255, 'INV0754', 'Supplement-183', '269.22', 4, '1076.88'),
(1256, 'INV0754', 'Supplement-132', '285.18', 3, '855.54'),
(1257, 'INV0755', 'Supplement-52', '171.76', 4, '687.04'),
(1258, 'INV0756', 'Supplement-28', '261.42', 1, '261.42'),
(1259, 'INV0756', 'Supplement-190', '251.42', 4, '1005.68'),
(1260, 'INV0757', 'Supplement-24', '203.99', 2, '407.99'),
(1261, 'INV0757', 'Supplement-159', '244.06', 5, '1220.30'),
(1262, 'INV0758', 'Supplement-216', '305.62', 2, '611.24'),
(1263, 'INV0759', 'Supplement-74', '227.92', 2, '455.84'),
(1264, 'INV0759', 'Supplement-170', '216.08', 1, '216.08'),
(1265, 'INV0760', 'Supplement-160', '232.66', 1, '232.66'),
(1266, 'INV0760', 'Supplement-90', '167.68', 2, '335.36'),
(1267, 'INV0761', 'Supplement-151', '247.19', 2, '494.38'),
(1268, 'INV0762', 'Supplement-173', '319.30', 1, '319.30'),
(1269, 'INV0762', 'Supplement-239', '291.94', 1, '291.94'),
(1270, 'INV0763', 'Supplement-43', '170.92', 2, '341.84'),
(1271, 'INV0763', 'Supplement-153', '237.22', 2, '474.44'),
(1272, 'INV0764', 'Supplement-174', '326.40', 5, '1632.00'),
(1273, 'INV0765', 'Supplement-79', '201.88', 3, '605.64'),
(1274, 'INV0766', 'Supplement-219', '226.08', 3, '678.24'),
(1275, 'INV0767', 'Supplement-196', '323.24', 4, '1292.96'),
(1276, 'INV0767', 'Supplement-148', '215.72', 4, '862.90'),
(1277, 'INV0768', 'Supplement-38', '221.78', 3, '665.34'),
(1278, 'INV0769', 'Supplement-24', '203.99', 3, '611.98'),
(1279, 'INV0769', 'Supplement-214', '238.26', 2, '476.52'),
(1280, 'INV0770', 'Supplement-63', '127.78', 2, '255.56'),
(1281, 'INV0770', 'Supplement-168', '219.42', 5, '1097.10'),
(1282, 'INV0771', 'Supplement-64', '156.28', 2, '312.56'),
(1283, 'INV0772', 'Supplement-238', '232.04', 1, '232.04'),
(1284, 'INV0773', 'Supplement-196', '323.24', 3, '969.72'),
(1285, 'INV0774', 'Supplement-121', '266.24', 5, '1331.20'),
(1286, 'INV0774', 'Supplement-2', '213.28', 5, '1066.40'),
(1287, 'INV0775', 'Supplement-52', '171.76', 3, '515.28'),
(1288, 'INV0776', 'Supplement-171', '389.36', 5, '1946.80'),
(1289, 'INV0776', 'Supplement-63', '127.78', 2, '255.56'),
(1290, 'INV0777', 'Supplement-46', '220.12', 5, '1100.60'),
(1291, 'INV0777', 'Supplement-244', '287.38', 1, '287.38'),
(1292, 'INV0778', 'Supplement-60', '231.52', 5, '1157.60'),
(1293, 'INV0779', 'Supplement-22', '203.02', 5, '1015.10'),
(1294, 'INV0779', 'Supplement-47', '253.86', 5, '1269.29'),
(1295, 'INV0780', 'Supplement-177', '192.76', 4, '771.04'),
(1296, 'INV0780', 'Supplement-218', '231.52', 3, '694.56'),
(1297, 'INV0781', 'Supplement-106', '275.80', 2, '551.60'),
(1298, 'INV0782', 'Supplement-101', '227.92', 2, '455.84'),
(1299, 'INV0782', 'Supplement-176', '201.88', 5, '1009.40'),
(1300, 'INV0783', 'Supplement-179', '292.72', 3, '878.16'),
(1301, 'INV0783', 'Supplement-118', '171.10', 5, '855.50'),
(1302, 'INV0784', 'Supplement-233', '257.23', 5, '1286.15'),
(1303, 'INV0785', 'Supplement-204', '315.70', 3, '947.10'),
(1304, 'INV0786', 'Supplement-236', '208.62', 3, '625.86'),
(1305, 'INV0787', 'Supplement-3', '243.40', 5, '1217.02'),
(1306, 'INV0787', 'Supplement-127', '172.24', 4, '688.96'),
(1307, 'INV0788', 'Supplement-20', '191.62', 3, '574.86'),
(1308, 'INV0789', 'Supplement-55', '144.38', 3, '433.14'),
(1309, 'INV0789', 'Supplement-68', '215.56', 5, '1077.80'),
(1310, 'INV0790', 'Supplement-133', '240.64', 1, '240.64'),
(1311, 'INV0790', 'Supplement-157', '245.46', 3, '736.38'),
(1312, 'INV0791', 'Supplement-92', '262.30', 1, '262.30'),
(1313, 'INV0792', 'Supplement-82', '165.40', 4, '661.60'),
(1314, 'INV0793', 'Supplement-40', '127.18', 3, '381.53'),
(1315, 'INV0793', 'Supplement-38', '221.78', 2, '443.56'),
(1316, 'INV0794', 'Supplement-207', '587.33', 4, '2349.31'),
(1317, 'INV0795', 'Supplement-144', '185.92', 2, '371.84'),
(1318, 'INV0796', 'Supplement-111', '93.48', 1, '93.48'),
(1319, 'INV0796', 'Supplement-13', '130.14', 2, '260.28'),
(1320, 'INV0797', 'Supplement-79', '201.88', 1, '201.88'),
(1321, 'INV0798', 'Supplement-158', '146.59', 5, '732.95'),
(1322, 'INV0799', 'Supplement-144', '185.92', 5, '929.60'),
(1323, 'INV0800', 'Supplement-120', '216.34', 4, '865.35'),
(1324, 'INV0800', 'Supplement-185', '191.00', 3, '573.00'),
(1325, 'INV0801', 'Supplement-75', '222.40', 1, '222.40'),
(1326, 'INV0802', 'Supplement-58', '225.20', 3, '675.61'),
(1327, 'INV0802', 'Supplement-110', '192.76', 1, '192.76'),
(1328, 'INV0803', 'Supplement-150', '364.90', 1, '364.90'),
(1329, 'INV0803', 'Supplement-212', '262.82', 2, '525.64'),
(1330, 'INV0804', 'Supplement-213', '226.34', 3, '679.02'),
(1331, 'INV0804', 'Supplement-176', '201.88', 4, '807.52'),
(1332, 'INV0805', 'Supplement-21', '305.88', 1, '305.88'),
(1333, 'INV0806', 'Supplement-161', '240.64', 1, '240.64'),
(1334, 'INV0807', 'Supplement-190', '251.42', 5, '1257.10'),
(1335, 'INV0808', 'Supplement-104', '393.22', 2, '786.44'),
(1336, 'INV0808', 'Supplement-135', '149.70', 5, '748.50'),
(1337, 'INV0809', 'Supplement-20', '191.62', 3, '574.86'),
(1338, 'INV0810', 'Supplement-155', '148.82', 1, '148.82'),
(1339, 'INV0810', 'Supplement-47', '253.86', 2, '507.71'),
(1340, 'INV0811', 'Supplement-55', '144.38', 1, '144.38'),
(1341, 'INV0811', 'Supplement-27', '226.08', 3, '678.24'),
(1342, 'INV0812', 'Supplement-54', '213.94', 1, '213.94'),
(1343, 'INV0813', 'Supplement-67', '115.24', 4, '460.96'),
(1344, 'INV0813', 'Supplement-59', '235.56', 1, '235.56'),
(1345, 'INV0814', 'Supplement-117', '252.87', 2, '505.74'),
(1346, 'INV0814', 'Supplement-104', '393.22', 5, '1966.10'),
(1347, 'INV0815', 'Supplement-242', '261.68', 1, '261.68'),
(1348, 'INV0816', 'Supplement-229', '157.65', 1, '157.65'),
(1349, 'INV0816', 'Supplement-108', '258.70', 4, '1034.80'),
(1350, 'INV0817', 'Supplement-155', '148.82', 5, '744.10'),
(1351, 'INV0818', 'Supplement-243', '151.10', 3, '453.30'),
(1352, 'INV0819', 'Supplement-181', '213.10', 4, '852.40'),
(1353, 'INV0820', 'Supplement-159', '244.06', 1, '244.06'),
(1354, 'INV0821', 'Supplement-204', '315.70', 3, '947.10'),
(1355, 'INV0822', 'Supplement-13', '130.14', 3, '390.42'),
(1356, 'INV0822', 'Supplement-35', '93.48', 1, '93.48'),
(1357, 'INV0823', 'Supplement-88', '303.27', 4, '1213.10'),
(1358, 'INV0824', 'Supplement-190', '251.42', 3, '754.26'),
(1359, 'INV0825', 'Supplement-230', '252.04', 3, '756.12'),
(1360, 'INV0826', 'Supplement-114', '236.60', 1, '236.60'),
(1361, 'INV0826', 'Supplement-211', '241.78', 1, '241.78'),
(1362, 'INV0827', 'Supplement-194', '225.90', 3, '677.70'),
(1363, 'INV0828', 'Supplement-70', '240.64', 4, '962.56'),
(1364, 'INV0828', 'Supplement-107', '266.86', 2, '533.72'),
(1365, 'INV0829', 'Supplement-43', '170.92', 1, '170.92'),
(1366, 'INV0829', 'Supplement-75', '222.40', 1, '222.40'),
(1367, 'INV0830', 'Supplement-166', '188.20', 4, '752.80'),
(1368, 'INV0831', 'Supplement-121', '266.24', 1, '266.24'),
(1369, 'INV0831', 'Supplement-30', '310.70', 2, '621.40'),
(1370, 'INV0832', 'Supplement-89', '327.28', 2, '654.56'),
(1371, 'INV0832', 'Supplement-159', '244.06', 2, '488.12'),
(1372, 'INV0833', 'Supplement-147', '239.90', 2, '479.80'),
(1373, 'INV0834', 'Supplement-86', '159.52', 5, '797.60'),
(1374, 'INV0834', 'Supplement-200', '264.84', 3, '794.52'),
(1375, 'INV0835', 'Supplement-98', '185.92', 4, '743.68'),
(1376, 'INV0835', 'Supplement-50', '296.99', 5, '1484.97'),
(1377, 'INV0836', 'Supplement-89', '327.28', 2, '654.56'),
(1378, 'INV0837', 'Supplement-132', '285.18', 4, '1140.72'),
(1379, 'INV0838', 'Supplement-240', '175.66', 2, '351.32'),
(1380, 'INV0839', 'Supplement-105', '265.72', 3, '797.16'),
(1381, 'INV0839', 'Supplement-123', '295.36', 2, '590.72'),
(1382, 'INV0840', 'Supplement-93', '257.78', 1, '257.78'),
(1383, 'INV0841', 'Supplement-151', '247.19', 4, '988.76'),
(1384, 'INV0841', 'Supplement-236', '208.62', 1, '208.62'),
(1385, 'INV0842', 'Supplement-37', '230.48', 5, '1152.38'),
(1386, 'INV0842', 'Supplement-234', '276.50', 3, '829.50'),
(1387, 'INV0843', 'Supplement-72', '239.32', 1, '239.32'),
(1388, 'INV0844', 'Supplement-224', '286.94', 2, '573.88'),
(1389, 'INV0844', 'Supplement-169', '237.04', 3, '711.12'),
(1390, 'INV0845', 'Supplement-157', '245.46', 2, '490.92'),
(1391, 'INV0846', 'Supplement-164', '264.58', 1, '264.58'),
(1392, 'INV0846', 'Supplement-97', '224.50', 1, '224.50'),
(1393, 'INV0847', 'Supplement-186', '213.28', 1, '213.28'),
(1394, 'INV0847', 'Supplement-26', '238.18', 5, '1190.90'),
(1395, 'INV0848', 'Supplement-72', '239.32', 4, '957.28'),
(1396, 'INV0849', 'Supplement-86', '159.52', 5, '797.60'),
(1397, 'INV0849', 'Supplement-173', '319.30', 2, '638.60'),
(1398, 'INV0850', 'Supplement-43', '170.92', 3, '512.76'),
(1399, 'INV0850', 'Supplement-70', '240.64', 5, '1203.20'),
(1400, 'INV0851', 'Supplement-6', '268.52', 3, '805.56'),
(1401, 'INV0852', 'Supplement-103', '570.68', 4, '2282.74'),
(1402, 'INV0852', 'Supplement-149', '273.70', 2, '547.40'),
(1403, 'INV0853', 'Supplement-19', '131.20', 2, '262.40'),
(1404, 'INV0853', 'Supplement-125', '169.96', 5, '849.80'),
(1405, 'INV0854', 'Supplement-209', '222.40', 5, '1112.00'),
(1406, 'INV0855', 'Supplement-13', '130.14', 4, '520.56'),
(1407, 'INV0856', 'Supplement-6', '271.94', 1, '271.94'),
(1408, 'INV0857', 'Supplement-70', '244.06', 3, '732.18'),
(1409, 'INV0857', 'Supplement-37', '236.18', 1, '236.18'),
(1410, 'INV0858', 'Supplement-66', '155.14', 4, '620.56'),
(1411, 'INV0859', 'Supplement-162', '246.86', 1, '246.86'),
(1412, 'INV0859', 'Supplement-215', '275.80', 4, '1103.20'),
(1413, 'INV0860', 'Supplement-150', '382.00', 3, '1146.00'),
(1414, 'INV0860', 'Supplement-221', '232.66', 4, '930.64'),
(1415, 'INV0861', 'Supplement-93', '263.48', 5, '1317.38'),
(1416, 'INV0862', 'Supplement-4', '214.50', 4, '858.00'),
(1417, 'INV0863', 'Supplement-174', '335.52', 5, '1677.60'),
(1418, 'INV0863', 'Supplement-200', '267.12', 2, '534.24'),
(1419, 'INV0864', 'Supplement-99', '197.14', 2, '394.28'),
(1420, 'INV0865', 'Supplement-147', '267.26', 2, '534.52'),
(1421, 'INV0865', 'Supplement-42', '401.64', 3, '1204.92'),
(1422, 'INV0866', 'Supplement-32', '208.72', 4, '834.88'),
(1423, 'INV0866', 'Supplement-60', '244.06', 1, '244.06'),
(1424, 'INV0867', 'Supplement-94', '247.30', 3, '741.90'),
(1425, 'INV0868', 'Supplement-50', '311.81', 2, '623.63'),
(1426, 'INV0868', 'Supplement-140', '214.70', 2, '429.40'),
(1427, 'INV0869', 'Supplement-160', '266.86', 1, '266.86'),
(1428, 'INV0869', 'Supplement-119', '231.50', 1, '231.50'),
(1429, 'INV0870', 'Supplement-40', '148.84', 3, '446.51'),
(1430, 'INV0871', 'Supplement-73', '262.04', 5, '1310.19'),
(1431, 'INV0871', 'Supplement-185', '197.84', 5, '989.20'),
(1432, 'INV0872', 'Supplement-131', '274.66', 1, '274.66'),
(1433, 'INV0872', 'Supplement-140', '214.70', 3, '644.09'),
(1434, 'INV0873', 'Supplement-29', '219.94', 3, '659.82'),
(1435, 'INV0874', 'Supplement-192', '263.44', 5, '1317.20'),
(1436, 'INV0875', 'Supplement-127', '189.34', 5, '946.70'),
(1437, 'INV0876', 'Supplement-102', '232.48', 5, '1162.40'),
(1438, 'INV0876', 'Supplement-237', '172.14', 2, '344.28'),
(1439, 'INV0877', 'Supplement-238', '232.04', 1, '232.04'),
(1440, 'INV0878', 'Supplement-221', '232.66', 2, '465.32'),
(1441, 'INV0878', 'Supplement-83', '270.80', 2, '541.60'),
(1442, 'INV0879', 'Supplement-24', '234.77', 1, '234.77'),
(1443, 'INV0879', 'Supplement-92', '285.10', 2, '570.20'),
(1444, 'INV0880', 'Supplement-87', '154.26', 3, '462.78'),
(1445, 'INV0881', 'Supplement-7', '283.52', 2, '567.04'),
(1446, 'INV0882', 'Supplement-133', '269.14', 3, '807.42'),
(1447, 'INV0883', 'Supplement-98', '214.42', 5, '1072.10'),
(1448, 'INV0883', 'Supplement-186', '242.92', 4, '971.68'),
(1449, 'INV0884', 'Supplement-4', '214.50', 4, '858.00'),
(1450, 'INV0885', 'Supplement-200', '267.12', 2, '534.24'),
(1451, 'INV0885', 'Supplement-152', '248.62', 2, '497.24'),
(1452, 'INV0886', 'Supplement-47', '286.92', 3, '860.75'),
(1453, 'INV0886', 'Supplement-124', '257.82', 1, '257.82'),
(1454, 'INV0887', 'Supplement-31', '151.29', 2, '302.57'),
(1455, 'INV0888', 'Supplement-159', '260.02', 4, '1040.08'),
(1456, 'INV0888', 'Supplement-196', '334.64', 2, '669.28'),
(1457, 'INV0889', 'Supplement-42', '401.64', 1, '401.64'),
(1458, 'INV0889', 'Supplement-96', '194.86', 3, '584.58'),
(1459, 'INV0890', 'Supplement-159', '260.02', 2, '520.04'),
(1460, 'INV0891', 'Supplement-91', '277.20', 4, '1108.80'),
(1461, 'INV0891', 'Supplement-16', '244.14', 5, '1220.70'),
(1462, 'INV0892', 'Supplement-18', '179.08', 5, '895.40'),
(1463, 'INV0892', 'Supplement-15', '330.78', 5, '1653.90'),
(1464, 'INV0893', 'Supplement-244', '298.78', 5, '1493.90'),
(1465, 'INV0894', 'Supplement-80', '285.10', 3, '855.30'),
(1466, 'INV0895', 'Supplement-234', '297.02', 5, '1485.10'),
(1467, 'INV0896', 'Supplement-42', '401.64', 4, '1606.56'),
(1468, 'INV0896', 'Supplement-41', '190.48', 3, '571.44'),
(1469, 'INV0897', 'Supplement-235', '250.51', 5, '1252.57'),
(1470, 'INV0898', 'Supplement-87', '154.26', 4, '617.04'),
(1471, 'INV0898', 'Supplement-108', '276.94', 4, '1107.76'),
(1472, 'INV0899', 'Supplement-176', '206.44', 2, '412.88'),
(1473, 'INV0899', 'Supplement-20', '225.82', 3, '677.46'),
(1474, 'INV0900', 'Supplement-100', '135.57', 2, '271.14'),
(1475, 'INV0901', 'Supplement-95', '232.66', 4, '930.64'),
(1476, 'INV0902', 'Supplement-210', '176.80', 3, '530.40'),
(1477, 'INV0902', 'Supplement-131', '274.66', 1, '274.66'),
(1478, 'INV0903', 'Supplement-16', '244.14', 3, '732.42'),
(1479, 'INV0904', 'Supplement-105', '295.36', 2, '590.72'),
(1480, 'INV0905', 'Supplement-85', '234.06', 5, '1170.30'),
(1481, 'INV0905', 'Supplement-227', '320.96', 1, '320.96'),
(1482, 'INV0906', 'Supplement-150', '382.00', 3, '1146.00'),
(1483, 'INV0907', 'Supplement-236', '210.90', 3, '632.70'),
(1484, 'INV0908', 'Supplement-22', '215.56', 1, '215.56'),
(1485, 'INV0909', 'Supplement-93', '263.48', 5, '1317.38'),
(1486, 'INV0909', 'Supplement-219', '255.72', 1, '255.72'),
(1487, 'INV0910', 'Supplement-205', '274.22', 3, '822.66'),
(1488, 'INV0911', 'Supplement-223', '366.56', 3, '1099.68'),
(1489, 'INV0911', 'Supplement-114', '240.02', 3, '720.06'),
(1490, 'INV0912', 'Supplement-62', '392.97', 3, '1178.91'),
(1491, 'INV0912', 'Supplement-50', '311.81', 3, '935.44'),
(1492, 'INV0913', 'Supplement-185', '197.84', 3, '593.52'),
(1493, 'INV0913', 'Supplement-215', '275.80', 1, '275.80'),
(1494, 'INV0914', 'Supplement-244', '298.78', 4, '1195.12'),
(1495, 'INV0915', 'Supplement-177', '220.12', 3, '660.36'),
(1496, 'INV0916', 'Supplement-31', '151.29', 4, '605.15'),
(1497, 'INV0917', 'Supplement-207', '589.61', 2, '1179.22'),
(1498, 'INV0917', 'Supplement-124', '257.82', 2, '515.64'),
(1499, 'INV0918', 'Supplement-223', '366.56', 1, '366.56'),
(1500, 'INV0919', 'Supplement-66', '155.14', 5, '775.70'),
(1501, 'INV0919', 'Supplement-63', '158.56', 3, '475.68'),
(1502, 'INV0920', 'Supplement-106', '284.92', 2, '569.84'),
(1503, 'INV0920', 'Supplement-211', '263.44', 5, '1317.20'),
(1504, 'INV0921', 'Supplement-120', '243.70', 2, '487.39'),
(1505, 'INV0922', 'Supplement-214', '245.10', 1, '245.10'),
(1506, 'INV0922', 'Supplement-22', '215.56', 2, '431.12'),
(1507, 'INV0923', 'Supplement-157', '256.86', 5, '1284.30'),
(1508, 'INV0923', 'Supplement-14', '303.31', 3, '909.92'),
(1509, 'INV0924', 'Supplement-158', '165.97', 2, '331.94'),
(1510, 'INV0925', 'Supplement-164', '298.78', 2, '597.56'),
(1511, 'INV0925', 'Supplement-214', '245.10', 5, '1225.50'),
(1512, 'INV0926', 'Supplement-188', '158.46', 5, '792.30'),
(1513, 'INV0927', 'Supplement-40', '148.84', 4, '595.34'),
(1514, 'INV0928', 'Supplement-88', '311.25', 4, '1245.02'),
(1515, 'INV0929', 'Supplement-26', '258.70', 1, '258.70'),
(1516, 'INV0930', 'Supplement-87', '154.26', 2, '308.52'),
(1517, 'INV0931', 'Supplement-88', '311.25', 3, '933.76'),
(1518, 'INV0931', 'Supplement-7', '283.52', 4, '1134.08'),
(1519, 'INV0932', 'Supplement-203', '401.64', 5, '2008.20'),
(1520, 'INV0933', 'Supplement-193', '249.66', 3, '748.98'),
(1521, 'INV0934', 'Supplement-112', '2710.96', 2, '5421.92'),
(1522, 'INV0935', 'Supplement-51', '167.75', 2, '335.50'),
(1523, 'INV0935', 'Supplement-219', '255.72', 4, '1022.88'),
(1524, 'INV0936', 'Supplement-231', '359.28', 5, '1796.40'),
(1525, 'INV0937', 'Supplement-152', '248.62', 2, '497.24'),
(1526, 'INV0937', 'Supplement-79', '216.70', 2, '433.40'),
(1527, 'INV0938', 'Supplement-37', '236.18', 5, '1180.88'),
(1528, 'INV0938', 'Supplement-57', '168.12', 4, '672.50'),
(1529, 'INV0939', 'Supplement-37', '236.18', 4, '944.70'),
(1530, 'INV0940', 'Supplement-84', '175.66', 2, '351.32'),
(1531, 'INV0940', 'Supplement-64', '167.68', 4, '670.72'),
(1532, 'INV0941', 'Supplement-1', '336.66', 2, '673.32'),
(1533, 'INV0941', 'Supplement-228', '193.46', 4, '773.85'),
(1534, 'INV0942', 'Supplement-122', '272.82', 2, '545.64'),
(1535, 'INV0943', 'Supplement-16', '244.14', 3, '732.42'),
(1536, 'INV0943', 'Supplement-99', '197.14', 1, '197.14'),
(1537, 'INV0944', 'Supplement-141', '218.98', 1, '218.98'),
(1538, 'INV0944', 'Supplement-226', '142.50', 4, '570.00'),
(1539, 'INV0945', 'Supplement-197', '278.78', 2, '557.56'),
(1540, 'INV0946', 'Supplement-64', '167.68', 5, '838.40'),
(1541, 'INV0947', 'Supplement-43', '190.30', 3, '570.90'),
(1542, 'INV0948', 'Supplement-118', '181.36', 2, '362.72'),
(1543, 'INV0948', 'Supplement-34', '259.92', 2, '519.84'),
(1544, 'INV0949', 'Supplement-190', '284.48', 2, '568.96'),
(1545, 'INV0950', 'Supplement-161', '240.64', 1, '240.64'),
(1546, 'INV0950', 'Supplement-113', '99.18', 4, '396.72'),
(1547, 'INV0951', 'Supplement-195', '295.88', 5, '1479.40'),
(1548, 'INV0951', 'Supplement-195', '295.88', 5, '1479.40'),
(1549, 'INV0952', 'Supplement-46', '220.12', 1, '220.12'),
(1550, 'INV0953', 'Supplement-207', '589.61', 1, '589.61'),
(1551, 'INV0953', 'Supplement-21', '307.02', 1, '307.02'),
(1552, 'INV0954', 'Supplement-116', '221.52', 5, '1107.60'),
(1553, 'INV0955', 'Supplement-77', '236.16', 5, '1180.80'),
(1554, 'INV0955', 'Supplement-27', '251.16', 5, '1255.80'),
(1555, 'INV0956', 'Supplement-7', '283.52', 4, '1134.08'),
(1556, 'INV0956', 'Supplement-70', '244.06', 1, '244.06'),
(1557, 'INV0957', 'Supplement-98', '214.42', 5, '1072.10'),
(1558, 'INV0958', 'Supplement-4', '214.50', 5, '1072.50'),
(1559, 'INV0958', 'Supplement-214', '245.10', 2, '490.20'),
(1560, 'INV0959', 'Supplement-17', '264.78', 3, '794.33'),
(1561, 'INV0959', 'Supplement-186', '242.92', 2, '485.84'),
(1562, 'INV0960', 'Supplement-189', '180.22', 3, '540.66'),
(1563, 'INV0961', 'Supplement-198', '231.78', 3, '695.34'),
(1564, 'INV0961', 'Supplement-142', '141.10', 1, '141.10'),
(1565, 'INV0962', 'Supplement-20', '225.82', 1, '225.82'),
(1566, 'INV0962', 'Supplement-182', '279.40', 1, '279.40'),
(1567, 'INV0963', 'Supplement-166', '205.30', 2, '410.60'),
(1568, 'INV0964', 'Supplement-76', '297.64', 2, '595.28'),
(1569, 'INV0965', 'Supplement-74', '250.72', 5, '1253.60'),
(1570, 'INV0966', 'Supplement-104', '396.64', 2, '793.28'),
(1571, 'INV0966', 'Supplement-182', '279.40', 1, '279.40'),
(1572, 'INV0967', 'Supplement-161', '240.64', 5, '1203.20'),
(1573, 'INV0968', 'Supplement-111', '119.70', 1, '119.70'),
(1574, 'INV0968', 'Supplement-209', '233.80', 2, '467.60'),
(1575, 'INV0969', 'Supplement-159', '260.02', 2, '520.04'),
(1576, 'INV0969', 'Supplement-213', '253.70', 5, '1268.50'),
(1577, 'INV0970', 'Supplement-109', '211.26', 2, '422.52'),
(1578, 'INV0971', 'Supplement-64', '167.68', 5, '838.40'),
(1579, 'INV0972', 'Supplement-96', '194.86', 2, '389.72'),
(1580, 'INV0972', 'Supplement-168', '251.34', 4, '1005.36'),
(1581, 'INV0973', 'Supplement-219', '255.72', 3, '767.16'),
(1582, 'INV0974', 'Supplement-244', '298.78', 2, '597.56'),
(1583, 'INV0974', 'Supplement-157', '256.86', 5, '1284.30'),
(1584, 'INV0975', 'Supplement-182', '279.40', 3, '838.20'),
(1585, 'INV0975', 'Supplement-172', '201.88', 4, '807.52'),
(1586, 'INV0976', 'Supplement-165', '311.14', 4, '1244.56'),
(1587, 'INV0977', 'Supplement-81', '314.74', 3, '944.22'),
(1588, 'INV0977', 'Supplement-77', '236.16', 2, '472.32'),
(1589, 'INV0978', 'Supplement-112', '2710.96', 3, '8132.88'),
(1590, 'INV0978', 'Supplement-75', '236.08', 5, '1180.40'),
(1591, 'INV0979', 'Supplement-208', '267.82', 5, '1339.10'),
(1592, 'INV0980', 'Supplement-184', '345.78', 5, '1728.90'),
(1593, 'INV0980', 'Supplement-213', '253.70', 2, '507.40'),
(1594, 'INV0981', 'Supplement-80', '285.10', 1, '285.10'),
(1595, 'INV0981', 'Supplement-193', '249.66', 4, '998.64'),
(1596, 'INV0982', 'Supplement-158', '165.97', 1, '165.97'),
(1597, 'INV0983', 'Supplement-160', '266.86', 2, '533.72'),
(1598, 'INV0984', 'Supplement-132', '289.74', 4, '1158.96'),
(1599, 'INV0985', 'Supplement-80', '285.10', 4, '1140.40'),
(1600, 'INV0985', 'Supplement-61', '264.58', 4, '1058.32'),
(1601, 'INV0986', 'Supplement-42', '401.64', 4, '1606.56'),
(1602, 'INV0987', 'Supplement-214', '245.10', 5, '1225.50'),
(1603, 'INV0987', 'Supplement-151', '254.03', 5, '1270.15'),
(1604, 'INV0988', 'Supplement-193', '249.66', 4, '998.64'),
(1605, 'INV0988', 'Supplement-133', '269.14', 5, '1345.70'),
(1606, 'INV0989', 'Supplement-147', '267.26', 1, '267.26'),
(1607, 'INV0990', 'Supplement-21', '307.02', 2, '614.04'),
(1608, 'INV0991', 'Supplement-55', '171.74', 3, '515.22'),
(1609, 'INV0992', 'Supplement-61', '264.58', 4, '1058.32'),
(1610, 'INV0992', 'Supplement-142', '141.10', 4, '564.40'),
(1611, 'INV0993', 'Supplement-136', '253.18', 5, '1265.90'),
(1612, 'INV0994', 'Supplement-182', '279.40', 2, '558.80'),
(1613, 'INV0994', 'Supplement-218', '249.76', 1, '249.76'),
(1614, 'INV0995', 'Supplement-236', '210.90', 5, '1054.50'),
(1615, 'INV0995', 'Supplement-96', '194.86', 4, '779.44'),
(1616, 'INV0996', 'Supplement-139', '165.40', 5, '827.00'),
(1617, 'INV0997', 'Supplement-10', '234.26', 4, '937.04'),
(1618, 'INV0997', 'Supplement-109', '211.26', 5, '1056.30'),
(1619, 'INV0998', 'Supplement-173', '326.14', 4, '1304.56'),
(1620, 'INV0998', 'Supplement-89', '343.24', 4, '1372.96'),
(1621, 'INV0999', 'Supplement-84', '175.66', 5, '878.30'),
(1622, 'INV01000', 'Supplement-27', '251.16', 5, '1255.80'),
(1623, 'INV01000', 'Supplement-69', '196.18', 4, '784.72'),
(1624, 'INV01001', 'Supplement-111', '119.70', 4, '478.80'),
(1625, 'INV01001', 'Supplement-18', '179.08', 3, '537.24'),
(1626, 'INV01002', 'Supplement-76', '297.64', 5, '1488.20'),
(1627, 'INV01003', 'Supplement-232', '313.42', 5, '1567.10'),
(1628, 'INV01004', 'Supplement-12', '300.00', 1, '300.00'),
(1629, 'INV01005', 'Supplement-170', '232.04', 5, '1160.20'),
(1630, 'INV01005', 'Supplement-153', '256.60', 2, '513.20'),
(1631, 'INV01006', 'Supplement-142', '141.10', 2, '282.20'),
(1632, 'INV01007', 'Supplement-176', '206.44', 5, '1032.20'),
(1633, 'INV01007', 'Supplement-105', '295.36', 1, '295.36'),
(1634, 'INV01008', 'Supplement-191', '305.70', 4, '1222.80'),
(1635, 'INV01008', 'Supplement-156', '183.46', 1, '183.46'),
(1636, 'INV01009', 'Supplement-178', '238.82', 5, '1194.08'),
(1637, 'INV01010', 'Supplement-68', '241.78', 4, '967.12'),
(1638, 'INV01011', 'Supplement-107', '280.54', 4, '1122.16'),
(1639, 'INV01011', 'Supplement-73', '262.04', 5, '1310.19'),
(1640, 'INV01012', 'Supplement-129', '245.46', 4, '981.84'),
(1641, 'INV01013', 'Supplement-22', '215.56', 3, '646.68'),
(1642, 'INV01014', 'Supplement-130', '230.38', 1, '230.38'),
(1643, 'INV01015', 'Supplement-108', '276.94', 5, '1384.70'),
(1644, 'INV01016', 'Supplement-75', '236.08', 5, '1180.40'),
(1645, 'INV01017', 'Supplement-33', '262.12', 2, '524.24'),
(1646, 'INV01018', 'Supplement-79', '216.70', 1, '216.70'),
(1647, 'INV01019', 'Supplement-29', '219.94', 3, '659.82'),
(1648, 'INV01020', 'Supplement-119', '231.50', 2, '463.00'),
(1649, 'INV01021', 'Supplement-178', '238.82', 4, '955.26'),
(1650, 'INV01022', 'Supplement-200', '267.12', 2, '534.24'),
(1651, 'INV01023', 'Supplement-79', '216.70', 5, '1083.50'),
(1652, 'INV01024', 'Supplement-236', '210.90', 1, '210.90'),
(1653, 'INV01025', 'Supplement-228', '193.46', 3, '580.39'),
(1654, 'INV01026', 'Supplement-35', '103.74', 2, '207.48'),
(1655, 'INV01027', 'Supplement-71', '358.14', 1, '358.14'),
(1656, 'INV01028', 'Supplement-166', '205.30', 4, '821.20'),
(1657, 'INV01029', 'Supplement-162', '246.86', 3, '740.58'),
(1658, 'INV01030', 'Supplement-1', '336.66', 4, '1346.64'),
(1659, 'INV01031', 'Supplement-123', '326.14', 3, '978.42'),
(1660, 'INV01032', 'Supplement-241', '233.44', 4, '933.76'),
(1661, 'INV01033', 'Supplement-13', '142.68', 1, '142.68'),
(1662, 'INV01034', 'Supplement-91', '277.20', 5, '1386.00'),
(1663, 'INV01034', 'Supplement-1', '336.66', 4, '1346.64'),
(1664, 'INV01035', 'Supplement-38', '235.46', 5, '1177.30'),
(1665, 'INV01036', 'Supplement-125', '169.96', 4, '679.84'),
(1666, 'INV01037', 'Supplement-234', '297.02', 5, '1485.10'),
(1667, 'INV01038', 'Supplement-199', '299.04', 4, '1196.16'),
(1668, 'INV01038', 'Supplement-21', '307.02', 2, '614.04'),
(1669, 'INV01039', 'Supplement-80', '285.10', 3, '855.30'),
(1670, 'INV01040', 'Supplement-231', '359.28', 4, '1437.12'),
(1671, 'INV01040', 'Supplement-59', '244.68', 4, '978.72'),
(1672, 'INV01041', 'Supplement-1', '336.66', 2, '673.32'),
(1673, 'INV01041', 'Supplement-244', '298.78', 2, '597.56'),
(1674, 'INV01042', 'Supplement-188', '158.46', 1, '158.46'),
(1675, 'INV01042', 'Supplement-101', '247.30', 2, '494.60'),
(1676, 'INV01043', 'Supplement-204', '349.90', 1, '349.90'),
(1677, 'INV01044', 'Supplement-146', '255.46', 3, '766.38'),
(1678, 'INV01045', 'Supplement-59', '244.68', 2, '489.36'),
(1679, 'INV01046', 'Supplement-58', '253.70', 4, '1014.82'),
(1680, 'INV01046', 'Supplement-13', '142.68', 1, '142.68'),
(1681, 'INV01047', 'Supplement-223', '366.56', 4, '1466.24'),
(1682, 'INV01048', 'Supplement-112', '2710.96', 2, '5421.92'),
(1683, 'INV01048', 'Supplement-181', '229.06', 2, '458.12'),
(1684, 'INV01049', 'Supplement-97', '240.46', 2, '480.92'),
(1685, 'INV01049', 'Supplement-151', '254.03', 3, '762.09'),
(1686, 'INV01050', 'Supplement-81', '314.74', 3, '944.22'),
(1687, 'INV01051', 'Supplement-70', '244.06', 5, '1220.30'),
(1688, 'INV01051', 'Supplement-22', '215.56', 5, '1077.80'),
(1689, 'INV01052', 'Supplement-166', '205.30', 4, '821.20'),
(1690, 'INV01052', 'Supplement-30', '335.78', 3, '1007.34'),
(1691, 'INV01053', 'Supplement-134', '229.24', 3, '687.72'),
(1692, 'INV01054', 'Supplement-127', '189.34', 5, '946.70'),
(1693, 'INV01054', 'Supplement-35', '103.74', 4, '414.96'),
(1694, 'INV01055', 'Supplement-124', '257.82', 4, '1031.28'),
(1695, 'INV01056', 'Supplement-147', '267.26', 5, '1336.31'),
(1696, 'INV01057', 'Supplement-155', '183.02', 2, '366.04'),
(1697, 'INV01058', 'Supplement-155', '183.02', 3, '549.06'),
(1698, 'INV01059', 'Supplement-47', '286.92', 4, '1147.67'),
(1699, 'INV01060', 'Supplement-46', '220.12', 1, '220.12'),
(1700, 'INV01060', 'Supplement-174', '335.52', 4, '1342.08'),
(1701, 'INV01061', 'Supplement-115', '420.40', 3, '1261.20'),
(1702, 'INV01062', 'Supplement-245', '290.47', 4, '1161.89'),
(1703, 'INV01063', 'Supplement-235', '250.51', 5, '1252.57'),
(1704, 'INV01064', 'Supplement-62', '392.97', 4, '1571.89'),
(1705, 'INV01064', 'Supplement-154', '342.88', 1, '342.88'),
(1706, 'INV01065', 'Supplement-230', '278.26', 4, '1113.04'),
(1707, 'INV01066', 'Supplement-111', '131.10', 5, '655.50'),
(1708, 'INV01066', 'Supplement-7', '284.66', 1, '284.66'),
(1709, 'INV01067', 'Supplement-89', '351.22', 4, '1404.88'),
(1710, 'INV01067', 'Supplement-49', '260.28', 4, '1041.12'),
(1711, 'INV01068', 'Supplement-23', '597.46', 5, '2987.30'),
(1712, 'INV01069', 'Supplement-83', '300.44', 2, '600.88'),
(1713, 'INV01069', 'Supplement-181', '239.32', 3, '717.96'),
(1714, 'INV01070', 'Supplement-55', '175.16', 4, '700.63'),
(1715, 'INV01070', 'Supplement-186', '270.28', 2, '540.56'),
(1716, 'INV01071', 'Supplement-32', '238.36', 4, '953.44'),
(1717, 'INV01072', 'Supplement-231', '371.82', 3, '1115.46'),
(1718, 'INV01072', 'Supplement-182', '306.76', 1, '306.76'),
(1719, 'INV01073', 'Supplement-5', '260.02', 4, '1040.08'),
(1720, 'INV01073', 'Supplement-124', '280.62', 2, '561.24'),
(1721, 'INV01074', 'Supplement-2', '252.04', 2, '504.08'),
(1722, 'INV01075', 'Supplement-47', '321.12', 1, '321.12'),
(1723, 'INV01076', 'Supplement-11', '205.75', 2, '411.50'),
(1724, 'INV01077', 'Supplement-78', '268.00', 4, '1072.00'),
(1725, 'INV01077', 'Supplement-108', '311.14', 3, '933.42'),
(1726, 'INV01078', 'Supplement-126', '277.90', 5, '1389.52'),
(1727, 'INV01079', 'Supplement-56', '4793.80', 5, '23969.00'),
(1728, 'INV01079', 'Supplement-62', '397.53', 3, '1192.59'),
(1729, 'INV01080', 'Supplement-244', '330.70', 3, '992.10'),
(1730, 'INV01080', 'Supplement-114', '257.12', 1, '257.12'),
(1731, 'INV01081', 'Supplement-143', '221.26', 1, '221.26'),
(1732, 'INV01082', 'Supplement-42', '414.18', 1, '414.18'),
(1733, 'INV01082', 'Supplement-133', '279.40', 1, '279.40'),
(1734, 'INV01083', 'Supplement-155', '183.02', 4, '732.08'),
(1735, 'INV01084', 'Supplement-114', '257.12', 1, '257.12'),
(1736, 'INV01084', 'Supplement-173', '332.98', 2, '665.96'),
(1737, 'INV01085', 'Supplement-212', '302.72', 4, '1210.88'),
(1738, 'INV01085', 'Supplement-29', '232.48', 5, '1162.40'),
(1739, 'INV01086', 'Supplement-97', '247.30', 4, '989.20'),
(1740, 'INV01087', 'Supplement-233', '280.03', 1, '280.03'),
(1741, 'INV01087', 'Supplement-167', '249.76', 1, '249.76'),
(1742, 'INV01088', 'Supplement-74', '260.98', 2, '521.96'),
(1743, 'INV01088', 'Supplement-198', '256.86', 3, '770.58'),
(1744, 'INV01089', 'Supplement-103', '616.28', 4, '2465.14'),
(1745, 'INV01090', 'Supplement-65', '189.34', 4, '757.36');
INSERT INTO `invoice_lines` (`line_id`, `inv_num`, `supplement_id`, `price_charged`, `quantity`, `total`) VALUES
(1746, 'INV01090', 'Supplement-220', '326.14', 4, '1304.56'),
(1747, 'INV01091', 'Supplement-18', '184.78', 2, '369.56'),
(1748, 'INV01091', 'Supplement-127', '216.70', 5, '1083.50'),
(1749, 'INV01092', 'Supplement-113', '114.00', 1, '114.00'),
(1750, 'INV01093', 'Supplement-178', '238.82', 2, '477.63'),
(1751, 'INV01094', 'Supplement-104', '408.04', 1, '408.04'),
(1752, 'INV01095', 'Supplement-39', '281.68', 4, '1126.72'),
(1753, 'INV01095', 'Supplement-178', '238.82', 4, '955.26'),
(1754, 'INV01096', 'Supplement-232', '340.78', 5, '1703.90'),
(1755, 'INV01097', 'Supplement-96', '205.12', 4, '820.48'),
(1756, 'INV01097', 'Supplement-238', '248.00', 4, '992.00'),
(1757, 'INV01098', 'Supplement-67', '138.04', 2, '276.08'),
(1758, 'INV01098', 'Supplement-59', '246.96', 3, '740.88'),
(1759, 'INV01099', 'Supplement-27', '262.56', 1, '262.56'),
(1760, 'INV01100', 'Supplement-157', '286.50', 2, '573.00'),
(1761, 'INV01101', 'Supplement-236', '233.70', 2, '467.40'),
(1762, 'INV01101', 'Supplement-220', '326.14', 4, '1304.56'),
(1763, 'INV01102', 'Supplement-11', '205.75', 5, '1028.75'),
(1764, 'INV01103', 'Supplement-206', '338.50', 1, '338.50'),
(1765, 'INV01103', 'Supplement-137', '232.04', 2, '464.08'),
(1766, 'INV01104', 'Supplement-233', '280.03', 1, '280.03'),
(1767, 'INV01104', 'Supplement-142', '150.22', 3, '450.66'),
(1768, 'INV01105', 'Supplement-188', '190.38', 4, '761.52'),
(1769, 'INV01106', 'Supplement-68', '256.60', 1, '256.60'),
(1770, 'INV01106', 'Supplement-228', '215.12', 2, '430.24'),
(1771, 'INV01107', 'Supplement-93', '277.16', 1, '277.16'),
(1772, 'INV01107', 'Supplement-75', '239.50', 2, '479.00'),
(1773, 'INV01108', 'Supplement-156', '199.42', 3, '598.26'),
(1774, 'INV01109', 'Supplement-86', '192.58', 5, '962.90'),
(1775, 'INV01109', 'Supplement-215', '297.46', 3, '892.38'),
(1776, 'INV01110', 'Supplement-67', '138.04', 4, '552.16'),
(1777, 'INV01110', 'Supplement-28', '320.70', 5, '1603.50'),
(1778, 'INV01111', 'Supplement-30', '358.58', 4, '1434.32'),
(1779, 'INV01112', 'Supplement-86', '192.58', 5, '962.90'),
(1780, 'INV01113', 'Supplement-106', '306.58', 5, '1532.90'),
(1781, 'INV01114', 'Supplement-40', '171.64', 4, '686.54'),
(1782, 'INV01114', 'Supplement-59', '246.96', 1, '246.96'),
(1783, 'INV01115', 'Supplement-120', '249.40', 4, '997.59'),
(1784, 'INV01116', 'Supplement-17', '283.02', 2, '566.03'),
(1785, 'INV01116', 'Supplement-62', '397.53', 1, '397.53'),
(1786, 'INV01117', 'Supplement-168', '253.62', 4, '1014.48'),
(1787, 'INV01117', 'Supplement-16', '269.22', 2, '538.44'),
(1788, 'INV01118', 'Supplement-28', '320.70', 4, '1282.80'),
(1789, 'INV01119', 'Supplement-105', '317.02', 1, '317.02'),
(1790, 'INV01120', 'Supplement-140', '238.64', 4, '954.55'),
(1791, 'INV01121', 'Supplement-22', '220.12', 4, '880.48'),
(1792, 'INV01121', 'Supplement-19', '156.28', 2, '312.56'),
(1793, 'INV01122', 'Supplement-27', '262.56', 2, '525.12'),
(1794, 'INV01123', 'Supplement-119', '234.92', 2, '469.84'),
(1795, 'INV01123', 'Supplement-113', '114.00', 4, '456.00'),
(1796, 'INV01124', 'Supplement-192', '277.12', 3, '831.36'),
(1797, 'INV01124', 'Supplement-78', '268.00', 5, '1340.00'),
(1798, 'INV01125', 'Supplement-4', '245.28', 3, '735.84'),
(1799, 'INV01126', 'Supplement-200', '291.06', 4, '1164.24'),
(1800, 'INV01126', 'Supplement-147', '267.26', 3, '801.78'),
(1801, 'INV01127', 'Supplement-153', '262.30', 1, '262.30'),
(1802, 'INV01127', 'Supplement-36', '290.62', 2, '581.24'),
(1803, 'INV01128', 'Supplement-159', '278.26', 5, '1391.30'),
(1804, 'INV01129', 'Supplement-176', '209.86', 3, '629.58'),
(1805, 'INV01129', 'Supplement-178', '238.82', 3, '716.45'),
(1806, 'INV01130', 'Supplement-233', '280.03', 5, '1400.15'),
(1807, 'INV01130', 'Supplement-20', '232.66', 4, '930.64'),
(1808, 'INV01131', 'Supplement-89', '351.22', 2, '702.44'),
(1809, 'INV01132', 'Supplement-56', '4793.80', 2, '9587.60'),
(1810, 'INV01133', 'Supplement-119', '158.54', 2, '317.08'),
(1811, 'INV01133', 'Supplement-93', '174.56', 2, '349.11'),
(1812, 'INV01133', 'Supplement-29', '93.40', 1, '93.40'),
(1813, 'INV01133', 'Supplement-236', '126.54', 2, '253.08'),
(1814, 'INV01133', 'Supplement-236', '126.54', 2, '253.08'),
(1815, 'INV01133', 'Supplement-236', '126.54', 2, '253.08'),
(1816, 'INV01134', 'Supplement-157', '286.50', 1, '286.50'),
(1817, 'INV01134', 'Supplement-197', '303.86', 1, '303.86'),
(1818, 'INV01135', 'Supplement-92', '288.52', 4, '1154.08'),
(1819, 'INV01136', 'Supplement-55', '175.16', 4, '700.63'),
(1820, 'INV01136', 'Supplement-63', '169.96', 5, '849.80'),
(1821, 'INV01137', 'Supplement-102', '245.02', 5, '1225.10'),
(1822, 'INV01137', 'Supplement-203', '413.04', 5, '2065.20'),
(1823, 'INV01138', 'Supplement-183', '314.82', 3, '944.46'),
(1824, 'INV01139', 'Supplement-119', '158.54', 2, '317.08'),
(1825, 'INV01139', 'Supplement-93', '174.56', 2, '349.11'),
(1826, 'INV01139', 'Supplement-29', '93.40', 1, '93.40'),
(1827, 'INV01139', 'Supplement-236', '126.54', 2, '253.08'),
(1828, 'INV01139', 'Supplement-236', '126.54', 2, '253.08'),
(1829, 'INV01140', 'Supplement-107', '312.46', 2, '624.92'),
(1830, 'INV01140', 'Supplement-23', '597.46', 2, '1194.92'),
(1831, 'INV01141', 'Supplement-3', '277.60', 4, '1110.41'),
(1832, 'INV01142', 'Supplement-135', '208.98', 1, '208.98'),
(1833, 'INV01142', 'Supplement-129', '279.66', 2, '559.32'),
(1834, 'INV01143', 'Supplement-100', '136.71', 1, '136.71'),
(1835, 'INV01144', 'Supplement-119', '158.54', 2, '317.08'),
(1836, 'INV01144', 'Supplement-93', '174.56', 2, '349.11'),
(1837, 'INV01144', 'Supplement-29', '93.40', 1, '93.40'),
(1838, 'INV01144', 'Supplement-236', '126.54', 2, '253.08'),
(1839, 'INV01144', 'Supplement-236', '126.54', 2, '253.08'),
(1840, 'INV01145', 'Supplement-119', '158.54', 2, '317.08'),
(1841, 'INV01145', 'Supplement-93', '174.56', 2, '349.11'),
(1842, 'INV01145', 'Supplement-29', '93.40', 1, '93.40'),
(1843, 'INV01145', 'Supplement-236', '126.54', 2, '253.08'),
(1844, 'INV01146', 'Supplement-26', '280.36', 4, '1121.44'),
(1845, 'INV01146', 'Supplement-174', '349.20', 4, '1396.80'),
(1846, 'INV01147', 'Supplement-240', '198.46', 3, '595.38'),
(1847, 'INV01148', 'Supplement-127', '216.70', 2, '433.40'),
(1848, 'INV01148', 'Supplement-207', '608.99', 5, '3044.94'),
(1849, 'INV01149', 'Supplement-3', '277.60', 5, '1388.02'),
(1850, 'INV01149', 'Supplement-138', '325.52', 1, '325.52'),
(1851, 'INV01150', 'Supplement-76', '327.28', 5, '1636.40'),
(1852, 'INV01150', 'Supplement-240', '198.46', 2, '396.92'),
(1853, 'INV01151', 'Supplement-39', '281.68', 4, '1126.72'),
(1854, 'INV01152', 'Supplement-77', '239.58', 3, '718.74'),
(1855, 'INV01153', 'Supplement-36', '290.62', 4, '1162.48'),
(1856, 'INV01154', 'Supplement-19', '156.28', 4, '625.12'),
(1857, 'INV01154', 'Supplement-65', '189.34', 1, '189.34'),
(1858, 'INV01155', 'Supplement-72', '268.96', 5, '1344.80'),
(1859, 'INV01156', 'Supplement-231', '371.82', 3, '1115.46'),
(1860, 'INV01156', 'Supplement-46', '232.66', 3, '697.98'),
(1861, 'INV01157', 'Supplement-61', '273.70', 1, '273.70'),
(1862, 'INV01157', 'Supplement-147', '267.26', 5, '1336.31'),
(1863, 'INV01158', 'Supplement-67', '138.04', 4, '552.16'),
(1864, 'INV01159', 'Supplement-193', '258.78', 1, '258.78'),
(1865, 'INV01159', 'Supplement-74', '260.98', 3, '782.94'),
(1866, 'INV01160', 'Supplement-51', '178.01', 4, '712.03'),
(1867, 'INV01160', 'Supplement-85', '254.58', 4, '1018.32'),
(1868, 'INV01161', 'Supplement-198', '256.86', 3, '770.58'),
(1869, 'INV01162', 'Supplement-227', '334.64', 4, '1338.56'),
(1870, 'INV01162', 'Supplement-27', '262.56', 2, '525.12'),
(1871, 'INV01163', 'Supplement-16', '269.22', 1, '269.22'),
(1872, 'INV01164', 'Supplement-114', '257.12', 5, '1285.60'),
(1873, 'INV01165', 'Supplement-45', '168.82', 1, '168.82'),
(1874, 'INV01166', 'Supplement-95', '246.34', 2, '492.68'),
(1875, 'INV01167', 'Supplement-100', '136.71', 2, '273.42'),
(1876, 'INV01168', 'Supplement-7', '284.66', 5, '1423.30'),
(1877, 'INV01168', 'Supplement-106', '306.58', 3, '919.74'),
(1878, 'INV01169', 'Supplement-85', '254.58', 3, '763.74'),
(1879, 'INV01170', 'Supplement-60', '264.58', 4, '1058.32'),
(1880, 'INV01171', 'Supplement-151', '269.99', 4, '1079.96'),
(1881, 'INV01172', 'Supplement-76', '327.28', 3, '981.84'),
(1882, 'INV01172', 'Supplement-113', '114.00', 4, '456.00'),
(1883, 'INV01173', 'Supplement-119', '234.92', 1, '234.92'),
(1884, 'INV01174', 'Supplement-227', '334.64', 4, '1338.56'),
(1885, 'INV01174', 'Supplement-146', '270.28', 4, '1081.12'),
(1886, 'INV01175', 'Supplement-166', '223.54', 1, '223.54'),
(1887, 'INV01175', 'Supplement-211', '266.86', 5, '1334.30'),
(1888, 'INV01176', 'Supplement-70', '245.20', 1, '245.20'),
(1889, 'INV01177', 'Supplement-35', '132.24', 1, '132.24'),
(1890, 'INV01177', 'Supplement-157', '286.50', 3, '859.50'),
(1891, 'INV01178', 'Supplement-44', '245.02', 2, '490.04'),
(1892, 'INV01178', 'Supplement-139', '172.24', 2, '344.48'),
(1893, 'INV01179', 'Supplement-199', '315.00', 3, '945.00'),
(1894, 'INV01180', 'Supplement-99', '222.22', 3, '666.66'),
(1895, 'INV01180', 'Supplement-242', '306.14', 1, '306.14'),
(1896, 'INV01181', 'Supplement-55', '175.16', 1, '175.16'),
(1897, 'INV01181', 'Supplement-14', '323.83', 2, '647.66'),
(1898, 'INV01182', 'Supplement-197', '303.86', 2, '607.72'),
(1899, 'INV01183', 'Supplement-237', '205.20', 2, '410.40'),
(1900, 'INV01184', 'Supplement-12', '304.56', 3, '913.68'),
(1901, 'INV01185', 'Supplement-129', '279.66', 5, '1398.30'),
(1902, 'INV01185', 'Supplement-54', '273.22', 3, '819.66'),
(1903, 'INV01186', 'Supplement-242', '306.14', 2, '612.28'),
(1904, 'INV01187', 'Supplement-13', '151.80', 1, '151.80'),
(1905, 'INV01187', 'Supplement-89', '351.22', 2, '702.44'),
(1906, 'INV01188', 'Supplement-65', '189.34', 3, '568.02'),
(1907, 'INV01188', 'Supplement-117', '277.95', 2, '555.90'),
(1908, 'INV01189', 'Supplement-78', '268.00', 5, '1340.00'),
(1909, 'INV01190', 'Supplement-130', '234.94', 3, '704.82'),
(1910, 'INV01190', 'Supplement-70', '245.20', 3, '735.60'),
(1911, 'INV01191', 'Supplement-47', '321.12', 5, '1605.59'),
(1912, 'INV01192', 'Supplement-239', '322.72', 3, '968.16'),
(1913, 'INV01192', 'Supplement-155', '183.02', 2, '366.04'),
(1914, 'INV01193', 'Supplement-172', '223.54', 1, '223.54'),
(1915, 'INV01193', 'Supplement-186', '270.28', 5, '1351.40'),
(1916, 'INV01194', 'Supplement-215', '297.46', 5, '1487.30'),
(1917, 'INV01195', 'Supplement-11', '205.75', 1, '205.75'),
(1918, 'INV01195', 'Supplement-84', '200.74', 4, '802.96'),
(1919, 'INV01196', 'Supplement-197', '303.86', 3, '911.58'),
(1920, 'INV01196', 'Supplement-159', '278.26', 3, '834.78'),
(1921, 'INV01197', 'Supplement-36', '290.62', 3, '871.86'),
(1922, 'INV01198', 'Supplement-181', '239.32', 4, '957.28'),
(1923, 'INV01198', 'Supplement-52', '217.36', 5, '1086.81'),
(1924, 'INV01199', 'Supplement-95', '246.34', 5, '1231.70'),
(1925, 'INV01199', 'Supplement-181', '239.32', 5, '1196.60'),
(1926, 'INV01199', 'Supplement-236', '126.54', 2, '253.08'),
(1927, 'INV01199', 'Supplement-236', '126.54', 2, '253.08'),
(1928, 'INV01200', 'Supplement-25', '329.56', 2, '659.12'),
(1929, 'INV01201', 'Supplement-62', '397.53', 1, '397.53'),
(1930, 'INV01202', 'Supplement-44', '245.02', 3, '735.06'),
(1931, 'INV01203', 'Supplement-222', '333.76', 1, '333.76'),
(1932, 'INV01203', 'Supplement-164', '317.02', 2, '634.04'),
(1933, 'INV01203', 'Supplement-236', '126.54', 2, '253.08'),
(1934, 'INV01204', 'Supplement-193', '258.78', 2, '517.56'),
(1935, 'INV01205', 'Supplement-52', '217.36', 3, '652.08'),
(1936, 'INV01205', 'Supplement-48', '290.88', 2, '581.76'),
(1937, 'INV01206', 'Supplement-161', '257.74', 2, '515.48'),
(1938, 'INV01206', 'Supplement-144', '217.84', 3, '653.52'),
(1939, 'INV01206', 'Supplement-236', '126.54', 2, '253.08'),
(1940, 'INV01206', 'Supplement-236', '126.54', 2, '253.08'),
(1941, 'INV01206', 'Supplement-236', '126.54', 2, '253.08'),
(1942, 'INV01207', 'Supplement-121', '297.02', 1, '297.02'),
(1943, 'INV01208', 'Supplement-186', '270.28', 2, '540.56'),
(1944, 'INV01209', 'Supplement-46', '232.66', 4, '930.64'),
(1945, 'INV01209', 'Supplement-161', '257.74', 1, '257.74'),
(1946, 'INV01210', 'Supplement-41', '196.18', 2, '392.36'),
(1947, 'INV01211', 'Supplement-201', '302.46', 5, '1512.30'),
(1948, 'INV01211', 'Supplement-209', '240.64', 3, '721.92'),
(1949, 'INV01212', 'Supplement-199', '315.00', 2, '630.00'),
(1950, 'INV01212', 'Supplement-109', '224.94', 1, '224.94'),
(1951, 'INV01213', 'Supplement-39', '281.68', 3, '845.04'),
(1952, 'INV01214', 'Supplement-49', '260.28', 4, '1041.12'),
(1953, 'INV01214', 'Supplement-193', '258.78', 2, '517.56'),
(1954, 'INV01215', 'Supplement-214', '257.64', 4, '1030.56'),
(1955, 'INV01215', 'Supplement-109', '224.94', 2, '449.88'),
(1956, 'INV01216', 'Supplement-192', '277.12', 1, '277.12'),
(1957, 'INV01217', 'Supplement-30', '358.58', 2, '717.16'),
(1958, 'INV01217', 'Supplement-67', '138.04', 1, '138.04'),
(1959, 'INV01218', 'Supplement-158', '197.89', 4, '791.56'),
(1960, 'INV01218', 'Supplement-128', '230.20', 2, '460.40'),
(1961, 'INV01218', 'Supplement-236', '126.54', 2, '253.08'),
(1962, 'INV01218', 'Supplement-236', '126.54', 2, '253.08'),
(1963, 'INV01219', 'Supplement-14', '323.83', 3, '971.48'),
(1964, 'INV01220', 'Supplement-132', '318.24', 2, '636.48'),
(1965, 'INV01221', 'Supplement-219', '255.72', 1, '255.72'),
(1966, 'INV01222', 'Supplement-38', '237.74', 3, '713.22'),
(1967, 'INV01222', 'Supplement-195', '300.44', 5, '1502.20'),
(1968, 'INV01222', 'Supplement-236', '126.54', 2, '253.08'),
(1969, 'INV01222', 'Supplement-236', '126.54', 2, '253.08'),
(1970, 'INV01223', 'Supplement-231', '371.82', 3, '1115.46'),
(1971, 'INV01224', 'Supplement-176', '209.86', 1, '209.86'),
(1972, 'INV01224', 'Supplement-6', '305.00', 4, '1220.00'),
(1973, 'INV01225', 'Supplement-112', '2745.16', 2, '5490.32'),
(1974, 'INV01225', 'Supplement-142', '150.22', 1, '150.22'),
(1975, 'INV01225', 'Supplement-236', '126.54', 2, '253.08'),
(1976, 'INV01226', 'Supplement-99', '222.22', 3, '666.66'),
(1977, 'INV01227', 'Supplement-30', '358.58', 2, '717.16'),
(1978, 'INV01228', 'Supplement-225', '219.55', 4, '878.20'),
(1979, 'INV01229', 'Supplement-162', '276.50', 5, '1382.50'),
(1980, 'INV01229', 'Supplement-230', '278.26', 2, '556.52'),
(1981, 'INV01229', 'Supplement-236', '126.54', 2, '253.08'),
(1982, 'INV01229', 'Supplement-236', '126.54', 2, '253.08'),
(1983, 'INV01230', 'Supplement-170', '250.28', 1, '250.28'),
(1984, 'INV01231', 'Supplement-137', '232.04', 2, '464.08'),
(1985, 'INV01231', 'Supplement-24', '265.55', 3, '796.66'),
(1986, 'INV01232', 'Supplement-98', '244.06', 4, '976.24'),
(1987, 'INV01232', 'Supplement-211', '266.86', 4, '1067.44'),
(1988, 'INV01233', 'Supplement-107', '312.46', 3, '937.38'),
(1989, 'INV01234', 'Supplement-70', '245.20', 4, '980.80'),
(1990, 'INV01234', 'Supplement-126', '277.90', 3, '833.71'),
(1991, 'INV01235', 'Supplement-218', '254.32', 3, '762.96'),
(1992, 'INV01235', 'Supplement-153', '262.30', 1, '262.30'),
(1993, 'INV01236', 'Supplement-63', '169.96', 1, '169.96'),
(1994, 'INV01237', 'Supplement-112', '2745.16', 5, '13725.80'),
(1995, 'INV01237', 'Supplement-152', '278.26', 5, '1391.30'),
(1996, 'INV01238', 'Supplement-215', '297.46', 1, '297.46'),
(1997, 'INV01238', 'Supplement-118', '207.58', 5, '1037.90'),
(1998, 'INV01239', 'Supplement-96', '205.12', 1, '205.12'),
(1999, 'INV01240', 'Supplement-4', '245.28', 5, '1226.40'),
(2000, 'INV01241', 'Supplement-190', '292.46', 1, '292.46'),
(2001, 'INV01242', 'Supplement-26', '280.36', 5, '1401.80'),
(2002, 'INV01242', 'Supplement-189', '182.50', 5, '912.50'),
(2003, 'INV01242', 'Supplement-236', '126.54', 2, '253.08'),
(2004, 'INV01242', 'Supplement-236', '126.54', 2, '253.08'),
(2005, 'INV01242', 'Supplement-236', '126.54', 2, '253.08'),
(2006, 'INV01243', 'Supplement-145', '251.86', 3, '755.58'),
(2007, 'INV01244', 'Supplement-207', '608.99', 5, '3044.94'),
(2008, 'INV01244', 'Supplement-7', '284.66', 3, '853.98'),
(2009, 'INV01245', 'Supplement-146', '270.28', 3, '810.84'),
(2010, 'INV01245', 'Supplement-165', '327.10', 5, '1635.50'),
(2011, 'INV01246', 'Supplement-39', '281.68', 2, '563.36'),
(2012, 'INV01247', 'Supplement-221', '258.88', 4, '1035.52'),
(2013, 'INV01248', 'Supplement-166', '223.54', 5, '1117.70'),
(2014, 'INV01248', 'Supplement-243', '173.90', 2, '347.80'),
(2015, 'INV01248', 'Supplement-236', '126.54', 2, '253.08'),
(2016, 'INV01249', 'Supplement-151', '269.99', 3, '809.97'),
(2017, 'INV01250', 'Supplement-45', '168.82', 5, '844.10'),
(2018, 'INV01251', 'Supplement-123', '339.82', 1, '339.82'),
(2019, 'INV01251', 'Supplement-236', '126.54', 2, '253.08'),
(2020, 'INV01251', 'Supplement-236', '126.54', 2, '253.08'),
(2021, 'INV01251', 'Supplement-236', '126.54', 2, '253.08'),
(2022, 'INV01252', 'Supplement-34', '275.88', 3, '827.64'),
(2023, 'INV01253', 'Supplement-183', '314.82', 1, '314.82'),
(2024, 'INV01254', 'Supplement-137', '232.04', 2, '464.08'),
(2025, 'INV01255', 'Supplement-225', '219.55', 4, '878.20'),
(2026, 'INV01255', 'Supplement-231', '371.82', 4, '1487.28'),
(2027, 'INV01256', 'Supplement-243', '173.90', 5, '869.50'),
(2028, 'INV01257', 'Supplement-112', '2745.16', 4, '10980.64'),
(2029, 'INV01258', 'Supplement-207', '608.99', 3, '1826.96'),
(2030, 'INV01259', 'Supplement-19', '156.28', 5, '781.40'),
(2031, 'INV01259', 'Supplement-48', '290.88', 4, '1163.52'),
(2032, 'INV01260', 'Supplement-222', '333.76', 3, '1001.28'),
(2033, 'INV01261', 'Supplement-60', '264.58', 4, '1058.32'),
(2034, 'INV01261', 'Supplement-133', '279.40', 5, '1397.00'),
(2035, 'INV01262', 'Supplement-141', '253.18', 3, '759.54'),
(2036, 'INV01262', 'Supplement-154', '348.58', 1, '348.58'),
(2037, 'INV01263', 'Supplement-193', '258.78', 1, '258.78'),
(2038, 'INV01263', 'Supplement-39', '281.68', 2, '563.36'),
(2039, 'INV01263', 'Supplement-236', '126.54', 2, '253.08'),
(2040, 'INV01264', 'Supplement-183', '314.82', 1, '314.82'),
(2041, 'INV01265', 'Supplement-233', '280.03', 3, '840.09'),
(2042, 'INV01266', 'Supplement-241', '249.40', 1, '249.40'),
(2043, 'INV01267', 'Supplement-196', '356.30', 2, '712.60'),
(2044, 'INV01267', 'Supplement-4', '245.28', 3, '735.84'),
(2045, 'INV01268', 'Supplement-20', '232.66', 4, '930.64'),
(2046, 'INV01269', 'Supplement-235', '268.75', 5, '1343.77'),
(2047, 'INV01269', 'Supplement-159', '278.26', 4, '1113.04'),
(2048, 'INV01270', 'Supplement-25', '329.56', 2, '659.12'),
(2049, 'INV01270', 'Supplement-102', '245.02', 1, '245.02'),
(2050, 'INV01271', 'Supplement-122', '289.92', 1, '289.92'),
(2051, 'INV01272', 'Supplement-14', '323.83', 3, '971.48'),
(2052, 'INV01272', 'Supplement-183', '314.82', 4, '1259.28'),
(2053, 'INV01273', 'Supplement-51', '178.01', 3, '534.03'),
(2054, 'INV01273', 'Supplement-70', '245.20', 1, '245.20'),
(2055, 'INV01274', 'Supplement-35', '132.24', 3, '396.72'),
(2056, 'INV01275', 'Supplement-70', '245.20', 2, '490.40'),
(2057, 'INV01275', 'Supplement-200', '291.06', 5, '1455.30'),
(2058, 'INV01275', 'Supplement-236', '126.54', 2, '253.08'),
(2059, 'INV01275', 'Supplement-236', '126.54', 2, '253.08'),
(2060, 'INV01275', 'Supplement-236', '126.54', 2, '253.08'),
(2061, 'INV01276', 'Supplement-203', '413.04', 2, '826.08'),
(2062, 'INV01277', 'Supplement-120', '249.40', 2, '498.79'),
(2063, 'INV01278', 'Supplement-173', '332.98', 3, '998.94'),
(2064, 'INV01279', 'Supplement-75', '239.50', 2, '479.00'),
(2065, 'INV01280', 'Supplement-61', '273.70', 2, '547.40'),
(2066, 'INV01281', 'Supplement-162', '276.50', 3, '829.50'),
(2067, 'INV01281', 'Supplement-153', '262.30', 5, '1311.50'),
(2068, 'INV01281', 'Supplement-236', '126.54', 2, '253.08'),
(2069, 'INV01282', 'Supplement-138', '325.52', 1, '325.52'),
(2070, 'INV01283', 'Supplement-242', '306.14', 2, '612.28'),
(2071, 'INV01284', 'Supplement-156', '199.42', 2, '398.84'),
(2072, 'INV01285', 'Supplement-192', '277.12', 2, '554.24'),
(2073, 'INV01285', 'Supplement-31', '179.79', 1, '179.79'),
(2074, 'INV01286', 'Supplement-196', '356.30', 2, '712.60'),
(2075, 'INV01287', 'Supplement-203', '413.04', 2, '826.08'),
(2076, 'INV01287', 'Supplement-29', '232.48', 4, '929.92'),
(2077, 'INV01288', 'Supplement-207', '608.99', 4, '2435.95'),
(2078, 'INV01288', 'Supplement-12', '304.56', 1, '304.56'),
(2079, 'INV01289', 'Supplement-192', '277.12', 2, '554.24'),
(2080, 'INV01290', 'Supplement-118', '207.58', 3, '622.74'),
(2081, 'INV01290', 'Supplement-26', '280.36', 5, '1401.80'),
(2082, 'INV01290', 'Supplement-236', '126.54', 2, '253.08'),
(2083, 'INV01290', 'Supplement-236', '126.54', 2, '253.08'),
(2084, 'INV01290', 'Supplement-236', '126.54', 2, '253.08'),
(2085, 'INV01291', 'Supplement-114', '257.12', 1, '257.12'),
(2086, 'INV01291', 'Supplement-164', '317.02', 2, '634.04'),
(2087, 'INV01291', 'Supplement-236', '126.54', 2, '253.08'),
(2088, 'INV01292', 'Supplement-21', '316.14', 5, '1580.70'),
(2089, 'INV01293', 'Supplement-7', '284.66', 2, '569.32'),
(2090, 'INV01293', 'Supplement-227', '334.64', 4, '1338.56'),
(2091, 'INV01294', 'Supplement-18', '184.78', 4, '739.12'),
(2092, 'INV01294', 'Supplement-30', '358.58', 4, '1434.32'),
(2093, 'INV01295', 'Supplement-127', '216.70', 5, '1083.50'),
(2094, 'INV01296', 'Supplement-9', '357.00', 2, '714.00'),
(2095, 'INV01297', 'Supplement-175', '332.98', 2, '665.96'),
(2096, 'INV01298', 'Supplement-88', '314.67', 4, '1258.70'),
(2097, 'INV01298', 'Supplement-94', '259.84', 2, '519.68'),
(2098, 'INV01299', 'Supplement-243', '173.90', 3, '521.70'),
(2099, 'INV01300', 'Supplement-52', '217.36', 5, '1086.81'),
(2100, 'INV01300', 'Supplement-63', '169.96', 4, '679.84'),
(2101, 'INV01301', 'Supplement-91', '277.20', 2, '554.40'),
(2102, 'INV01301', 'Supplement-188', '190.38', 2, '380.76'),
(2103, 'INV01302', 'Supplement-243', '173.90', 2, '347.80'),
(2104, 'INV01303', 'Supplement-47', '321.12', 4, '1284.47'),
(2105, 'INV01303', 'Supplement-63', '169.96', 4, '679.84'),
(2106, 'INV01304', 'Supplement-44', '245.02', 4, '980.08'),
(2107, 'INV01305', 'Supplement-107', '312.46', 2, '624.92'),
(2108, 'INV01305', 'Supplement-222', '333.76', 4, '1335.04'),
(2109, 'INV01306', 'Supplement-75', '239.50', 2, '479.00'),
(2110, 'INV01306', 'Supplement-226', '145.92', 4, '583.68'),
(2111, 'INV01307', 'Supplement-104', '408.04', 2, '816.08'),
(2112, 'INV01308', 'Supplement-178', '238.82', 5, '1194.08'),
(2113, 'INV01308', 'Supplement-210', '201.88', 5, '1009.40'),
(2114, 'INV01309', 'Supplement-11', '205.75', 4, '823.00'),
(2115, 'INV01309', 'Supplement-157', '286.50', 2, '573.00'),
(2116, 'INV01310', 'Supplement-145', '251.86', 3, '755.58'),
(2117, 'INV01311', 'Supplement-25', '329.56', 3, '988.68'),
(2118, 'INV01311', 'Supplement-216', '371.74', 4, '1486.96'),
(2119, 'INV01311', 'Supplement-236', '126.54', 2, '253.08'),
(2120, 'INV01312', 'Supplement-107', '312.46', 4, '1249.84'),
(2121, 'INV01312', 'Supplement-79', '217.84', 1, '217.84'),
(2122, 'INV01312', 'Supplement-236', '126.54', 2, '253.08'),
(2123, 'INV01312', 'Supplement-236', '126.54', 2, '253.08'),
(2124, 'INV01312', 'Supplement-236', '126.54', 2, '253.08'),
(2125, 'INV01313', 'Supplement-203', '413.04', 1, '413.04'),
(2126, 'INV01314', 'Supplement-204', '367.00', 3, '1101.00'),
(2127, 'INV01315', 'Supplement-159', '278.26', 1, '278.26'),
(2128, 'INV01316', 'Supplement-96', '205.12', 3, '615.36'),
(2129, 'INV01316', 'Supplement-167', '249.76', 1, '249.76'),
(2130, 'INV01316', 'Supplement-236', '126.54', 2, '253.08'),
(2131, 'INV01316', 'Supplement-236', '126.54', 2, '253.08'),
(2132, 'INV01317', 'Supplement-202', '238.62', 1, '238.62'),
(2133, 'INV01318', 'Supplement-116', '254.58', 3, '763.74'),
(2134, 'INV01318', 'Supplement-86', '192.58', 2, '385.16'),
(2135, 'INV01319', 'Supplement-221', '258.88', 4, '1035.52'),
(2136, 'INV01319', 'Supplement-206', '338.50', 3, '1015.50'),
(2137, 'INV01319', 'Supplement-236', '126.54', 2, '253.08'),
(2138, 'INV01319', 'Supplement-236', '126.54', 2, '253.08'),
(2139, 'INV01319', 'Supplement-236', '126.54', 2, '253.08'),
(2140, 'INV01320', 'Supplement-127', '216.70', 5, '1083.50'),
(2141, 'INV01321', 'Supplement-185', '226.34', 1, '226.34'),
(2142, 'INV01322', 'Supplement-59', '246.96', 5, '1234.80'),
(2143, 'INV01322', 'Supplement-96', '205.12', 5, '1025.60'),
(2144, 'INV01323', 'Supplement-90', '212.14', 3, '636.42'),
(2145, 'INV01324', 'Supplement-141', '253.18', 3, '759.54'),
(2146, 'INV01324', 'Supplement-42', '414.18', 1, '414.18'),
(2147, 'INV01324', 'Supplement-236', '126.54', 2, '253.08'),
(2148, 'INV01324', 'Supplement-236', '126.54', 2, '253.08'),
(2149, 'INV01324', 'Supplement-236', '126.54', 2, '253.08'),
(2150, 'INV01325', 'Supplement-72', '268.96', 1, '268.96'),
(2151, 'INV01325', 'Supplement-2', '252.04', 2, '504.08'),
(2152, 'INV01326', 'Supplement-55', '175.16', 5, '875.79'),
(2153, 'INV01327', 'Supplement-217', '380.24', 4, '1520.96'),
(2154, 'INV01327', 'Supplement-124', '280.62', 1, '280.62'),
(2155, 'INV01328', 'Supplement-28', '320.70', 1, '320.70'),
(2156, 'INV01328', 'Supplement-75', '239.50', 4, '958.00'),
(2157, 'INV01329', 'Supplement-100', '136.71', 2, '273.42'),
(2158, 'INV01330', 'Supplement-112', '2745.16', 5, '13725.80'),
(2159, 'INV01330', 'Supplement-94', '259.84', 3, '779.52'),
(2160, 'INV01331', 'Supplement-136', '263.44', 1, '263.44'),
(2161, 'INV01331', 'Supplement-128', '230.20', 3, '690.60'),
(2162, 'INV01332', 'Supplement-105', '317.02', 1, '317.02'),
(2163, 'INV01333', 'Supplement-110', '252.04', 2, '504.08'),
(2164, 'INV01334', 'Supplement-27', '262.56', 1, '262.56'),
(2165, 'INV01335', 'Supplement-58', '257.12', 5, '1285.62'),
(2166, 'INV01335', 'Supplement-46', '232.66', 2, '465.32'),
(2167, 'INV01336', 'Supplement-90', '212.14', 2, '424.28'),
(2168, 'INV01337', 'Supplement-231', '371.82', 3, '1115.46'),
(2169, 'INV01337', 'Supplement-180', '221.08', 2, '442.16'),
(2170, 'INV01338', 'Supplement-12', '304.56', 5, '1522.80'),
(2171, 'INV01338', 'Supplement-72', '268.96', 5, '1344.80'),
(2172, 'INV01339', 'Supplement-171', '428.12', 3, '1284.36'),
(2173, 'INV01340', 'Supplement-108', '311.14', 3, '933.42'),
(2174, 'INV01341', 'Supplement-194', '258.96', 1, '258.96'),
(2175, 'INV01342', 'Supplement-190', '292.46', 4, '1169.84'),
(2176, 'INV01342', 'Supplement-91', '277.20', 5, '1386.00'),
(2177, 'INV01343', 'Supplement-112', '2745.16', 3, '8235.48'),
(2178, 'INV01344', 'Supplement-29', '232.48', 4, '929.92'),
(2179, 'INV01344', 'Supplement-2', '252.04', 1, '252.04'),
(2180, 'INV01345', 'Supplement-125', '185.92', 2, '371.84'),
(2181, 'INV01345', 'Supplement-54', '273.22', 2, '546.44'),
(2182, 'INV01346', 'Supplement-170', '250.28', 3, '750.84'),
(2183, 'INV01347', 'Supplement-42', '414.18', 4, '1656.72'),
(2184, 'INV01347', 'Supplement-82', '206.44', 2, '412.88'),
(2185, 'INV01348', 'Supplement-148', '241.94', 4, '967.78'),
(2186, 'INV01348', 'Supplement-84', '200.74', 4, '802.96'),
(2187, 'INV01349', 'Supplement-239', '322.72', 2, '645.44'),
(2188, 'INV01350', 'Supplement-175', '332.98', 1, '332.98'),
(2189, 'INV01350', 'Supplement-24', '265.55', 1, '265.55'),
(2190, 'INV01350', 'Supplement-236', '126.54', 2, '253.08'),
(2191, 'INV01351', 'Supplement-39', '281.68', 1, '281.68'),
(2192, 'INV01351', 'Supplement-214', '257.64', 3, '772.92'),
(2193, 'INV01352', 'Supplement-236', '233.70', 5, '1168.50'),
(2194, 'INV01353', 'Supplement-134', '231.52', 3, '694.56'),
(2195, 'INV01354', 'Supplement-86', '192.58', 1, '192.58'),
(2196, 'INV01355', 'Supplement-152', '278.26', 2, '556.52'),
(2197, 'INV01355', 'Supplement-238', '248.00', 2, '496.00'),
(2198, 'INV01355', 'Supplement-236', '126.54', 2, '253.08'),
(2199, 'INV01355', 'Supplement-236', '126.54', 2, '253.08'),
(2200, 'INV01356', 'Supplement-34', '275.88', 1, '275.88'),
(2201, 'INV01357', 'Supplement-69', '218.98', 2, '437.96'),
(2202, 'INV01357', 'Supplement-112', '2745.16', 1, '2745.16'),
(2203, 'INV01358', 'Supplement-9', '357.00', 4, '1428.00'),
(2204, 'INV01358', 'Supplement-69', '218.98', 4, '875.92'),
(2205, 'INV01359', 'Supplement-135', '208.98', 3, '626.94'),
(2206, 'INV01360', 'Supplement-146', '270.28', 4, '1081.12'),
(2207, 'INV01361', 'Supplement-124', '280.62', 1, '280.62'),
(2208, 'INV01361', 'Supplement-221', '258.88', 4, '1035.52'),
(2209, 'INV01362', 'Supplement-26', '280.36', 5, '1401.80'),
(2210, 'INV01363', 'Supplement-93', '277.16', 1, '277.16'),
(2211, 'INV01364', 'Supplement-242', '306.14', 2, '612.28'),
(2212, 'INV01365', 'Supplement-119', '234.92', 5, '1174.61'),
(2213, 'INV01366', 'Supplement-135', '208.98', 1, '208.98'),
(2214, 'INV01367', 'Supplement-172', '223.54', 3, '670.62'),
(2215, 'INV01368', 'Supplement-108', '311.14', 3, '933.42'),
(2216, 'INV01368', 'Supplement-236', '126.54', 2, '253.08'),
(2217, 'INV01368', 'Supplement-236', '126.54', 2, '253.08'),
(2218, 'INV01369', 'Supplement-239', '322.72', 3, '968.16'),
(2219, 'INV01370', 'Supplement-24', '265.55', 3, '796.66'),
(2220, 'INV01371', 'Supplement-28', '320.70', 2, '641.40'),
(2221, 'INV01372', 'Supplement-43', '218.80', 1, '218.80'),
(2222, 'INV01372', 'Supplement-236', '126.54', 2, '253.08'),
(2223, 'INV01372', 'Supplement-236', '126.54', 2, '253.08'),
(2224, 'INV01372', 'Supplement-236', '126.54', 2, '253.08'),
(2225, 'INV01373', 'Supplement-47', '321.12', 1, '321.12'),
(2226, 'INV01374', 'Supplement-19', '156.28', 1, '156.28'),
(2227, 'INV01375', 'Supplement-149', '279.40', 2, '558.80'),
(2228, 'INV01376', 'Supplement-229', '188.43', 1, '188.43'),
(2229, 'INV01377', 'Supplement-196', '356.30', 4, '1425.20'),
(2230, 'INV01377', 'Supplement-236', '126.54', 2, '253.08'),
(2231, 'INV01377', 'Supplement-236', '126.54', 2, '253.08'),
(2232, 'INV01377', 'Supplement-236', '126.54', 2, '253.08'),
(2233, 'INV01378', 'Supplement-129', '279.66', 3, '838.98'),
(2234, 'INV01379', 'Supplement-201', '302.46', 2, '604.92'),
(2235, 'INV01380', 'Supplement-14', '323.83', 1, '323.83'),
(2236, 'INV01380', 'Supplement-138', '325.52', 3, '976.56'),
(2237, 'INV01381', 'Supplement-245', '306.43', 3, '919.30'),
(2238, 'INV01382', 'Supplement-195', '300.44', 5, '1502.20'),
(2239, 'INV01383', 'Supplement-119', '234.92', 3, '704.76'),
(2240, 'INV01384', 'Supplement-101', '281.50', 4, '1126.00'),
(2241, 'INV01384', 'Supplement-157', '286.50', 2, '573.00'),
(2242, 'INV01385', 'Supplement-239', '322.72', 1, '322.72'),
(2243, 'INV01386', 'Supplement-75', '239.50', 3, '718.50'),
(2244, 'INV01386', 'Supplement-196', '356.30', 4, '1425.20'),
(2245, 'INV01387', 'Supplement-38', '237.74', 4, '950.96'),
(2246, 'INV01387', 'Supplement-51', '178.01', 3, '534.03'),
(2247, 'INV01388', 'Supplement-13', '151.80', 1, '151.80'),
(2248, 'INV01388', 'Supplement-187', '231.52', 4, '926.08'),
(2249, 'INV01389', 'Supplement-202', '238.62', 1, '238.62'),
(2250, 'INV01390', 'Supplement-190', '292.46', 4, '1169.84'),
(2251, 'INV01391', 'Supplement-93', '277.16', 2, '554.31'),
(2252, 'INV01392', 'Supplement-175', '332.98', 4, '1331.92'),
(2253, 'INV01392', 'Supplement-28', '320.70', 4, '1282.80'),
(2254, 'INV01393', 'Supplement-210', '201.88', 1, '201.88'),
(2255, 'INV01394', 'Supplement-143', '221.26', 2, '442.52'),
(2256, 'INV01394', 'Supplement-71', '367.26', 1, '367.26'),
(2257, 'INV01395', 'Supplement-134', '231.52', 2, '463.04'),
(2258, 'INV01395', 'Supplement-228', '215.12', 2, '430.24'),
(2259, 'INV01395', 'Supplement-236', '126.54', 2, '253.08'),
(2260, 'INV01395', 'Supplement-236', '126.54', 2, '253.08'),
(2261, 'INV01395', 'Supplement-236', '126.54', 2, '253.08'),
(2262, 'INV01396', 'Supplement-86', '192.58', 2, '385.16'),
(2263, 'INV01397', 'Supplement-237', '205.20', 2, '410.40'),
(2264, 'INV01397', 'Supplement-54', '273.22', 4, '1092.88'),
(2265, 'INV01398', 'Supplement-130', '234.94', 5, '1174.70'),
(2266, 'INV01398', 'Supplement-154', '348.58', 2, '697.16'),
(2267, 'INV01398', 'Supplement-236', '126.54', 2, '253.08'),
(2268, 'INV01398', 'Supplement-236', '126.54', 2, '253.08'),
(2269, 'INV01399', 'Supplement-164', '317.02', 5, '1585.10'),
(2270, 'INV01400', 'Supplement-116', '254.58', 1, '254.58'),
(2271, 'INV01400', 'Supplement-91', '277.20', 4, '1108.80'),
(2272, 'INV01401', 'Supplement-2', '252.04', 1, '252.04'),
(2273, 'INV01402', 'Supplement-182', '306.76', 2, '613.52'),
(2274, 'INV01403', 'Supplement-226', '145.92', 5, '729.60'),
(2275, 'INV01404', 'Supplement-220', '326.14', 5, '1630.70'),
(2276, 'INV01405', 'Supplement-141', '253.18', 3, '759.54'),
(2277, 'INV01406', 'Supplement-165', '327.10', 2, '654.20'),
(2278, 'INV01406', 'Supplement-219', '255.72', 1, '255.72'),
(2279, 'INV01407', 'Supplement-176', '209.86', 5, '1049.30'),
(2280, 'INV01408', 'Supplement-245', '306.43', 3, '919.30'),
(2281, 'INV01409', 'Supplement-39', '281.68', 2, '563.36'),
(2282, 'INV01410', 'Supplement-49', '260.28', 1, '260.28'),
(2283, 'INV01410', 'Supplement-126', '277.90', 2, '555.81'),
(2284, 'INV01411', 'Supplement-150', '400.24', 5, '2001.20'),
(2285, 'INV01412', 'Supplement-228', '215.12', 1, '215.12'),
(2286, 'INV01412', 'Supplement-195', '300.44', 3, '901.32'),
(2287, 'INV01413', 'Supplement-11', '205.75', 2, '411.50'),
(2288, 'INV01413', 'Supplement-117', '277.95', 1, '277.95'),
(2289, 'INV01414', 'Supplement-68', '256.60', 4, '1026.40'),
(2290, 'INV01415', 'Supplement-210', '201.88', 1, '201.88'),
(2291, 'INV01415', 'Supplement-105', '317.02', 5, '1585.10'),
(2292, 'INV01416', 'Supplement-153', '262.30', 4, '1049.20'),
(2293, 'INV01416', 'Supplement-131', '303.16', 2, '606.32'),
(2294, 'INV01417', 'Supplement-25', '329.56', 1, '329.56'),
(2295, 'INV01418', 'Supplement-163', '197.32', 5, '986.60'),
(2296, 'INV01418', 'Supplement-165', '327.10', 2, '654.20'),
(2297, 'INV01419', 'Supplement-78', '268.00', 4, '1072.00'),
(2298, 'INV01419', 'Supplement-193', '258.78', 5, '1293.90'),
(2299, 'INV01419', 'Supplement-236', '126.54', 2, '253.08'),
(2300, 'INV01419', 'Supplement-236', '126.54', 2, '253.08'),
(2301, 'INV01420', 'Supplement-78', '268.00', 3, '804.00'),
(2302, 'INV01421', 'Supplement-206', '338.50', 1, '338.50'),
(2303, 'INV01422', 'Supplement-58', '257.12', 4, '1028.50'),
(2304, 'INV01423', 'Supplement-58', '257.12', 4, '1028.50'),
(2305, 'INV01423', 'Supplement-95', '246.34', 2, '492.68'),
(2306, 'INV01424', 'Supplement-163', '197.32', 5, '986.60'),
(2307, 'INV01425', 'Supplement-22', '220.12', 5, '1100.60'),
(2308, 'INV01425', 'Supplement-121', '297.02', 3, '891.06'),
(2309, 'INV01426', 'Supplement-225', '219.55', 5, '1097.75'),
(2310, 'INV01426', 'Supplement-35', '132.24', 4, '528.96'),
(2311, 'INV01427', 'Supplement-112', '2745.16', 2, '5490.32'),
(2312, 'INV01428', 'Supplement-127', '216.70', 3, '650.10'),
(2313, 'INV01428', 'Supplement-227', '334.64', 2, '669.28'),
(2314, 'INV01429', 'Supplement-141', '253.18', 3, '759.54'),
(2315, 'INV01430', 'Supplement-33', '266.68', 1, '266.68'),
(2316, 'INV01430', 'Supplement-72', '268.96', 5, '1344.80'),
(2317, 'INV01431', 'Supplement-169', '268.96', 2, '537.92'),
(2318, 'INV01431', 'Supplement-200', '291.06', 4, '1164.24'),
(2319, 'INV01432', 'Supplement-149', '279.40', 3, '838.20'),
(2320, 'INV01433', 'Supplement-24', '265.55', 5, '1327.77'),
(2321, 'INV01433', 'Supplement-205', '308.42', 1, '308.42'),
(2322, 'INV01434', 'Supplement-136', '263.44', 2, '526.88'),
(2323, 'INV01434', 'Supplement-203', '413.04', 3, '1239.12'),
(2324, 'INV01435', 'Supplement-50', '335.75', 2, '671.51'),
(2325, 'INV01436', 'Supplement-136', '263.44', 3, '790.32'),
(2326, 'INV01436', 'Supplement-196', '356.30', 5, '1781.50'),
(2327, 'INV01437', 'Supplement-64', '179.08', 5, '895.40'),
(2328, 'INV01437', 'Supplement-59', '246.96', 2, '493.92'),
(2329, 'INV01437', 'Supplement-236', '126.54', 2, '253.08'),
(2330, 'INV01437', 'Supplement-236', '126.54', 2, '253.08'),
(2331, 'INV01437', 'Supplement-236', '126.54', 2, '253.08'),
(2332, 'INV01438', 'Supplement-136', '263.44', 3, '790.32'),
(2333, 'INV01439', 'Supplement-163', '197.32', 4, '789.28'),
(2334, 'INV01440', 'Supplement-83', '300.44', 3, '901.32'),
(2335, 'INV01441', 'Supplement-240', '198.46', 5, '992.30'),
(2336, 'INV01441', 'Supplement-148', '241.94', 4, '967.78'),
(2337, 'INV01442', 'Supplement-117', '277.95', 4, '1111.80'),
(2338, 'INV01443', 'Supplement-88', '314.67', 3, '944.02'),
(2339, 'INV01443', 'Supplement-225', '219.55', 5, '1097.75'),
(2340, 'INV01444', 'Supplement-127', '216.70', 3, '650.10'),
(2341, 'INV01444', 'Supplement-38', '237.74', 3, '713.22'),
(2342, 'INV01445', 'Supplement-22', '220.12', 1, '220.12'),
(2343, 'INV01446', 'Supplement-169', '268.96', 3, '806.88'),
(2344, 'INV01447', 'Supplement-200', '291.06', 3, '873.18'),
(2345, 'INV01447', 'Supplement-199', '315.00', 2, '630.00'),
(2346, 'INV01448', 'Supplement-131', '303.16', 2, '606.32'),
(2347, 'INV01449', 'Supplement-69', '218.98', 2, '437.96'),
(2348, 'INV01449', 'Supplement-191', '333.06', 3, '999.18'),
(2349, 'INV01450', 'Supplement-7', '284.66', 1, '284.66'),
(2350, 'INV01450', 'Supplement-83', '300.44', 2, '600.88'),
(2351, 'INV01451', 'Supplement-18', '184.78', 2, '369.56'),
(2352, 'INV01452', 'Supplement-192', '277.12', 1, '277.12'),
(2353, 'INV01452', 'Supplement-119', '234.92', 4, '939.69'),
(2354, 'INV01453', 'Supplement-91', '277.20', 3, '831.60'),
(2355, 'INV01453', 'Supplement-199', '315.00', 4, '1260.00'),
(2356, 'INV01454', 'Supplement-168', '253.62', 5, '1268.10'),
(2357, 'INV01455', 'Supplement-13', '170.04', 5, '850.20'),
(2358, 'INV01455', 'Supplement-232', '361.30', 2, '722.60'),
(2359, 'INV01456', 'Supplement-56', '4825.72', 1, '4825.72'),
(2360, 'INV01456', 'Supplement-51', '192.83', 4, '771.31'),
(2361, 'INV01457', 'Supplement-142', '178.72', 5, '893.60'),
(2362, 'INV01458', 'Supplement-229', '218.07', 3, '654.20'),
(2363, 'INV01459', 'Supplement-195', '328.94', 2, '657.88'),
(2364, 'INV01460', 'Supplement-243', '195.56', 2, '391.12'),
(2365, 'INV01460', 'Supplement-139', '184.78', 2, '369.56'),
(2366, 'INV01461', 'Supplement-76', '353.50', 4, '1414.00'),
(2367, 'INV01462', 'Supplement-244', '360.34', 4, '1441.36'),
(2368, 'INV01462', 'Supplement-18', '214.42', 5, '1072.10'),
(2369, 'INV01463', 'Supplement-211', '280.54', 3, '841.62'),
(2370, 'INV01463', 'Supplement-100', '145.83', 5, '729.14'),
(2371, 'INV01464', 'Supplement-46', '238.36', 2, '476.72'),
(2372, 'INV01465', 'Supplement-18', '214.42', 3, '643.26'),
(2373, 'INV01466', 'Supplement-3', '282.16', 4, '1128.65'),
(2374, 'INV01467', 'Supplement-244', '360.34', 1, '360.34'),
(2375, 'INV01467', 'Supplement-17', '287.58', 2, '575.15'),
(2376, 'INV01468', 'Supplement-226', '150.48', 3, '451.44'),
(2377, 'INV01469', 'Supplement-232', '361.30', 3, '1083.90'),
(2378, 'INV01469', 'Supplement-16', '294.30', 1, '294.30'),
(2379, 'INV01470', 'Supplement-35', '159.60', 1, '159.60'),
(2380, 'INV01470', 'Supplement-241', '281.32', 4, '1125.28'),
(2381, 'INV01471', 'Supplement-60', '270.28', 4, '1081.12'),
(2382, 'INV01472', 'Supplement-22', '225.82', 3, '677.46'),
(2383, 'INV01472', 'Supplement-32', '271.42', 2, '542.84'),
(2384, 'INV01473', 'Supplement-29', '264.40', 1, '264.40'),
(2385, 'INV01473', 'Supplement-90', '221.26', 2, '442.52'),
(2386, 'INV01474', 'Supplement-243', '195.56', 3, '586.68'),
(2387, 'INV01475', 'Supplement-156', '229.06', 3, '687.18'),
(2388, 'INV01475', 'Supplement-207', '629.51', 5, '3147.54'),
(2389, 'INV01476', 'Supplement-23', '610.00', 3, '1830.00'),
(2390, 'INV01476', 'Supplement-167', '261.16', 1, '261.16'),
(2391, 'INV01477', 'Supplement-187', '231.52', 5, '1157.60'),
(2392, 'INV01478', 'Supplement-186', '301.06', 5, '1505.30'),
(2393, 'INV01479', 'Supplement-41', '226.96', 1, '226.96'),
(2394, 'INV01480', 'Supplement-34', '292.98', 3, '878.94'),
(2395, 'INV01480', 'Supplement-90', '221.26', 2, '442.52'),
(2396, 'INV01481', 'Supplement-52', '219.64', 3, '658.92'),
(2397, 'INV01482', 'Supplement-110', '282.82', 2, '565.64'),
(2398, 'INV01482', 'Supplement-192', '304.48', 1, '304.48'),
(2399, 'INV01483', 'Supplement-112', '2761.12', 3, '8283.36'),
(2400, 'INV01483', 'Supplement-242', '326.66', 1, '326.66'),
(2401, 'INV01484', 'Supplement-192', '304.48', 5, '1522.40'),
(2402, 'INV01485', 'Supplement-54', '297.16', 1, '297.16'),
(2403, 'INV01486', 'Supplement-27', '263.70', 4, '1054.80'),
(2404, 'INV01486', 'Supplement-91', '277.20', 4, '1108.80'),
(2405, 'INV01487', 'Supplement-140', '263.72', 4, '1054.87'),
(2406, 'INV01487', 'Supplement-86', '226.78', 2, '453.56'),
(2407, 'INV01488', 'Supplement-90', '221.26', 5, '1106.30'),
(2408, 'INV01488', 'Supplement-183', '318.24', 3, '954.72'),
(2409, 'INV01488', 'Supplement-236', '126.54', 2, '253.08'),
(2410, 'INV01488', 'Supplement-236', '126.54', 2, '253.08'),
(2411, 'INV01489', 'Supplement-46', '238.36', 4, '953.44'),
(2412, 'INV01490', 'Supplement-1', '386.82', 1, '386.82'),
(2413, 'INV01491', 'Supplement-219', '275.10', 1, '275.10'),
(2414, 'INV01492', 'Supplement-103', '632.24', 2, '1264.49'),
(2415, 'INV01492', 'Supplement-50', '366.53', 2, '733.07'),
(2416, 'INV01492', 'Supplement-236', '126.54', 2, '253.08'),
(2417, 'INV01493', 'Supplement-53', '233.86', 4, '935.43'),
(2418, 'INV01494', 'Supplement-130', '252.04', 3, '756.12'),
(2419, 'INV01494', 'Supplement-39', '304.48', 4, '1217.92'),
(2420, 'INV01495', 'Supplement-19', '161.98', 2, '323.96'),
(2421, 'INV01495', 'Supplement-213', '279.92', 4, '1119.68'),
(2422, 'INV01496', 'Supplement-237', '212.04', 1, '212.04'),
(2423, 'INV01497', 'Supplement-243', '195.56', 2, '391.12'),
(2424, 'INV01498', 'Supplement-115', '432.94', 1, '432.94'),
(2425, 'INV01498', 'Supplement-51', '192.83', 5, '964.14'),
(2426, 'INV01499', 'Supplement-140', '263.72', 1, '263.72'),
(2427, 'INV01500', 'Supplement-171', '455.48', 5, '2277.40'),
(2428, 'INV01501', 'Supplement-232', '361.30', 1, '361.30'),
(2429, 'INV01501', 'Supplement-155', '188.72', 5, '943.60'),
(2430, 'INV01502', 'Supplement-112', '2761.12', 3, '8283.36'),
(2431, 'INV01502', 'Supplement-165', '333.94', 5, '1669.70'),
(2432, 'INV01503', 'Supplement-118', '230.38', 5, '1151.90'),
(2433, 'INV01504', 'Supplement-46', '238.36', 4, '953.44'),
(2434, 'INV01505', 'Supplement-148', '275.00', 4, '1100.02'),
(2435, 'INV01506', 'Supplement-63', '203.02', 5, '1015.10'),
(2436, 'INV01506', 'Supplement-195', '328.94', 1, '328.94'),
(2437, 'INV01507', 'Supplement-94', '276.94', 1, '276.94'),
(2438, 'INV01508', 'Supplement-98', '257.74', 1, '257.74'),
(2439, 'INV01508', 'Supplement-232', '361.30', 1, '361.30'),
(2440, 'INV01509', 'Supplement-174', '378.84', 1, '378.84'),
(2441, 'INV01509', 'Supplement-105', '348.94', 3, '1046.82'),
(2442, 'INV01510', 'Supplement-232', '361.30', 3, '1083.90'),
(2443, 'INV01511', 'Supplement-10', '283.28', 1, '283.28'),
(2444, 'INV01512', 'Supplement-145', '278.08', 5, '1390.40'),
(2445, 'INV01512', 'Supplement-98', '257.74', 3, '773.22'),
(2446, 'INV01513', 'Supplement-134', '261.16', 5, '1305.80'),
(2447, 'INV01513', 'Supplement-40', '184.18', 4, '736.70'),
(2448, 'INV01514', 'Supplement-67', '158.56', 3, '475.68'),
(2449, 'INV01514', 'Supplement-179', '340.60', 1, '340.60'),
(2450, 'INV01515', 'Supplement-124', '305.70', 2, '611.40'),
(2451, 'INV01515', 'Supplement-121', '327.80', 3, '983.40'),
(2452, 'INV01516', 'Supplement-85', '284.22', 5, '1421.10'),
(2453, 'INV01516', 'Supplement-99', '235.90', 5, '1179.50'),
(2454, 'INV01516', 'Supplement-236', '126.54', 2, '253.08'),
(2455, 'INV01516', 'Supplement-236', '126.54', 2, '253.08');

-- --------------------------------------------------------

--
-- Table structure for table `supplements`
--

CREATE TABLE `supplements` (
  `supplement_id` varchar(50) NOT NULL,
  `description_id` int(11) UNSIGNED DEFAULT NULL,
  `cost_excl` decimal(13,2) NOT NULL,
  `cost_incl` decimal(13,2) NOT NULL,
  `perc_inc` decimal(13,2) NOT NULL,
  `cost_client` decimal(13,2) NOT NULL,
  `supplier_id` int(11) UNSIGNED DEFAULT NULL,
  `min_levels` int(11) NOT NULL,
  `stock_levels` int(11) NOT NULL,
  `nappi_code` varchar(255) NOT NULL
) ENGINE=InnoDB DEFAULT CHARSET=utf8mb4;

--
-- Truncate table before insert `supplements`
--

TRUNCATE TABLE `supplements`;
--
-- Dumping data for table `supplements`
--

INSERT INTO `supplements` (`supplement_id`, `description_id`, `cost_excl`, `cost_incl`, `perc_inc`, `cost_client`, `supplier_id`, `min_levels`, `stock_levels`, `nappi_code`) VALUES
('Supplement-1', 1, '313.00', '356.82', '30.00', '386.82', 1, 10, 28, ''),
('Supplement-10', 3, '195.86', '223.28', '60.00', '283.28', 3, 4, 2, ''),
('Supplement-100', 28, '127.92', '145.83', '0.00', '145.83', NULL, 4, 25, ''),
('Supplement-101', 6, '237.00', '270.18', '25.00', '295.18', 1, 6, 10, ''),
('Supplement-102', 12, '199.00', '226.86', '25.00', '251.86', 1, 1, 33, ''),
('Supplement-103', 29, '554.60', '632.24', '0.00', '632.24', 3, 1, 45, ''),
('Supplement-104', 2, '363.00', '413.82', '25.00', '438.82', 1, 2, 5, ''),
('Supplement-105', 1, '271.00', '308.94', '40.00', '348.94', 2, 2, 39, ''),
('Supplement-106', 10, '266.00', '303.24', '25.00', '328.24', 1, 3, 26, ''),
('Supplement-107', 10, '266.00', '303.24', '40.00', '343.24', 1, 9, 6, ''),
('Supplement-108', 1, '273.00', '311.22', '25.00', '336.22', 2, 6, 1, ''),
('Supplement-109', 2, '193.00', '220.02', '30.00', '250.02', NULL, 6, 3, ''),
('Supplement-11', NULL, '147.85', '168.55', '60.00', '228.55', 3, 7, 49, ''),
('Supplement-110', 30, '213.00', '242.82', '40.00', '282.82', 2, 7, 45, ''),
('Supplement-111', NULL, '123.00', '140.22', '0.00', '140.22', NULL, 3, 41, ''),
('Supplement-112', NULL, '2.00', '2.00', '16.00', '2.00', NULL, 1, 34, ''),
('Supplement-113', NULL, '117.00', '133.38', '0.00', '133.38', NULL, 2, 13, ''),
('Supplement-114', 31, '221.00', '251.94', '20.00', '271.94', 1, 8, 50, ''),
('Supplement-115', 2, '371.00', '422.94', '10.00', '432.94', 1, 10, 44, ''),
('Supplement-116', 6, '220.00', '250.80', '30.00', '280.80', 4, 4, 24, ''),
('Supplement-117', 1, '224.50', '255.93', '30.00', '285.93', NULL, 1, 1, ''),
('Supplement-118', 2, '167.00', '190.38', '40.00', '230.38', 2, 7, 6, ''),
('Supplement-119', 32, '178.44', '203.42', '60.00', '263.42', 3, 8, 50, ''),
('Supplement-12', NULL, '262.00', '298.68', '15.00', '313.68', NULL, 1, 13, ''),
('Supplement-120', 2, '192.91', '219.92', '50.00', '269.92', 3, 3, 9, ''),
('Supplement-121', 6, '270.00', '307.80', '20.00', '327.80', 1, 1, 42, ''),
('Supplement-122', NULL, '233.00', '265.62', '30.00', '295.62', 1, 5, 46, ''),
('Supplement-123', 33, '292.00', '332.88', '40.00', '372.88', 2, 1, 15, ''),
('Supplement-124', 2, '255.00', '290.70', '15.00', '305.70', 1, 8, 5, ''),
('Supplement-125', 1, '145.00', '165.30', '40.00', '205.30', 2, 10, 25, ''),
('Supplement-126', 2, '233.46', '266.14', '30.00', '296.14', 3, 5, 12, ''),
('Supplement-127', 1, '171.00', '194.94', '40.00', '234.94', 2, 9, 18, ''),
('Supplement-128', 13, '199.00', '226.86', '25.00', '251.86', 1, 1, 47, ''),
('Supplement-129', 2, '240.00', '273.60', '30.00', '303.60', 1, 5, 47, ''),
('Supplement-13', NULL, '136.00', '155.04', '15.00', '170.04', NULL, 8, 44, ''),
('Supplement-130', 10, '186.00', '212.04', '40.00', '252.04', 1, 4, 35, ''),
('Supplement-131', 10, '270.00', '307.80', '25.00', '332.80', 2, 3, 40, ''),
('Supplement-132', 1, '292.00', '332.88', '15.00', '347.88', 1, 7, 16, ''),
('Supplement-133', 2, '235.00', '267.90', '40.00', '307.90', 4, 8, 13, ''),
('Supplement-134', NULL, '194.00', '221.16', '40.00', '261.16', 4, 6, 15, ''),
('Supplement-135', 2, '170.00', '193.80', '30.00', '223.80', 1, 2, 10, ''),
('Supplement-136', 2, '207.00', '235.98', '40.00', '275.98', 1, 5, 17, ''),
('Supplement-137', 2, '189.00', '215.46', '20.00', '235.46', 1, 1, 17, ''),
('Supplement-138', 1, '271.00', '308.94', '20.00', '328.94', 1, 3, 26, ''),
('Supplement-139', 1, '127.00', '144.78', '40.00', '184.78', 1, 10, 32, ''),
('Supplement-14', 4, '278.13', '317.07', '25.00', '342.07', NULL, 6, 37, ''),
('Supplement-140', 27, '178.70', '203.72', '60.00', '263.72', 3, 7, 24, ''),
('Supplement-141', 10, '207.00', '235.98', '40.00', '275.98', 4, 3, 7, ''),
('Supplement-142', NULL, '148.00', '168.72', '10.00', '178.72', 1, 2, 18, ''),
('Supplement-143', 2, '166.00', '189.24', '40.00', '229.24', 2, 10, 5, ''),
('Supplement-144', 2, '170.00', '193.80', '40.00', '233.80', 2, 8, 11, ''),
('Supplement-145', 34, '222.00', '253.08', '25.00', '278.08', 1, 4, 40, ''),
('Supplement-146', 2, '220.00', '250.80', '40.00', '290.80', 2, 9, 21, ''),
('Supplement-147', 12, '219.58', '250.32', '50.00', '300.32', 3, 6, 42, ''),
('Supplement-148', 2, '188.60', '215.00', '60.00', '275.00', 3, 8, 32, ''),
('Supplement-149', 2, '218.00', '248.52', '40.00', '288.52', 2, 8, 48, ''),
('Supplement-15', NULL, '330.00', '376.20', '15.00', '391.20', NULL, 7, 37, ''),
('Supplement-150', 10, '325.00', '370.50', '40.00', '410.50', 2, 3, 49, ''),
('Supplement-151', 35, '228.29', '260.25', '20.00', '280.25', 1, 9, 4, ''),
('Supplement-152', 2, '229.00', '261.06', '40.00', '301.06', 2, 7, 45, ''),
('Supplement-153', 2, '196.00', '223.44', '40.00', '263.44', 2, 5, 3, ''),
('Supplement-154', 13, '304.00', '346.56', '10.00', '356.56', 1, 3, 19, ''),
('Supplement-155', 36, '148.00', '168.72', '20.00', '188.72', 1, 3, 7, ''),
('Supplement-156', 37, '179.00', '204.06', '25.00', '229.06', 1, 3, 31, ''),
('Supplement-157', 1, '239.00', '272.46', '30.00', '302.46', 2, 8, 28, ''),
('Supplement-158', 2, '166.50', '189.81', '40.00', '229.81', 2, 3, 10, ''),
('Supplement-159', 2, '223.00', '254.22', '40.00', '294.22', 2, 2, 48, ''),
('Supplement-16', NULL, '245.00', '279.30', '15.00', '294.30', NULL, 5, 25, ''),
('Supplement-160', 2, '258.00', '294.12', '40.00', '334.12', NULL, 2, 40, ''),
('Supplement-161', 2, '199.00', '226.86', '40.00', '266.86', 2, 8, 20, ''),
('Supplement-162', 38, '240.00', '273.60', '20.00', '293.60', NULL, 4, 32, ''),
('Supplement-163', 35, '155.00', '176.70', '40.00', '216.70', 2, 10, 43, ''),
('Supplement-164', 2, '254.00', '289.56', '40.00', '329.56', 2, 8, 24, ''),
('Supplement-165', NULL, '271.00', '308.94', '25.00', '333.94', 1, 9, 49, ''),
('Supplement-166', 2, '179.00', '204.06', '40.00', '244.06', 2, 6, 42, ''),
('Supplement-167', 2, '194.00', '221.16', '40.00', '261.16', 2, 1, 35, ''),
('Supplement-168', 2, '194.00', '221.16', '45.00', '266.16', NULL, 5, 29, ''),
('Supplement-169', 2, '222.00', '253.08', '25.00', '278.08', 1, 6, 33, ''),
('Supplement-17', 5, '230.33', '262.58', '25.00', '287.58', NULL, 8, 36, ''),
('Supplement-170', 39, '221.00', '251.94', '20.00', '271.94', 2, 3, 21, ''),
('Supplement-171', 2, '382.00', '435.48', '20.00', '455.48', 1, 5, 25, ''),
('Supplement-172', 2, '185.00', '210.90', '40.00', '250.90', 2, 6, 12, ''),
('Supplement-173', 13, '283.00', '322.62', '40.00', '362.62', 2, 5, 5, ''),
('Supplement-174', 6, '306.00', '348.84', '30.00', '378.84', 1, 4, 42, ''),
('Supplement-175', 6, '282.00', '321.48', '40.00', '361.48', 2, 8, 18, ''),
('Supplement-176', 2, '179.00', '204.06', '40.00', '244.06', 2, 1, 11, ''),
('Supplement-177', 2, '217.00', '247.38', '40.00', '287.38', 2, 2, 28, ''),
('Supplement-178', 40, '217.33', '247.76', '15.00', '262.76', 2, 7, 20, ''),
('Supplement-179', 2, '290.00', '330.60', '10.00', '340.60', 1, 8, 23, ''),
('Supplement-18', 6, '153.00', '174.42', '40.00', '214.42', 2, 3, 38, ''),
('Supplement-180', 2, '179.00', '204.06', '25.00', '229.06', 1, 6, 4, ''),
('Supplement-181', NULL, '211.00', '240.54', '25.00', '265.54', 1, 7, 27, ''),
('Supplement-182', 2, '239.00', '272.46', '40.00', '312.46', 2, 2, 6, ''),
('Supplement-183', 2, '266.00', '303.24', '15.00', '318.24', 1, 9, 29, ''),
('Supplement-184', 6, '317.00', '361.38', '30.00', '391.38', 1, 2, 19, ''),
('Supplement-185', 31, '184.00', '209.76', '20.00', '229.76', 1, 6, 20, ''),
('Supplement-186', 2, '229.00', '261.06', '40.00', '301.06', 2, 5, 4, ''),
('Supplement-187', 2, '168.00', '191.52', '40.00', '231.52', 2, 7, 42, ''),
('Supplement-188', 41, '169.00', '192.66', '0.00', '192.66', NULL, 10, 30, ''),
('Supplement-189', 6, '140.00', '159.60', '40.00', '199.60', 2, 4, 42, ''),
('Supplement-19', 7, '107.00', '121.98', '40.00', '161.98', 2, 4, 40, ''),
('Supplement-190', 31, '266.00', '303.24', '20.00', '323.24', 1, 1, 31, ''),
('Supplement-191', 22, '296.00', '337.44', '15.00', '352.44', 1, 1, 25, ''),
('Supplement-192', 6, '232.00', '264.48', '40.00', '304.48', 2, 7, 24, ''),
('Supplement-193', 42, '234.00', '266.76', '0.00', '266.76', NULL, 10, 2, ''),
('Supplement-194', 1, '241.00', '274.74', '15.00', '289.74', 1, 4, 15, ''),
('Supplement-195', NULL, '271.00', '308.94', '20.00', '328.94', 1, 10, 7, ''),
('Supplement-196', 43, '299.00', '340.86', '20.00', '360.86', 1, 8, 14, ''),
('Supplement-197', 44, '274.00', '312.36', '20.00', '332.36', 1, 2, 5, ''),
('Supplement-198', 35, '202.00', '230.28', '30.00', '260.28', 1, 4, 37, ''),
('Supplement-199', 44, '267.00', '304.38', '30.00', '334.38', 1, 1, 26, ''),
('Supplement-2', 2, '215.00', '245.10', '40.00', '285.10', 2, 1, 41, ''),
('Supplement-20', 2, '173.00', '197.22', '40.00', '237.22', 2, 4, 18, ''),
('Supplement-200', 45, '242.00', '275.88', '30.00', '305.88', 1, 5, 12, ''),
('Supplement-201', 35, '244.00', '278.16', '30.00', '308.16', 1, 4, 45, ''),
('Supplement-202', 46, '210.00', '239.40', '30.00', '269.40', 1, 10, 46, ''),
('Supplement-203', 35, '342.00', '389.88', '30.00', '419.88', 1, 6, 29, ''),
('Supplement-204', NULL, '305.00', '347.70', '25.00', '372.70', 1, 6, 25, ''),
('Supplement-205', NULL, '268.00', '305.52', '20.00', '325.52', 1, 7, 10, ''),
('Supplement-206', NULL, '291.00', '331.74', '25.00', '356.74', 1, 6, 15, ''),
('Supplement-207', 2, '552.20', '629.51', '0.00', '629.51', NULL, 4, 1, ''),
('Supplement-208', 2, '252.00', '287.28', '25.00', '312.28', 1, 9, 35, ''),
('Supplement-209', 2, '180.00', '205.20', '40.00', '245.20', 2, 5, 21, ''),
('Supplement-21', 8, '263.00', '299.82', '30.00', '329.82', 1, 6, 17, ''),
('Supplement-210', 23, '171.00', '194.94', '40.00', '234.94', 2, 1, 42, ''),
('Supplement-211', 2, '211.00', '240.54', '40.00', '280.54', 2, 10, 33, ''),
('Supplement-212', 1, '264.00', '300.96', '20.00', '320.96', 1, 9, 28, ''),
('Supplement-213', 2, '228.00', '259.92', '20.00', '279.92', 1, 9, 35, ''),
('Supplement-214', NULL, '231.00', '263.34', '0.00', '263.34', NULL, 3, 30, ''),
('Supplement-215', 2, '248.00', '282.72', '25.00', '307.72', 1, 10, 20, ''),
('Supplement-216', 1, '316.00', '360.24', '40.00', '400.24', 2, 6, 12, ''),
('Supplement-217', 1, '329.00', '375.06', '20.00', '395.06', 1, 8, 5, ''),
('Supplement-218', 13, '202.00', '230.28', '40.00', '270.28', 2, 8, 16, ''),
('Supplement-219', 13, '215.00', '245.10', '30.00', '275.10', 1, 9, 23, ''),
('Supplement-22', 2, '163.00', '185.82', '40.00', '225.82', 2, 6, 36, ''),
('Supplement-220', 35, '281.00', '320.34', '40.00', '360.34', 2, 7, 35, ''),
('Supplement-221', 2, '193.00', '220.02', '40.00', '260.02', 2, 4, 22, ''),
('Supplement-222', NULL, '309.00', '352.26', '10.00', '362.26', NULL, 8, 6, ''),
('Supplement-223', NULL, '315.00', '359.10', '20.00', '379.10', NULL, 9, 24, ''),
('Supplement-224', NULL, '272.00', '310.08', '35.00', '345.08', NULL, 4, 47, ''),
('Supplement-225', NULL, '186.50', '212.61', '40.00', '252.61', NULL, 5, 31, ''),
('Supplement-226', NULL, '132.00', '150.48', '0.00', '150.48', NULL, 9, 36, ''),
('Supplement-227', NULL, '292.00', '332.88', '20.00', '352.88', NULL, 10, 9, ''),
('Supplement-228', NULL, '197.16', '224.76', '20.00', '244.76', 3, 6, 28, ''),
('Supplement-229', NULL, '156.20', '178.07', '40.00', '218.07', 3, 4, 24, ''),
('Supplement-23', 9, '500.00', '570.00', '40.00', '610.00', 2, 9, 29, ''),
('Supplement-230', 13, '216.00', '246.24', '40.00', '286.24', 1, 7, 8, ''),
('Supplement-231', 2, '328.00', '373.92', '15.00', '388.92', 1, 7, 46, ''),
('Supplement-232', 2, '295.00', '336.30', '25.00', '361.30', 1, 2, 8, ''),
('Supplement-233', NULL, '237.71', '270.99', '25.00', '295.99', 1, 9, 15, ''),
('Supplement-234', 2, '270.00', '307.80', '20.00', '327.80', 1, 10, 48, ''),
('Supplement-235', 47, '192.89', '219.89', '50.00', '269.89', 3, 8, 37, ''),
('Supplement-236', 2, '205.00', '233.70', '0.00', '233.70', 1, 7, 32, ''),
('Supplement-237', NULL, '186.00', '212.04', '0.00', '212.04', 1, 5, 44, ''),
('Supplement-238', 2, '211.00', '240.54', '20.00', '260.54', 1, 3, 34, ''),
('Supplement-239', 6, '261.00', '297.54', '40.00', '337.54', 2, 9, 36, ''),
('Supplement-24', 6, '202.31', '230.63', '60.00', '290.63', 3, 1, 10, ''),
('Supplement-240', 2, '144.00', '164.16', '40.00', '204.16', 2, 3, 37, ''),
('Supplement-241', NULL, '238.00', '271.32', '10.00', '281.32', 1, 1, 46, ''),
('Supplement-242', NULL, '269.00', '306.66', '20.00', '326.66', 1, 4, 5, ''),
('Supplement-243', NULL, '154.00', '175.56', '20.00', '195.56', 1, 2, 19, ''),
('Supplement-244', 13, '281.00', '320.34', '40.00', '360.34', 2, 7, 49, ''),
('Supplement-245', 31, '288.80', '329.23', '0.00', '329.23', 5, 9, 40, ''),
('Supplement-25', 1, '275.00', '313.50', '40.00', '353.50', 2, 7, 35, ''),
('Supplement-26', 10, '248.00', '282.72', '25.00', '307.72', 1, 6, 17, ''),
('Supplement-27', NULL, '205.00', '233.70', '30.00', '263.70', 1, 3, 8, ''),
('Supplement-28', 2, '263.00', '299.82', '30.00', '329.82', 4, 8, 29, ''),
('Supplement-29', 2, '210.00', '239.40', '25.00', '264.40', 2, 9, 33, ''),
('Supplement-3', 2, '216.81', '247.16', '35.00', '282.16', 3, 1, 22, ''),
('Supplement-30', 11, '298.00', '339.72', '20.00', '359.72', 1, 7, 28, ''),
('Supplement-31', 2, '127.62', '145.49', '40.00', '185.49', 3, 3, 43, ''),
('Supplement-32', 2, '203.00', '231.42', '40.00', '271.42', 2, 5, 22, ''),
('Supplement-33', 2, '217.00', '247.38', '25.00', '272.38', 1, 1, 23, ''),
('Supplement-34', 2, '257.00', '292.98', '0.00', '292.98', 1, 6, 3, ''),
('Supplement-35', 2, '140.00', '159.60', '0.00', '159.60', 1, 10, 4, ''),
('Supplement-36', 12, '237.00', '270.18', '25.00', '295.18', 1, 6, 23, ''),
('Supplement-37', 2, '196.54', '224.06', '60.00', '284.06', 3, 8, 2, ''),
('Supplement-38', 10, '194.00', '221.16', '20.00', '241.16', 2, 6, 9, ''),
('Supplement-39', 13, '232.00', '264.48', '40.00', '304.48', 2, 1, 35, ''),
('Supplement-4', 2, '222.00', '253.08', '15.00', '268.08', 2, 10, 13, ''),
('Supplement-40', 1, '126.47', '144.18', '40.00', '184.18', 3, 10, 5, ''),
('Supplement-41', 1, '164.00', '186.96', '40.00', '226.96', 6, 6, 29, ''),
('Supplement-42', 2, '355.00', '404.70', '30.00', '434.70', 2, 10, 17, ''),
('Supplement-43', 2, '199.00', '226.86', '25.00', '251.86', 1, 5, 5, ''),
('Supplement-44', 2, '222.00', '253.08', '25.00', '278.08', 1, 5, 24, ''),
('Supplement-45', 1, '125.00', '142.50', '40.00', '182.50', 2, 9, 2, ''),
('Supplement-46', 2, '174.00', '198.36', '40.00', '238.36', 2, 10, 3, ''),
('Supplement-47', 1, '247.05', '281.64', '60.00', '341.64', 3, 5, 10, ''),
('Supplement-48', 2, '261.00', '297.54', '15.00', '312.54', 2, 2, 6, ''),
('Supplement-49', 6, '232.00', '264.48', '30.00', '294.48', 1, 10, 38, ''),
('Supplement-5', 2, '201.00', '229.14', '40.00', '269.14', 2, 8, 1, ''),
('Supplement-50', 14, '268.89', '306.53', '60.00', '366.53', 5, 4, 49, ''),
('Supplement-51', 15, '134.06', '152.83', '40.00', '192.83', 5, 1, 15, ''),
('Supplement-52', 16, '157.58', '179.64', '40.00', '219.64', 5, 5, 33, ''),
('Supplement-53', 17, '170.05', '193.86', '40.00', '233.86', 5, 7, 17, ''),
('Supplement-54', 18, '225.58', '257.16', '40.00', '297.16', 5, 10, 16, ''),
('Supplement-55', 19, '146.56', '167.08', '40.00', '207.08', 5, 3, 48, ''),
('Supplement-56', 20, '4.00', '4.00', '40.00', '4.00', 5, 10, 15, ''),
('Supplement-57', 21, '168.39', '191.96', '40.00', '231.96', 3, 4, 9, ''),
('Supplement-58', 2, '203.46', '231.94', '40.00', '271.94', 3, 3, 41, ''),
('Supplement-59', 22, '174.00', '198.36', '60.00', '258.36', 3, 4, 39, ''),
('Supplement-6', 2, '259.00', '295.26', '20.00', '315.26', 1, 5, 36, ''),
('Supplement-60', 13, '202.00', '230.28', '40.00', '270.28', 2, 10, 19, ''),
('Supplement-61', 2, '212.00', '241.68', '40.00', '281.68', NULL, 3, 11, ''),
('Supplement-62', 23, '342.94', '390.95', '10.00', '400.95', 5, 10, 34, ''),
('Supplement-63', 23, '143.00', '163.02', '40.00', '203.02', 2, 3, 26, ''),
('Supplement-64', 23, '141.00', '160.74', '40.00', '200.74', 2, 4, 6, ''),
('Supplement-65', 23, '160.00', '182.40', '40.00', '222.40', 2, 2, 8, ''),
('Supplement-66', 23, '142.00', '161.88', '40.00', '201.88', 2, 2, 1, ''),
('Supplement-67', 23, '104.00', '118.56', '40.00', '158.56', 2, 9, 39, ''),
('Supplement-68', 2, '211.00', '240.54', '40.00', '280.54', 2, 2, 18, ''),
('Supplement-69', 2, '162.00', '184.68', '40.00', '224.68', 2, 1, 48, ''),
('Supplement-7', 2, '221.00', '251.94', '35.00', '286.94', 3, 1, 34, ''),
('Supplement-70', 2, '184.00', '209.76', '40.00', '249.76', 2, 2, 26, ''),
('Supplement-71', 2, '310.00', '353.40', '15.00', '368.40', 1, 5, 3, ''),
('Supplement-72', 24, '224.00', '255.36', '25.00', '280.36', 1, 1, 17, ''),
('Supplement-73', 1, '235.77', '268.78', '40.00', '308.78', 3, 7, 36, ''),
('Supplement-74', 2, '234.00', '266.76', '25.00', '291.76', 1, 1, 15, ''),
('Supplement-75', 1, '197.00', '224.58', '40.00', '264.58', 2, 6, 22, ''),
('Supplement-76', 2, '275.00', '313.50', '40.00', '353.50', 2, 2, 8, ''),
('Supplement-77', 10, '220.00', '250.80', '15.00', '265.80', 1, 1, 49, ''),
('Supplement-78', 10, '223.00', '254.22', '40.00', '294.22', 2, 10, 49, ''),
('Supplement-79', 6, '172.00', '196.08', '40.00', '236.08', 2, 3, 39, ''),
('Supplement-8', 2, '171.00', '194.94', '40.00', '234.94', 2, 1, 27, ''),
('Supplement-80', 2, '258.00', '294.12', '40.00', '334.12', 2, 4, 36, ''),
('Supplement-81', 2, '287.00', '327.18', '40.00', '367.18', 2, 5, 43, ''),
('Supplement-82', 2, '169.00', '192.66', '40.00', '232.66', 2, 10, 7, ''),
('Supplement-83', 6, '259.00', '295.26', '20.00', '315.26', 1, 1, 40, ''),
('Supplement-84', 6, '142.00', '161.88', '40.00', '201.88', 2, 6, 6, ''),
('Supplement-85', NULL, '223.00', '254.22', '30.00', '284.22', 1, 6, 31, ''),
('Supplement-86', 2, '177.00', '201.78', '25.00', '226.78', 1, 1, 45, ''),
('Supplement-87', 6, '137.00', '156.18', '30.00', '186.18', 1, 5, 48, ''),
('Supplement-88', 25, '306.03', '348.87', '0.00', '348.87', NULL, 2, 17, ''),
('Supplement-89', 1, '274.00', '312.36', '40.00', '352.36', 3, 2, 19, ''),
('Supplement-9', 1, '326.00', '371.64', '15.00', '386.64', 1, 8, 33, ''),
('Supplement-90', 2, '159.00', '181.26', '40.00', '221.26', 2, 4, 19, ''),
('Supplement-91', NULL, '230.00', '262.20', '15.00', '277.20', 1, 6, 3, ''),
('Supplement-92', 23, '232.00', '264.48', '40.00', '304.48', 2, 4, 20, ''),
('Supplement-93', 22, '229.26', '261.36', '50.00', '311.36', 3, 5, 36, ''),
('Supplement-94', 2, '221.00', '251.94', '25.00', '276.94', 1, 6, 36, ''),
('Supplement-95', 2, '181.00', '206.34', '40.00', '246.34', 1, 8, 13, ''),
('Supplement-96', 26, '176.00', '200.64', '25.00', '225.64', 1, 10, 6, ''),
('Supplement-97', 27, '201.00', '229.14', '25.00', '254.14', 1, 4, 30, ''),
('Supplement-98', 1, '191.00', '217.74', '40.00', '257.74', 2, 7, 49, ''),
('Supplement-99', 2, '185.00', '210.90', '25.00', '235.90', 1, 7, 22, '');

-- --------------------------------------------------------

--
-- Table structure for table `supplement_descriptions`
--

CREATE TABLE `supplement_descriptions` (
  `description_id` int(11) UNSIGNED NOT NULL,
  `supplement_description` varchar(255) NOT NULL
) ENGINE=InnoDB DEFAULT CHARSET=utf8mb4;

--
-- Truncate table before insert `supplement_descriptions`
--

TRUNCATE TABLE `supplement_descriptions`;
--
-- Dumping data for table `supplement_descriptions`
--

INSERT INTO `supplement_descriptions` (`description_id`, `supplement_description`) VALUES
(1, '90'),
(2, '60'),
(3, '180g powder'),
(4, '113g'),
(5, '118ml'),
(6, '30'),
(7, '750ml'),
(8, '30 one month suupply'),
(9, '240'),
(10, '120'),
(11, '400g'),
(12, '60\'s'),
(13, '180'),
(14, '2.5 litre'),
(15, '200ml'),
(16, '500ml glass'),
(17, '120ml jar'),
(18, '110ml jar'),
(19, '22ml'),
(20, '200ml glass'),
(21, '250ml'),
(22, '200g'),
(23, 'powder'),
(24, '64g (10 servings)'),
(25, '1liter'),
(26, '300mg'),
(27, '90\'s'),
(28, '1 packet'),
(29, '1'),
(30, '240g'),
(31, 'one month supply'),
(32, '42'),
(33, 'Powder - 65 heaped spoons'),
(34, '500mg 90\'s'),
(35, '50ml'),
(36, '250g'),
(37, '100 X 1.5g sachets'),
(38, 'big bottle'),
(39, '450g'),
(40, '320ml'),
(41, 'Book and chart'),
(42, 'Book'),
(43, '30 Sachets'),
(44, '30ml'),
(45, '15ml'),
(46, '100ml'),
(47, '150g');

-- --------------------------------------------------------

--
-- Table structure for table `suppliers`
--

CREATE TABLE `suppliers` (
  `supplier_id` int(11) UNSIGNED NOT NULL,
  `supplier_name` varchar(255) NOT NULL,
  `bank_id` int(11) UNSIGNED DEFAULT NULL,
  `acc_type_id` int(11) UNSIGNED DEFAULT NULL,
  `supplier_branch_code` varchar(15) NOT NULL,
  `supplier_accnum` varchar(50) NOT NULL,
  `supplier_person` varchar(255) NOT NULL,
  `supplier_tel` varchar(20) NOT NULL,
  `supplier_tel_cell` varchar(20) NOT NULL,
  `supplier_fax` varchar(20) NOT NULL,
  `supplier_email` varchar(50) NOT NULL,
  `supplier_comments` text NOT NULL
) ENGINE=InnoDB DEFAULT CHARSET=utf8mb4;

--
-- Truncate table before insert `suppliers`
--

TRUNCATE TABLE `suppliers`;
--
-- Dumping data for table `suppliers`
--

INSERT INTO `suppliers` (`supplier_id`, `supplier_name`, `bank_id`, `acc_type_id`, `supplier_branch_code`, `supplier_accnum`, `supplier_person`, `supplier_tel`, `supplier_tel_cell`, `supplier_fax`, `supplier_email`, `supplier_comments`) VALUES
(1, 'SUPPLIER A', 1, 1, '11813', '01887092', 'John Adams', '(011)-(863)-(0056)', '', '(011)-(863)-(0051)', 'johnadams@suppliera.co.za', ''),
(2, 'SUPPLIER B', 1, 1, '23460', '420315985', 'Mary Nkosi', '(011)-(894)-(9004)', '', '', 'mary@webmail.com', ''),
(3, 'SUPPLIER C', 2, 1, '470010', '4063452826', 'Ben', '(012)-(456)-(2345)', '', '(012)-(456)-(2346)', '', ''),
(4, 'SUPPLIER D', NULL, NULL, '', '', 'Freddy Nell', '', '(081)-(345)-(1268)', '', '', ''),
(5, 'SUPPLIER E', 3, 1, '', '4063467827', 'Linda', '(011)-(543)-(1136)', '', '', 'suppliere@absamail.co.za', ''),
(6, 'SUPPLIER F', 3, 1, '', '4028764343', 'John or Gert', '(012)-(766)-(3333)', '', '(012)-(766)-(4102)', 'johnmalan@mweb.co.za', '');

--
-- Indexes for dumped tables
--

--
-- Indexes for table `account_types`
--
ALTER TABLE `account_types`
  ADD PRIMARY KEY (`acc_type_id`),
  ADD KEY `acc_type_id` (`acc_type_id`);

--
-- Indexes for table `banks`
--
ALTER TABLE `banks`
  ADD PRIMARY KEY (`bank_id`),
  ADD KEY `bank_id` (`bank_id`);

--
-- Indexes for table `clients`
--
ALTER TABLE `clients`
  ADD PRIMARY KEY (`client_id`),
  ADD KEY `client_id` (`client_id`),
  ADD KEY `ref_id` (`ref_id`);

--
-- Indexes for table `client_references`
--
ALTER TABLE `client_references`
  ADD PRIMARY KEY (`ref_id`),
  ADD KEY `ref_id` (`ref_id`);

--
-- Indexes for table `invoices`
--
ALTER TABLE `invoices`
  ADD PRIMARY KEY (`inv_num`),
  ADD KEY `inv_num` (`inv_num`),
  ADD KEY `client_id` (`client_id`);

--
-- Indexes for table `invoice_lines`
--
ALTER TABLE `invoice_lines`
  ADD PRIMARY KEY (`line_id`),
  ADD KEY `line_id` (`line_id`),
  ADD KEY `inv_num` (`inv_num`),
  ADD KEY `supplement_id` (`supplement_id`);

--
-- Indexes for table `supplements`
--
ALTER TABLE `supplements`
  ADD PRIMARY KEY (`supplement_id`),
  ADD KEY `supplement_id` (`supplement_id`),
  ADD KEY `description_id` (`description_id`),
  ADD KEY `supplier_id` (`supplier_id`);

--
-- Indexes for table `supplement_descriptions`
--
ALTER TABLE `supplement_descriptions`
  ADD PRIMARY KEY (`description_id`),
  ADD KEY `description_id` (`description_id`);

--
-- Indexes for table `suppliers`
--
ALTER TABLE `suppliers`
  ADD PRIMARY KEY (`supplier_id`),
  ADD KEY `bank_id` (`bank_id`),
  ADD KEY `acc_type_id` (`acc_type_id`),
  ADD KEY `supplier_id` (`supplier_id`);

--
-- AUTO_INCREMENT for dumped tables
--

--
-- AUTO_INCREMENT for table `account_types`
--
ALTER TABLE `account_types`
  MODIFY `acc_type_id` int(11) UNSIGNED NOT NULL AUTO_INCREMENT, AUTO_INCREMENT=2;

--
-- AUTO_INCREMENT for table `banks`
--
ALTER TABLE `banks`
  MODIFY `bank_id` int(11) UNSIGNED NOT NULL AUTO_INCREMENT, AUTO_INCREMENT=4;

--
-- AUTO_INCREMENT for table `client_references`
--
ALTER TABLE `client_references`
  MODIFY `ref_id` int(11) UNSIGNED NOT NULL AUTO_INCREMENT, AUTO_INCREMENT=6;

--
-- AUTO_INCREMENT for table `invoice_lines`
--
ALTER TABLE `invoice_lines`
  MODIFY `line_id` int(11) UNSIGNED NOT NULL AUTO_INCREMENT, AUTO_INCREMENT=2456;

--
-- AUTO_INCREMENT for table `supplement_descriptions`
--
ALTER TABLE `supplement_descriptions`
  MODIFY `description_id` int(11) UNSIGNED NOT NULL AUTO_INCREMENT, AUTO_INCREMENT=48;

--
-- AUTO_INCREMENT for table `suppliers`
--
ALTER TABLE `suppliers`
  MODIFY `supplier_id` int(11) UNSIGNED NOT NULL AUTO_INCREMENT, AUTO_INCREMENT=7;

--
-- Constraints for dumped tables
--

--
-- Constraints for table `clients`
--
ALTER TABLE `clients`
  ADD CONSTRAINT `ref_id_const` FOREIGN KEY (`ref_id`) REFERENCES `client_references` (`ref_id`) ON DELETE NO ACTION ON UPDATE NO ACTION;

--
-- Constraints for table `invoices`
--
ALTER TABLE `invoices`
  ADD CONSTRAINT `client_id_const` FOREIGN KEY (`client_id`) REFERENCES `clients` (`client_id`) ON DELETE NO ACTION ON UPDATE NO ACTION;

--
-- Constraints for table `invoice_lines`
--
ALTER TABLE `invoice_lines`
  ADD CONSTRAINT `inv_num_const` FOREIGN KEY (`inv_num`) REFERENCES `invoices` (`inv_num`) ON DELETE NO ACTION ON UPDATE NO ACTION,
  ADD CONSTRAINT `supplement_id_const` FOREIGN KEY (`supplement_id`) REFERENCES `supplements` (`supplement_id`) ON DELETE NO ACTION ON UPDATE NO ACTION;

--
-- Constraints for table `supplements`
--
ALTER TABLE `supplements`
  ADD CONSTRAINT `description_id_const` FOREIGN KEY (`description_id`) REFERENCES `supplement_descriptions` (`description_id`) ON DELETE NO ACTION ON UPDATE NO ACTION,
  ADD CONSTRAINT `supplier_id_const` FOREIGN KEY (`supplier_id`) REFERENCES `suppliers` (`supplier_id`) ON DELETE NO ACTION ON UPDATE NO ACTION;

--
-- Constraints for table `suppliers`
--
ALTER TABLE `suppliers`
  ADD CONSTRAINT `acc_type_const` FOREIGN KEY (`acc_type_id`) REFERENCES `account_types` (`acc_type_id`) ON DELETE NO ACTION ON UPDATE NO ACTION,
  ADD CONSTRAINT `bank_const` FOREIGN KEY (`bank_id`) REFERENCES `banks` (`bank_id`) ON DELETE NO ACTION ON UPDATE NO ACTION;
COMMIT;

/*!40101 SET CHARACTER_SET_CLIENT=@OLD_CHARACTER_SET_CLIENT */;
/*!40101 SET CHARACTER_SET_RESULTS=@OLD_CHARACTER_SET_RESULTS */;
/*!40101 SET COLLATION_CONNECTION=@OLD_COLLATION_CONNECTION */;
